LotFrontage,LotArea,OverallQual,MasVnrArea,ExterQual,ExterCond,BsmtQual,BsmtExposure,BsmtFinSF1,BsmtUnfSF,TotalBsmtSF,HeatingQC,CentralAir,1stFlrSF,2ndFlrSF,GrLivArea,BsmtFullBath,FullBath,HalfBath,BedroomAbvGr,KitchenAbvGr,KitchenQual,TotRmsAbvGrd,Functional,Fireplaces,GarageYrBlt,GarageFinish,GarageCars,GarageArea,GarageQual,GarageCond,PavedDrive,WoodDeckSF,OpenPorchSF,EnclosedPorch,ScreenPorch,SalePrice,FireplaceQu_num,TotalBathrooms,TotalPorchSF,TotalSF,NumFloors,Age,SinceRemodel,IsNew,MSZoning_RL,MSZoning_RM,LotShape_IR2,LotShape_Reg,LandContour_HLS,LotConfig_CulDSac,Neighborhood_BrDale,Neighborhood_BrkSide,Neighborhood_Edwards,Neighborhood_IDOTRR,Neighborhood_MeadowV,Neighborhood_NAmes,Neighborhood_NoRidge,Neighborhood_NridgHt,Neighborhood_OldTown,Neighborhood_Sawyer,Neighborhood_Somerst,Neighborhood_StoneBr,Neighborhood_Timber,Condition1_Feedr,Condition1_Norm,BldgType_2fmCon,BldgType_Duplex,BldgType_Twnhs,HouseStyle_2Story,RoofStyle_Gable,RoofStyle_Hip,RoofMatl_WdShngl,Exterior1st_CemntBd,Exterior1st_HdBoard,Exterior1st_MetalSd,Exterior1st_VinylSd,Exterior1st_Wd Sdng,Exterior2nd_Wd Sdng,MasVnrType_BrkFace,MasVnrType_NO,MasVnrType_Stone,Foundation_CBlock,Foundation_PConc,Foundation_Slab,Electrical_FuseF,Electrical_SBrkr,GarageType_Attchd,GarageType_BuiltIn,GarageType_Detchd,SaleType_New,SaleType_WD,SaleCondition_Normal
65.0,8450,7,196.0,2,4,2,4,706,150,856,0,1,856,854,1710,1,2,1,3,1,2,8,6,0,2003.0,2,2,548,5,5,2,0,61,0,0,208500,0,3.5,61,2566,2,5,5,0,True,False,False,True,False,False,False,False,False,False,False,False,False,False,False,False,False,False,False,False,True,False,False,False,True,True,False,False,False,False,False,True,False,False,True,False,False,False,True,False,False,True,True,False,False,False,True,True
80.0,9600,6,0.0,3,4,2,1,978,284,1262,0,1,1262,0,1262,0,2,0,3,1,3,6,6,1,1976.0,2,2,460,5,5,2,298,0,0,0,181500,3,2.5,0,2524,1,31,31,0,True,False,False,True,False,False,False,False,False,False,False,False,False,False,False,False,False,False,False,True,False,False,False,False,False,True,False,False,False,False,True,False,False,False,False,True,False,True,False,False,False,True,True,False,False,False,True,True
68.0,11250,7,162.0,2,4,2,2,486,434,920,0,1,920,866,1786,1,2,1,3,1,2,6,6,1,2001.0,2,2,608,5,5,2,0,42,0,0,223500,3,3.5,42,2706,2,7,6,0,True,False,False,False,False,False,False,False,False,False,False,False,False,False,False,False,False,False,False,False,True,False,False,False,True,True,False,False,False,False,False,True,False,False,True,False,False,False,True,False,False,True,True,False,False,False,True,True
60.0,9550,7,0.0,3,4,4,4,216,540,756,2,1,961,756,1717,1,1,0,3,1,2,7,6,1,1998.0,3,3,642,5,5,2,0,35,272,0,140000,4,2.0,307,2473,2,91,36,0,True,False,False,False,False,False,False,False,False,False,False,False,False,False,False,False,False,False,False,False,True,False,False,False,True,True,False,False,False,False,False,False,True,False,False,True,False,False,False,False,False,True,False,False,True,False,True,False
84.0,14260,8,350.0,2,4,2,0,655,490,1145,0,1,1145,1053,2198,1,2,1,4,1,2,9,6,1,2000.0,2,3,836,5,5,2,192,84,0,0,250000,3,3.5,84,3343,2,8,8,0,True,False,False,False,False,False,False,False,False,False,False,False,True,False,False,False,False,False,False,False,True,False,False,False,True,True,False,False,False,False,False,True,False,False,True,False,False,False,True,False,False,True,True,False,False,False,True,True
85.0,14115,5,0.0,3,4,2,4,732,64,796,0,1,796,566,1362,1,1,1,1,1,3,5,6,0,1993.0,3,2,480,5,5,2,40,30,0,0,143000,0,2.5,350,2158,2,16,14,0,True,False,False,False,False,False,False,False,False,False,False,False,False,False,False,False,False,False,False,False,True,False,False,False,False,True,False,False,False,False,False,True,False,False,False,True,False,False,False,False,False,True,True,False,False,False,True,True
75.0,10084,8,186.0,2,4,0,0,1369,317,1686,0,1,1694,0,1694,1,2,0,3,1,2,7,6,1,2004.0,2,2,636,5,5,2,255,57,0,0,307000,4,3.0,57,3380,1,3,2,0,True,False,False,True,False,False,False,False,False,False,False,False,False,False,False,False,True,False,False,False,True,False,False,False,False,True,False,False,False,False,False,True,False,False,False,False,True,False,True,False,False,True,True,False,False,False,True,True
70.61184543198927,10382,7,240.0,3,4,2,2,859,216,1107,0,1,1107,983,2090,1,2,1,3,1,3,7,6,2,1973.0,2,2,484,5,5,2,235,204,228,0,200000,3,3.5,432,3197,2,36,36,0,True,False,False,False,False,False,False,False,False,False,False,False,False,False,False,False,False,False,False,False,False,False,False,False,True,True,False,False,False,True,False,False,False,False,False,False,True,True,False,False,False,True,True,False,False,False,True,True
51.0,6120,7,0.0,3,4,4,4,0,952,952,2,1,1022,752,1774,0,2,0,2,2,3,8,2,2,1931.0,3,2,468,1,5,2,90,0,205,0,129900,3,2.0,205,2726,2,77,58,0,False,True,False,True,False,False,False,False,False,False,False,False,False,False,True,False,False,False,False,False,False,False,False,False,False,True,False,False,False,False,False,False,False,False,False,True,False,False,False,False,True,False,False,False,True,False,True,False
50.0,7420,5,0.0,3,4,4,4,851,140,991,0,1,1077,0,1077,1,1,0,2,2,3,5,6,2,1939.0,2,1,205,2,5,2,0,4,0,0,118000,3,2.0,4,2068,1,69,58,0,True,False,False,True,False,False,False,True,False,False,False,False,False,False,False,False,False,False,False,False,False,True,False,False,False,True,False,False,False,False,True,False,False,False,False,True,False,False,False,False,False,True,True,False,False,False,True,True
70.0,11200,5,0.0,3,4,4,4,906,134,1040,0,1,1040,0,1040,1,1,0,3,1,3,5,6,0,1965.0,3,1,384,5,5,2,0,0,0,0,129500,0,2.0,0,2080,1,43,43,0,True,False,False,True,False,False,False,False,False,False,False,False,False,False,False,True,False,False,False,False,True,False,False,False,False,False,True,False,False,True,False,False,False,False,False,True,False,True,False,False,False,True,False,False,True,False,True,True
85.0,11924,9,286.0,0,4,0,4,998,177,1175,0,1,1182,1142,2324,1,3,0,4,1,0,11,6,2,2005.0,0,3,736,5,5,2,147,21,0,0,345000,4,4.0,21,3499,2,1,0,0,True,False,False,False,False,False,False,False,False,False,False,False,False,True,False,False,False,False,False,False,True,False,False,False,True,False,True,False,False,False,False,False,False,False,False,False,True,False,True,False,False,True,False,True,False,True,False,False
73.98864108059874,12968,5,0.0,3,4,4,4,737,175,912,4,1,912,0,912,1,1,0,2,1,3,4,6,0,1962.0,3,1,352,5,5,2,140,0,0,176,144000,0,2.0,176,1824,1,46,46,0,True,False,True,False,False,False,False,False,False,False,False,False,False,False,False,True,False,False,False,False,True,False,False,False,False,False,True,False,False,True,False,False,False,False,False,True,False,True,False,False,False,True,False,False,True,False,True,True
91.0,10652,7,306.0,2,4,2,0,0,1494,1494,0,1,1494,0,1494,0,2,0,3,1,2,7,6,1,2006.0,2,3,840,5,5,2,160,33,0,0,279500,4,2.0,33,2988,1,1,0,0,True,False,False,False,False,False,False,False,False,False,False,False,False,False,False,False,False,False,False,False,True,False,False,False,False,True,False,False,False,False,False,True,False,False,False,False,True,False,True,False,False,True,True,False,False,True,False,False
71.31436517636355,10920,6,212.0,3,4,4,4,733,520,1253,4,1,1253,0,1253,1,1,1,2,1,3,5,6,1,1960.0,2,1,352,5,5,2,0,213,176,0,157000,2,2.5,389,2506,1,48,48,0,True,False,False,False,False,False,False,False,False,False,False,True,False,False,False,False,False,False,False,False,True,False,False,False,False,False,True,False,False,False,True,False,False,False,True,False,False,True,False,False,False,True,True,False,False,False,True,True
51.0,6120,7,0.0,3,4,4,4,0,832,832,0,1,854,0,854,0,1,0,2,1,3,5,6,0,1991.0,3,2,576,5,5,2,48,112,0,0,132000,0,1.0,112,1686,1,78,6,0,False,True,False,True,False,False,False,True,False,False,False,False,False,False,False,False,False,False,False,False,True,False,False,False,False,True,False,False,False,False,False,False,True,True,False,True,False,False,False,False,False,False,False,False,True,False,True,True
71.73352658518166,11241,6,180.0,3,4,4,4,578,426,1004,0,1,1004,0,1004,1,1,0,2,1,3,5,6,1,1970.0,0,2,480,5,5,2,0,0,0,0,149000,3,2.0,0,2008,1,40,40,0,True,False,False,False,False,True,False,False,False,False,False,True,False,False,False,False,False,False,False,False,True,False,False,False,False,True,False,False,False,False,False,False,True,True,True,False,False,True,False,False,False,True,True,False,False,False,True,True
72.0,10791,4,0.0,3,4,3,3,0,0,0,4,1,1296,0,1296,0,2,0,2,2,3,6,6,0,1967.0,3,2,516,5,5,2,0,0,0,0,90000,0,2.0,0,1296,1,39,39,0,True,False,False,True,False,False,False,False,False,False,False,False,False,False,False,True,False,False,False,False,True,False,True,False,False,True,False,False,False,False,True,False,False,False,False,True,False,False,False,True,False,True,False,False,False,False,True,True
66.0,13695,5,0.0,3,4,4,4,646,468,1114,0,1,1114,0,1114,1,1,1,3,1,2,6,6,0,2004.0,3,2,576,5,5,2,0,102,0,0,159000,0,2.5,102,2228,1,4,4,0,True,False,False,True,False,False,False,False,False,False,False,False,False,False,False,False,False,False,False,False,False,False,False,False,False,True,False,False,False,False,False,True,False,False,False,True,False,False,True,False,False,True,False,False,True,False,True,True
70.0,7560,5,0.0,3,4,4,4,504,525,1029,4,1,1339,0,1339,0,1,0,3,1,3,6,2,0,1958.0,3,1,294,5,5,2,0,0,0,0,139000,0,1.0,0,2368,1,51,44,0,True,False,False,True,False,False,False,False,False,False,False,True,False,False,False,False,False,False,False,False,True,False,False,False,False,False,True,False,False,False,False,False,False,False,False,True,False,True,False,False,False,True,True,False,False,False,False,False
101.0,14215,8,380.0,2,4,0,0,0,1158,1158,0,1,1158,1218,2376,0,3,1,4,1,2,9,6,1,2005.0,2,3,853,5,5,2,240,154,0,0,325300,4,3.5,154,3534,2,1,0,0,True,False,False,False,False,False,False,False,False,False,False,False,False,True,False,False,False,False,False,False,True,False,False,False,True,True,False,False,False,False,False,True,False,False,True,False,False,False,True,False,False,True,False,True,False,True,False,False
57.0,7449,7,0.0,3,4,4,4,0,637,637,0,1,1108,0,1108,0,1,0,3,1,2,6,6,1,1930.0,3,1,280,5,5,0,0,0,205,0,139400,4,1.0,205,1745,1,77,57,0,False,True,False,True,False,False,False,False,False,True,False,False,False,False,False,False,False,False,False,False,True,False,False,False,False,True,False,False,False,False,False,False,True,True,False,True,False,False,True,False,True,False,True,False,False,False,True,True
75.0,9742,8,281.0,2,4,2,4,0,1777,1777,0,1,1795,0,1795,0,2,0,3,1,2,7,6,1,2002.0,2,2,534,5,5,2,171,159,0,0,230000,4,2.0,159,3572,1,6,6,0,True,False,False,True,False,False,False,False,False,False,False,False,False,False,False,False,False,False,False,False,True,False,False,False,False,False,True,False,False,False,False,True,False,False,True,False,False,False,True,False,False,True,True,False,False,False,True,True
44.0,4224,5,0.0,3,4,2,4,840,200,1040,4,1,1060,0,1060,1,1,0,3,1,3,6,6,1,1976.0,3,2,572,5,5,2,100,110,0,0,129900,3,2.0,110,2100,1,31,31,0,False,True,False,True,False,False,False,False,False,False,True,False,False,False,False,False,False,False,False,False,True,False,False,False,False,True,False,False,True,False,False,False,False,False,False,True,False,False,True,False,False,True,True,False,False,False,True,True
67.82265923499396,8246,5,0.0,3,2,4,2,188,204,1060,0,1,1060,0,1060,1,1,0,3,1,2,6,6,1,1968.0,3,1,270,5,5,2,406,90,0,0,154000,3,2.0,90,2120,1,42,9,0,True,False,False,False,False,False,False,False,False,False,False,False,False,False,False,True,False,False,False,False,True,False,False,False,False,True,False,False,False,False,False,False,False,False,False,True,False,True,False,False,False,True,True,False,False,False,True,True
110.0,14230,8,640.0,2,4,2,4,0,1566,1566,0,1,1600,0,1600,0,2,0,3,1,2,7,6,1,2007.0,2,3,890,5,5,2,0,56,0,0,256300,4,2.0,56,3166,1,2,2,0,True,False,False,True,False,False,False,False,False,False,False,False,False,True,False,False,False,False,False,False,True,False,False,False,False,True,False,False,False,False,False,True,False,False,False,False,True,False,True,False,False,True,True,False,False,False,True,True
60.0,7200,5,0.0,3,4,4,2,234,180,900,4,1,900,0,900,0,1,0,3,1,2,5,6,0,2005.0,3,2,576,5,5,2,222,32,0,0,134800,0,1.5,32,1800,1,59,10,0,True,False,False,True,False,False,False,False,False,False,False,True,False,False,False,False,False,False,False,False,True,False,False,False,False,True,False,False,False,False,False,False,True,True,False,True,False,True,False,False,False,True,False,False,True,False,True,True
98.0,11478,8,200.0,2,4,0,4,1218,486,1704,0,1,1704,0,1704,1,2,0,3,1,2,7,6,1,2008.0,2,3,772,5,5,2,0,50,0,0,306000,4,3.0,50,3408,1,3,2,0,True,False,False,True,False,False,False,False,False,False,False,False,False,True,False,False,False,False,False,False,True,False,False,False,False,True,False,False,False,False,False,True,False,False,False,False,True,False,True,False,False,True,True,False,False,False,True,True
47.0,16321,5,0.0,3,4,4,1,1277,207,1484,4,1,1600,0,1600,1,1,0,2,1,3,6,6,2,1957.0,2,1,319,5,5,2,288,258,0,0,207500,4,2.0,258,3084,1,49,9,0,True,False,False,False,False,True,False,False,False,False,False,True,False,False,False,False,False,False,False,False,True,False,False,False,False,True,False,False,False,False,True,False,False,False,False,True,False,True,False,False,False,True,True,False,False,False,True,True
60.0,6324,4,0.0,3,4,4,4,0,520,520,1,0,520,0,520,0,1,0,1,1,1,4,6,0,1920.0,3,1,240,1,5,2,49,0,87,0,68500,0,1.0,87,1040,1,81,58,0,False,True,False,False,False,False,False,True,False,False,False,False,False,False,False,False,False,False,False,True,False,False,False,False,False,True,False,False,False,False,True,False,False,False,False,True,False,False,False,False,False,True,False,False,True,False,True,True
50.0,8500,4,0.0,3,1,4,4,0,649,649,4,0,649,668,1317,0,1,0,3,1,3,6,6,0,1920.0,3,1,250,5,1,0,0,54,172,0,40000,0,1.0,226,1966,2,88,58,0,False,False,False,True,False,False,False,False,False,True,False,False,False,False,False,False,False,False,False,True,False,False,False,False,True,False,False,False,False,False,False,False,False,False,False,True,False,False,False,False,False,True,False,False,True,False,True,True
68.21178727184069,8544,5,0.0,3,4,4,4,0,1228,1228,2,1,1228,0,1228,0,1,1,3,1,2,6,6,0,1966.0,3,1,271,5,5,2,0,65,0,0,149350,0,1.5,65,2456,1,42,2,0,True,False,False,False,False,True,False,False,False,False,False,False,False,False,False,True,False,False,False,False,True,False,False,False,False,True,False,False,False,True,False,False,False,False,False,True,False,True,False,False,False,True,True,False,False,False,True,True
85.0,11049,8,0.0,2,4,0,0,0,1234,1234,0,1,1234,0,1234,0,2,0,3,1,2,7,6,0,2007.0,2,2,484,5,5,2,0,30,0,0,179900,0,2.0,30,2468,1,1,1,0,True,False,False,True,False,False,False,False,False,False,False,False,False,False,False,False,False,False,False,False,True,False,False,False,False,True,False,False,False,False,False,True,False,False,False,True,False,False,True,False,False,True,True,False,False,False,True,True
70.0,10552,5,0.0,3,4,4,4,1018,380,1398,2,1,1700,0,1700,0,1,1,4,1,2,6,6,1,1959.0,2,2,447,5,5,2,0,38,0,0,165500,4,2.0,38,3098,1,51,51,0,True,False,False,False,False,False,False,False,False,False,False,True,False,False,False,False,False,False,False,False,True,False,False,False,False,False,True,False,False,False,False,False,False,False,False,True,False,True,False,False,False,True,True,False,False,False,True,True
60.0,7313,9,246.0,0,4,0,4,1153,408,1561,0,1,1561,0,1561,1,2,0,2,1,0,6,6,1,2005.0,0,2,556,5,5,2,203,47,0,0,277500,4,3.0,47,3122,1,2,2,0,True,False,False,True,False,False,False,False,False,False,False,False,False,True,False,False,False,False,False,False,True,False,False,False,False,False,True,False,False,False,True,False,False,False,True,False,False,False,True,False,False,True,True,False,False,False,True,True
108.0,13418,8,132.0,2,4,0,0,0,1117,1117,0,1,1132,1320,2452,0,3,1,4,1,2,9,6,1,2004.0,0,3,691,5,5,2,113,32,0,0,309000,4,3.5,32,3569,2,2,1,0,True,False,False,True,False,False,False,False,False,False,False,False,False,True,False,False,False,False,False,False,True,False,False,False,True,True,False,False,False,False,False,True,False,False,False,False,True,False,True,False,False,True,False,True,False,False,True,True
112.0,10859,5,0.0,3,4,2,4,0,1097,1097,0,1,1097,0,1097,0,1,1,3,1,3,6,6,0,1995.0,3,2,672,5,5,2,392,64,0,0,145000,0,1.5,64,2194,1,15,14,0,True,False,False,True,False,False,False,False,False,False,False,False,False,False,False,False,False,False,False,False,True,False,False,False,False,True,False,False,False,False,False,True,False,False,False,True,False,False,True,False,False,True,True,False,False,False,True,True
74.0,8532,5,650.0,3,4,4,4,1213,84,1297,2,1,1297,0,1297,0,1,0,3,1,3,5,6,1,1954.0,0,2,498,5,5,2,0,0,0,0,153000,3,1.5,0,2594,1,55,19,0,True,False,False,True,False,False,False,False,False,False,False,True,False,False,False,False,False,False,False,False,True,False,False,False,False,False,True,False,False,False,False,False,True,True,True,False,False,True,False,False,False,True,True,False,False,False,True,True
68.0,7922,5,0.0,3,2,4,4,731,326,1057,4,1,1057,0,1057,1,1,0,3,1,2,5,6,0,1953.0,3,1,246,5,5,2,0,52,0,0,109000,0,2.0,52,2114,1,57,3,0,True,False,False,True,False,False,False,False,False,False,False,True,False,False,False,False,False,False,False,False,True,False,False,False,False,True,False,False,False,False,False,True,False,False,False,True,False,True,False,False,False,True,False,False,True,False,True,False
65.0,6040,4,0.0,3,4,3,3,0,0,0,4,0,1152,0,1152,0,2,0,2,2,1,6,6,0,0.0,1,0,0,3,3,0,0,0,0,0,82000,0,2.0,0,1152,1,53,53,0,True,False,False,True,False,False,False,False,True,False,False,False,False,False,False,False,False,False,False,False,True,False,True,False,False,True,False,False,False,False,False,False,False,False,False,True,False,False,True,False,False,False,False,False,False,False,True,False
84.0,8658,6,101.0,3,4,4,4,643,445,1088,0,1,1324,0,1324,0,2,0,3,1,3,6,6,1,1965.0,2,2,440,5,5,2,0,138,0,0,160000,3,2.0,138,2412,1,41,41,0,True,False,False,True,False,False,False,False,False,False,False,True,False,False,False,False,False,False,False,False,True,False,False,False,False,True,False,False,False,False,False,False,True,True,True,False,False,True,False,False,False,True,True,False,False,False,True,False
115.0,16905,5,0.0,3,2,4,1,967,383,1350,2,1,1328,0,1328,0,1,1,2,1,3,5,6,2,1959.0,2,1,308,5,5,1,0,104,0,0,170000,4,2.0,104,2678,1,48,48,0,True,False,False,True,False,False,False,False,False,False,False,False,False,False,False,False,False,False,True,False,True,False,False,False,False,True,False,False,False,False,False,True,False,False,False,True,False,True,False,False,False,True,True,False,False,False,True,True
69.04227529678873,9180,5,0.0,3,4,2,0,747,0,840,2,1,884,0,884,1,1,0,2,1,2,5,6,0,1983.0,2,2,504,5,2,2,240,0,0,0,144000,0,2.0,0,1724,1,24,24,0,True,False,False,False,False,True,False,False,False,False,False,False,False,False,False,False,False,False,False,False,True,False,False,False,False,True,False,False,False,True,False,False,False,False,False,True,False,True,False,False,False,True,True,False,False,False,True,True
69.06839127241602,9200,5,0.0,3,4,2,0,280,167,938,4,1,938,0,938,1,1,0,3,1,3,5,6,0,1977.0,3,1,308,5,5,2,145,0,0,0,130250,0,2.0,0,1876,1,33,28,0,True,False,False,False,False,True,False,False,False,False,False,False,False,False,False,False,False,False,False,False,True,False,False,False,False,False,True,False,False,False,False,True,False,False,False,True,False,True,False,False,False,True,False,False,True,False,True,True
70.0,7945,5,0.0,3,4,4,4,179,465,1150,0,1,1150,0,1150,1,1,0,3,1,3,6,6,0,1959.0,2,1,300,5,5,2,0,0,0,0,141000,0,2.0,0,2300,1,47,47,0,True,False,False,True,False,False,False,False,False,False,False,True,False,False,False,False,False,False,False,False,True,False,False,False,False,True,False,False,False,False,False,False,False,True,False,True,False,True,False,False,False,False,True,False,False,False,True,True
61.0,7658,9,412.0,0,4,0,4,456,1296,1752,0,1,1752,0,1752,1,2,0,2,1,0,6,6,1,2005.0,2,2,576,5,5,2,196,82,0,0,319900,4,3.0,82,3504,1,5,5,0,True,False,False,True,False,False,False,False,False,False,False,False,False,True,False,False,False,False,False,False,True,False,False,False,False,False,True,False,False,False,True,False,False,False,True,False,False,False,True,False,False,True,True,False,False,False,True,True
48.0,12822,7,0.0,2,4,0,4,1351,83,1434,0,1,1518,631,2149,1,1,1,1,1,2,6,6,1,2003.0,2,2,670,5,5,2,168,43,0,198,239686,5,2.5,241,3583,2,6,6,0,True,False,False,False,False,True,False,False,False,False,False,False,False,False,False,False,False,False,False,False,True,False,False,False,False,True,False,False,False,False,False,True,False,False,False,True,False,False,True,False,False,True,True,False,False,False,True,False
84.0,11096,8,0.0,2,4,2,0,24,1632,1656,0,1,1656,0,1656,0,2,0,3,1,2,7,6,0,2006.0,2,3,826,5,5,2,0,146,0,0,249700,0,2.0,146,3312,1,1,1,0,False,False,False,True,False,False,False,False,False,False,False,False,False,False,False,False,True,False,False,False,True,False,False,False,False,True,False,False,False,False,False,True,False,False,False,True,False,False,True,False,False,True,True,False,False,False,True,True
33.0,4456,4,0.0,3,4,4,4,0,736,736,2,1,736,716,1452,0,2,0,2,3,3,8,6,0,0.0,1,0,0,3,3,0,0,0,102,0,113000,0,2.0,102,2188,2,89,1,0,False,True,False,True,False,False,False,False,False,False,False,False,False,False,True,False,False,False,False,False,True,True,False,False,True,True,False,False,False,False,True,False,False,False,False,True,False,False,False,False,False,True,False,False,False,True,False,False
66.0,7742,5,0.0,3,4,4,4,763,192,955,0,1,955,0,955,1,1,0,3,1,3,6,6,0,1966.0,3,1,386,5,5,2,0,0,0,0,127000,0,2.0,0,1910,1,41,41,0,True,False,False,True,False,False,False,False,False,False,False,False,False,False,False,True,False,False,False,False,True,False,False,False,False,True,False,False,False,True,False,False,False,False,False,True,False,True,False,False,False,True,True,False,False,False,True,True
75.16516578260845,13869,6,0.0,3,4,2,0,182,612,794,2,1,794,676,1470,0,2,0,3,1,3,6,6,0,1997.0,0,2,388,5,5,2,0,75,0,0,177000,0,2.5,75,2264,2,10,10,0,True,False,True,False,False,False,False,False,False,False,False,False,False,False,False,False,False,False,False,False,True,False,False,False,True,True,False,False,False,False,False,True,False,False,False,True,False,False,True,False,False,True,True,False,False,False,True,True
52.0,6240,6,0.0,3,4,4,4,0,816,816,4,1,816,0,1176,0,1,0,3,1,3,6,6,1,1985.0,3,2,528,5,5,2,112,0,0,0,114500,4,1.0,0,1632,1,72,56,0,False,True,False,True,False,False,False,True,False,False,False,False,False,False,False,False,False,False,False,False,True,False,False,False,False,True,False,False,False,False,False,False,True,True,False,True,False,False,True,False,False,True,False,False,True,False,True,True
110.0,8472,5,0.0,1,4,2,1,104,0,816,4,0,816,0,816,1,1,0,2,1,3,5,6,0,1963.0,3,2,516,5,5,2,106,0,0,0,110000,0,2.0,0,1632,1,47,47,0,False,True,True,False,False,False,False,False,False,True,False,False,False,False,False,False,False,False,False,False,False,False,True,False,False,True,False,False,False,False,False,False,True,True,False,True,False,True,False,False,False,True,False,False,False,False,True,True
68.0,50271,9,0.0,2,4,0,1,1810,32,1842,2,1,1842,0,1842,2,0,1,0,1,2,5,6,1,1981.0,0,3,894,5,5,2,857,72,0,0,385000,4,2.5,72,3684,1,25,19,0,True,False,False,False,False,False,False,False,False,False,False,False,False,False,False,False,False,False,False,False,True,False,False,False,False,True,False,True,False,False,False,False,False,False,False,True,False,True,False,False,False,True,True,False,False,False,True,True
60.0,7134,5,0.0,3,4,4,4,384,0,384,4,1,1360,0,1360,0,1,0,3,1,3,6,2,1,1962.0,3,2,572,5,5,2,0,50,0,0,130000,3,1.0,50,1744,1,52,52,0,True,False,False,True,False,False,False,False,False,False,False,True,False,False,False,False,False,False,False,False,True,False,False,False,False,True,False,False,False,False,True,False,False,False,False,True,False,True,False,False,False,True,False,False,True,False,True,True
100.0,10175,6,272.0,3,4,4,4,490,935,1425,2,1,1425,0,1425,0,2,0,3,1,3,7,6,1,1964.0,2,2,576,5,5,2,0,0,0,0,180500,4,2.0,407,2850,1,44,44,0,True,False,False,False,False,False,False,False,False,False,False,True,False,False,False,False,False,False,False,False,True,False,False,False,False,True,False,False,False,True,False,False,False,False,True,False,False,True,False,False,False,True,True,False,False,False,True,True
24.0,2645,8,456.0,2,4,2,4,649,321,970,0,1,983,756,1739,1,2,1,3,1,2,7,6,0,1999.0,0,2,480,5,5,2,115,0,0,0,172500,0,3.5,0,2709,2,10,9,0,False,False,False,True,False,False,False,False,False,False,False,False,False,False,False,False,True,False,False,False,True,False,False,True,True,True,False,False,False,False,True,False,False,False,True,False,False,False,True,False,False,True,True,False,False,False,True,False
89.0,11645,7,0.0,2,4,2,4,0,860,860,0,1,860,860,1720,0,2,1,3,1,2,7,6,0,2004.0,2,2,565,5,5,2,0,70,0,0,196500,0,2.5,70,2580,2,2,2,0,True,False,False,False,False,False,False,False,False,False,False,False,False,False,False,False,False,False,False,False,True,False,False,False,True,True,False,False,False,False,False,True,False,False,False,True,False,False,True,False,False,True,True,False,False,False,True,True
66.0,13682,10,1031.0,0,4,0,1,0,1410,1410,0,1,1426,1519,2945,0,3,1,3,1,2,10,6,1,2006.0,0,3,641,5,5,2,192,0,37,0,438780,4,3.5,37,4355,2,0,0,1,True,False,True,False,True,True,False,False,False,False,False,False,False,False,False,False,False,True,False,False,True,False,False,False,True,False,True,False,False,False,False,True,False,False,True,False,False,False,True,False,False,True,False,True,False,True,False,False
60.0,7200,5,0.0,3,4,4,0,632,148,780,0,1,780,0,780,0,1,0,2,1,3,4,6,0,1973.0,3,1,352,5,5,2,196,0,0,0,124900,0,1.0,0,1560,1,36,36,0,True,False,False,True,False,False,False,False,False,False,False,False,False,False,False,False,False,False,False,False,True,False,False,False,False,True,False,False,False,True,False,False,False,False,False,True,False,True,False,False,False,True,False,False,True,False,True,True
63.0,13072,6,0.0,3,4,2,4,941,217,1158,0,1,1158,0,1158,1,1,1,3,1,2,5,6,0,2006.0,3,2,576,5,5,2,0,50,0,0,158000,0,2.5,50,2316,1,2,2,0,True,False,False,True,False,False,False,False,False,False,False,False,False,False,False,False,False,False,False,False,False,False,False,False,False,True,False,False,False,False,False,True,False,False,False,True,False,False,True,False,False,True,False,False,True,True,False,False
60.0,7200,5,0.0,3,4,4,4,0,530,530,4,0,581,530,1111,0,1,0,3,1,1,6,6,0,1935.0,3,1,288,5,5,0,0,0,144,0,101000,0,1.0,144,1641,2,87,11,0,False,True,False,True,False,False,False,False,False,True,False,False,False,False,False,False,False,False,False,False,True,False,False,False,False,True,False,False,False,False,True,False,False,False,False,True,False,False,False,False,False,True,False,False,True,False,True,True
44.0,6442,8,178.0,2,4,2,2,24,1346,1370,0,1,1370,0,1370,0,2,0,2,1,2,6,6,1,2006.0,2,2,484,5,5,2,120,49,0,0,202500,4,2.0,49,2740,1,1,1,0,True,False,False,False,False,False,False,False,False,False,False,False,False,True,False,False,False,False,False,False,True,False,False,False,False,True,False,False,False,False,False,True,False,False,False,False,True,False,True,False,False,True,True,False,False,False,True,True
50.0,10300,7,0.0,3,4,4,4,0,576,576,2,1,902,808,1710,0,2,0,3,1,3,9,6,0,1990.0,3,2,480,5,5,2,12,11,64,0,140000,0,2.0,75,2286,2,89,60,0,False,True,False,False,False,False,False,False,False,False,False,False,False,False,True,False,False,False,False,False,False,False,False,False,True,True,False,False,False,False,False,False,False,False,False,True,False,False,False,False,False,True,False,False,True,False,True,True
69.29690605915488,9375,7,573.0,3,4,2,4,739,318,1057,0,1,1057,977,2034,1,2,1,3,1,2,8,6,0,1998.0,2,2,645,5,5,2,576,36,0,0,219500,0,3.5,36,3091,2,12,11,0,True,False,False,True,False,False,False,False,False,False,False,False,False,False,False,False,False,False,False,False,True,False,False,False,True,True,False,False,False,False,False,True,False,False,True,False,False,False,True,False,False,True,True,False,False,False,True,True
76.0,9591,8,344.0,2,4,0,0,0,1143,1143,0,1,1143,1330,2473,0,2,1,4,1,2,9,6,1,2004.0,2,3,852,5,5,2,192,151,0,0,317000,4,2.5,151,3616,2,3,2,0,True,False,False,True,False,False,False,False,False,False,False,False,False,True,False,False,False,False,False,False,True,False,False,False,True,True,False,False,False,False,False,True,False,False,True,False,False,False,True,False,False,True,False,True,False,False,True,True
83.0404382330198,19900,7,287.0,3,4,2,1,912,1035,1947,4,1,2207,0,2207,1,2,0,3,1,3,7,2,1,1970.0,2,2,576,5,5,2,301,0,0,0,180000,4,3.0,0,4154,1,40,21,0,True,False,False,True,False,False,False,False,False,False,False,True,False,False,False,False,False,False,False,False,False,False,False,False,False,True,False,False,False,False,False,False,False,False,True,False,False,True,False,False,False,True,True,False,False,False,True,True
72.0,10665,7,167.0,2,4,2,0,1013,440,1453,0,1,1479,0,1479,1,2,0,3,1,2,7,6,0,2003.0,2,2,558,5,5,2,144,29,0,0,226000,0,3.0,29,2932,1,4,4,0,True,False,False,False,False,False,False,False,False,False,False,False,False,False,False,False,False,False,False,False,True,False,False,False,False,True,False,False,False,False,False,True,False,False,True,False,False,False,True,False,False,True,True,False,False,False,True,True
47.0,4608,4,0.0,3,2,4,4,0,747,747,4,1,747,0,747,0,1,0,2,1,3,4,6,0,1945.0,3,1,220,5,5,2,0,0,0,0,80000,0,1.0,0,1494,1,65,60,0,False,True,False,True,False,False,False,False,False,False,False,False,False,False,True,False,False,False,False,False,False,False,False,False,False,True,False,False,False,False,True,False,False,False,False,True,False,True,False,False,False,True,True,False,False,False,True,True
81.0,15593,7,0.0,2,4,4,4,603,701,1304,4,1,1304,983,2287,0,2,0,3,1,3,7,6,1,1953.0,0,2,667,5,5,2,0,21,114,0,225000,3,2.0,135,3591,2,53,53,0,True,False,False,True,False,False,False,False,False,False,False,False,False,False,False,False,False,False,False,False,True,False,False,False,False,True,False,False,False,False,False,False,False,False,False,True,False,True,False,False,False,True,True,False,False,False,True,True
95.0,13651,7,1115.0,3,2,2,1,1880,343,2223,0,1,2223,0,2223,1,2,0,3,1,3,8,6,2,1973.0,0,2,516,5,5,2,300,0,0,0,244000,4,3.0,0,4446,1,34,34,0,True,False,False,False,False,False,False,False,False,False,False,True,False,False,False,False,False,False,False,False,True,False,False,False,False,True,False,False,False,False,False,False,False,False,True,False,False,True,False,False,False,True,True,False,False,False,True,True
69.0,7599,4,0.0,3,4,4,4,565,280,845,4,1,845,0,845,1,1,0,2,1,3,4,6,0,1987.0,3,2,360,5,5,2,0,0,0,0,129500,0,2.0,0,1690,1,25,1,0,True,False,False,True,False,False,False,False,False,False,False,False,False,False,False,False,False,False,False,False,True,False,False,False,False,True,False,False,False,True,False,False,False,False,False,True,False,True,False,False,False,True,False,False,True,False,True,True
74.0,10141,7,40.0,3,4,2,4,0,832,832,2,1,885,833,1718,0,2,1,3,1,3,7,6,1,1998.0,0,2,427,5,5,2,0,94,0,291,185000,3,2.5,385,2550,2,11,11,0,True,False,False,False,False,False,False,False,False,False,False,False,False,False,False,False,False,False,False,False,True,False,False,False,True,True,False,False,False,False,False,True,False,False,True,False,False,False,True,False,False,True,True,False,False,False,True,True
85.0,10200,5,104.0,3,4,4,4,320,404,1086,2,1,1086,0,1086,1,1,0,3,1,3,6,6,0,1989.0,3,2,490,5,5,2,0,0,0,0,144900,0,2.0,0,2172,1,56,7,0,True,False,False,True,False,False,False,False,False,False,False,True,False,False,False,False,False,False,False,False,True,False,False,False,False,True,False,False,False,False,False,False,True,True,True,False,False,True,False,False,False,True,True,False,False,False,True,True
60.0,5790,3,0.0,2,2,1,4,0,840,840,2,0,840,765,1605,0,2,0,3,2,3,8,6,0,1915.0,3,1,379,5,5,2,0,0,202,0,107400,0,2.0,202,2445,2,95,60,0,False,True,False,True,False,False,False,False,False,False,False,False,False,False,True,False,False,False,False,False,True,False,False,False,True,False,False,False,False,False,False,True,False,False,False,True,False,True,False,False,False,True,False,False,True,False,True,True
21.0,1596,4,0.0,3,4,2,1,462,0,462,4,1,526,462,988,1,1,0,2,1,3,5,6,0,1973.0,3,1,297,5,5,2,120,101,0,0,91000,0,2.0,101,1450,2,36,36,0,False,True,False,True,False,False,False,False,False,False,True,False,False,False,False,False,False,False,False,False,True,False,False,True,False,True,False,False,True,False,False,False,False,False,False,True,False,True,False,False,False,True,False,True,False,False,True,True
68.12168715592651,8475,4,0.0,3,4,4,4,228,724,952,0,1,952,0,952,0,1,0,2,1,3,4,6,0,1956.0,3,1,283,5,5,2,0,0,0,0,135750,0,1.0,0,1904,1,52,52,0,True,False,False,False,False,False,False,False,False,False,False,True,False,False,False,False,False,False,False,False,True,False,False,False,False,True,False,False,False,False,False,True,False,False,False,True,False,True,False,False,False,False,False,False,True,False,True,True
50.0,8635,5,0.0,3,4,4,4,336,295,672,4,1,1072,213,1285,1,1,0,2,1,3,6,2,0,1948.0,3,1,240,5,5,2,0,0,0,0,127000,0,2.0,0,1957,2,60,7,0,False,True,False,True,False,False,False,True,False,False,False,False,False,False,False,False,False,False,False,False,True,False,False,False,False,True,False,False,False,False,False,False,True,True,False,True,False,True,False,False,False,True,False,False,True,False,True,True
72.0,10778,4,0.0,3,4,4,4,0,1768,1768,4,0,1768,0,1768,0,2,0,4,2,3,8,6,0,0.0,1,0,0,3,3,2,0,0,0,0,136500,0,2.0,0,3536,1,42,42,0,True,False,False,True,False,False,False,False,False,False,False,False,False,False,False,True,False,False,False,False,True,False,True,False,False,False,True,False,False,True,False,False,False,False,False,True,False,True,False,False,False,True,False,False,False,False,True,True
60.0,10440,5,0.0,3,4,4,4,0,440,440,2,1,682,548,1230,0,1,1,2,1,3,5,6,0,1966.0,3,2,440,5,5,2,74,0,128,0,110000,0,1.5,128,1670,2,99,28,0,False,True,False,True,False,False,False,False,False,False,False,False,False,False,True,False,False,False,False,False,True,False,False,False,True,True,False,False,False,False,False,False,True,True,False,True,False,False,True,False,False,True,False,False,True,False,True,True
100.0,13000,6,576.0,3,2,2,4,448,448,896,4,1,1182,960,2142,0,2,1,4,1,2,8,6,1,1968.0,0,1,509,5,5,2,0,72,0,252,193500,4,2.5,324,3038,2,41,41,0,True,False,False,True,False,False,False,False,False,False,False,True,False,False,False,False,False,False,False,False,True,False,False,False,True,True,False,False,False,False,False,True,False,False,True,False,False,True,False,False,False,True,True,False,False,False,True,True
32.0,4500,6,443.0,3,2,0,4,1201,36,1237,0,1,1337,0,1337,1,2,0,2,1,3,5,6,0,1998.0,0,2,405,5,5,2,0,199,0,0,153500,0,3.0,199,2574,1,8,8,0,False,True,False,True,False,False,False,False,False,False,False,False,False,False,False,False,False,False,False,False,True,False,False,False,False,False,True,False,False,False,False,True,False,False,True,False,False,False,True,False,False,True,True,False,False,False,True,True
78.0,10206,8,468.0,3,4,2,4,33,1530,1563,0,1,1563,0,1563,0,2,0,3,1,2,6,6,1,2007.0,2,3,758,5,5,2,144,99,0,0,245000,4,2.0,99,3126,1,1,1,0,True,False,False,True,False,False,False,False,False,False,False,False,False,False,False,False,True,False,False,False,True,False,False,False,False,True,False,False,False,False,False,True,False,False,False,False,True,False,True,False,False,True,True,False,False,False,True,True
80.0,8892,5,66.0,3,4,4,4,0,1065,1065,2,1,1065,0,1065,0,1,1,3,1,3,6,6,0,1974.0,3,2,461,5,5,2,74,0,0,0,126500,0,1.5,0,2130,1,47,47,0,True,False,False,False,False,False,False,False,False,False,False,True,False,False,False,False,False,False,False,False,True,False,False,False,False,True,False,False,False,False,True,False,False,False,False,False,False,True,False,False,False,True,False,False,True,False,False,True
68.19350608890159,8530,7,22.0,3,4,2,4,0,384,384,2,1,804,670,1474,0,2,1,3,1,3,7,6,1,1995.0,0,2,400,5,5,2,120,72,0,0,168500,3,2.5,72,1858,2,14,13,0,True,False,False,False,False,False,False,False,False,False,False,False,False,False,False,False,False,False,False,False,True,False,False,False,False,True,False,False,False,True,False,False,False,False,True,False,False,False,True,False,False,True,False,True,False,False,True,True
121.0,16059,8,284.0,2,4,2,4,0,1288,1288,0,1,1301,1116,2417,0,2,1,4,1,2,9,6,1,1991.0,3,2,462,5,5,2,127,82,0,0,260000,3,2.5,82,3705,2,15,14,0,True,False,False,True,False,False,False,False,False,False,False,False,True,False,False,False,False,False,False,False,True,False,False,False,True,False,True,False,False,True,False,False,False,False,True,False,False,True,False,False,False,True,True,False,False,False,True,True
122.0,11911,6,0.0,2,4,2,0,0,684,684,0,1,684,876,1560,0,2,1,3,1,2,6,6,1,2005.0,0,2,400,5,5,2,100,38,0,0,174000,4,2.5,38,2244,2,4,4,0,True,False,True,False,False,False,False,False,False,False,False,False,False,False,False,False,False,False,False,False,True,False,False,False,True,True,False,False,False,False,False,True,False,False,False,True,False,False,True,False,False,True,False,True,False,False,True,True
40.0,3951,6,76.0,2,4,2,0,0,612,612,0,1,612,612,1224,0,2,1,2,1,2,4,6,0,2009.0,2,2,528,5,5,2,0,234,0,0,164500,0,2.5,234,1836,2,0,0,1,False,False,False,True,False,False,False,False,False,False,False,False,False,False,False,False,True,False,False,False,True,False,False,False,True,True,False,False,False,False,False,True,False,False,False,False,True,False,True,False,False,True,False,False,True,True,False,False
105.0,8470,3,0.0,1,1,4,4,0,1013,1013,4,0,1013,0,1526,0,1,0,2,1,1,6,6,0,0.0,1,0,0,3,3,0,0,0,156,0,85000,0,1.0,156,2026,1,94,27,0,False,False,False,False,False,False,False,False,False,True,False,False,False,False,False,False,False,False,False,True,False,False,False,False,False,False,True,False,False,False,False,False,False,False,False,True,False,True,False,False,False,True,False,False,False,False,False,False
60.0,8070,4,0.0,3,4,2,4,588,402,990,0,1,990,0,990,1,1,0,3,1,3,5,6,0,0.0,1,0,0,3,3,2,0,0,0,0,123600,0,2.0,0,1980,1,13,12,0,True,False,False,True,False,False,False,False,False,False,False,False,False,False,False,False,False,False,False,False,True,False,False,False,False,True,False,False,False,False,False,True,False,False,False,True,False,False,True,False,False,True,False,False,False,False,True,True
60.0,7200,4,0.0,3,4,3,3,0,0,0,4,1,1040,0,1040,0,1,0,2,1,3,4,6,0,1950.0,3,2,420,5,5,2,0,29,0,0,109900,0,1.0,29,1040,1,56,56,0,True,False,False,True,False,False,False,False,False,False,False,True,False,False,False,False,False,False,False,False,True,False,False,False,False,True,False,False,False,False,False,False,False,True,False,True,False,False,False,True,False,False,False,False,True,False,True,True
85.0,8500,5,203.0,3,4,4,4,600,635,1235,4,1,1235,0,1235,0,1,0,2,1,3,6,6,0,1961.0,3,2,480,5,5,2,0,0,0,0,98600,0,1.0,0,2470,1,45,45,0,True,False,False,True,False,False,False,False,False,False,False,True,False,False,False,False,False,False,False,False,True,False,False,False,False,False,True,False,False,True,False,False,False,False,False,False,False,True,False,False,False,True,True,False,False,False,True,False
80.0,13360,5,0.0,3,2,2,4,713,163,876,0,1,964,0,964,1,1,0,2,1,3,5,6,0,1921.0,3,2,432,5,5,2,0,0,44,0,163500,0,2.0,44,1840,1,88,3,0,True,False,False,False,True,False,False,False,False,False,False,False,False,False,False,False,False,False,False,False,True,False,False,False,False,True,False,False,False,False,False,False,True,True,False,True,False,False,False,False,False,True,False,False,True,False,True,True
60.0,7200,6,0.0,3,4,4,2,1046,168,1214,0,0,1260,1031,2291,0,2,0,4,2,3,9,6,1,1900.0,3,2,506,5,5,2,0,0,0,99,133900,4,2.5,99,3505,2,97,9,0,False,False,False,True,False,False,False,False,False,False,False,False,False,False,True,False,False,False,False,False,True,True,False,False,False,False,True,False,False,False,True,False,False,False,False,True,False,False,False,False,False,True,False,False,True,False,True,True
69.0,9337,6,0.0,3,2,2,4,648,176,824,0,1,905,881,1786,1,2,1,3,1,2,7,6,0,1997.0,2,2,684,5,5,2,0,162,0,0,204750,0,3.5,162,2610,2,10,10,0,True,False,False,False,False,False,False,False,False,False,False,False,False,False,False,False,False,False,False,False,True,False,False,False,True,True,False,False,False,False,False,True,False,False,False,True,False,False,True,False,False,True,True,False,False,False,True,True
69.80616758388716,9765,6,68.0,0,2,2,4,310,370,680,2,1,680,790,1470,0,2,1,3,1,3,6,6,1,1993.0,0,2,420,5,5,2,232,63,0,0,185000,3,2.5,63,2150,2,16,16,0,True,False,True,False,False,False,False,False,False,False,False,False,False,False,False,False,False,False,False,False,True,False,False,False,True,True,False,False,False,False,False,True,False,False,True,False,False,False,True,False,False,True,False,True,False,False,True,True
78.0,10264,7,183.0,2,4,2,0,1162,426,1588,0,1,1588,0,1588,0,2,0,3,1,2,6,6,0,1999.0,2,2,472,5,5,2,158,29,0,0,214000,0,2.0,29,3176,1,7,7,0,True,False,False,False,False,False,False,False,False,False,False,False,False,False,False,False,False,False,False,False,True,False,False,False,False,True,False,False,False,False,False,True,False,False,True,False,False,False,True,False,False,True,True,False,False,False,True,True
73.0,10921,4,48.0,3,4,4,4,520,440,960,4,1,960,0,960,1,1,0,3,1,3,6,6,0,1965.0,0,1,432,5,5,1,120,0,0,0,94750,0,2.0,0,1920,1,42,42,0,True,False,False,True,True,False,False,False,True,False,False,False,False,False,False,False,False,False,False,False,True,False,False,False,False,False,True,False,False,True,False,False,False,False,True,False,False,True,False,False,True,False,True,False,False,False,True,True
85.0,10625,5,0.0,3,4,4,4,108,350,458,1,0,835,0,835,0,1,0,2,1,3,5,6,0,1920.0,3,1,366,1,5,2,0,0,77,0,83000,0,1.0,77,1293,1,90,60,0,True,False,False,True,False,False,False,False,True,False,False,False,False,False,False,False,False,False,False,False,True,False,False,False,False,True,False,False,False,False,False,False,True,True,False,True,False,False,False,False,False,True,False,False,False,False,False,False
77.0,9320,4,0.0,3,4,4,4,569,381,950,1,1,1225,0,1225,1,1,1,3,1,3,6,6,0,0.0,1,0,0,3,3,2,352,0,0,0,128950,0,2.5,0,2175,1,51,51,0,True,False,False,False,False,False,False,False,False,False,False,True,False,False,False,False,False,False,False,False,True,False,False,False,False,True,False,False,False,False,False,False,False,False,False,True,False,True,False,False,False,True,False,False,False,False,True,True
70.90042696267089,10603,6,28.0,3,4,4,2,1200,410,1610,2,1,1610,0,1610,1,2,0,3,1,2,6,6,2,1977.0,2,2,480,5,5,2,168,68,0,0,205000,3,3.0,68,3220,1,33,9,0,True,False,False,False,False,False,False,False,False,False,False,False,False,False,False,False,False,False,False,False,True,False,False,False,False,True,False,False,False,False,False,False,False,False,True,False,False,False,True,False,False,True,True,False,False,False,True,True
77.0,9206,6,336.0,2,4,2,4,0,741,741,4,1,977,755,1732,0,2,1,3,1,2,7,6,1,1985.0,0,2,476,5,5,2,192,46,0,0,178000,3,2.5,46,2473,2,25,25,0,True,False,False,True,False,False,False,False,False,False,False,False,False,False,False,False,False,False,False,False,True,False,False,False,True,True,False,False,False,True,False,False,False,False,True,False,False,True,False,False,False,True,True,False,False,False,True,True
64.0,7018,5,0.0,3,1,3,3,0,0,0,4,1,1535,0,1535,0,2,0,4,2,3,8,6,0,1979.0,3,2,410,5,5,2,0,0,0,0,118964,0,2.0,0,1535,1,30,30,0,True,False,False,True,False,False,False,False,False,False,False,False,False,False,False,False,False,False,False,False,True,False,True,False,False,True,False,False,False,True,False,False,False,False,False,True,False,False,False,True,False,True,True,False,False,False,True,False
94.0,10402,7,0.0,3,4,2,4,0,1226,1226,0,1,1226,0,1226,0,2,0,3,1,2,6,6,0,2009.0,2,3,740,5,5,2,0,36,0,0,198900,0,2.0,36,2452,1,1,1,0,True,False,False,False,False,False,False,False,False,False,False,False,False,False,False,False,False,False,False,False,True,False,False,False,False,True,False,False,False,False,False,True,False,False,False,True,False,False,True,False,False,True,True,False,False,False,True,True
67.18542942968793,7758,7,600.0,3,1,4,4,224,816,1040,0,1,1226,592,1818,0,1,1,4,1,3,7,6,2,1951.0,3,1,240,5,5,2,0,0,0,184,169500,3,1.5,184,2858,2,76,57,0,False,True,False,True,False,False,False,False,False,True,False,False,False,False,False,False,False,False,False,False,True,False,False,False,False,True,False,False,False,False,False,False,False,False,True,False,False,False,True,False,True,False,False,False,True,False,True,True
75.0,9375,8,768.0,2,4,0,4,0,1053,1053,0,1,1053,939,1992,0,2,1,3,1,2,9,6,1,2003.0,2,2,648,5,5,2,140,45,0,0,250000,4,2.5,45,3045,2,5,4,0,False,False,False,True,False,False,False,False,False,False,False,False,False,False,False,False,True,False,False,False,True,False,False,False,True,False,True,False,False,False,False,True,False,False,True,False,False,False,True,False,False,True,True,False,False,False,True,True
60.0,10800,4,0.0,3,4,1,4,0,641,641,2,1,1047,0,1047,0,1,0,2,1,3,6,6,0,1954.0,3,1,273,1,1,0,0,0,0,0,100000,0,1.0,0,1688,1,122,12,0,False,True,False,True,False,False,False,False,False,False,False,False,False,False,True,False,False,False,False,False,True,False,False,False,False,False,False,False,False,False,False,True,False,False,False,True,False,False,False,False,False,True,False,False,True,False,True,True
50.0,6000,5,0.0,3,4,4,4,104,516,789,0,1,789,0,789,0,1,0,2,1,3,5,6,0,1948.0,3,1,250,5,5,2,0,0,0,0,115000,0,1.0,0,1578,1,60,58,0,False,True,False,True,False,False,False,False,False,False,False,False,False,False,True,False,False,False,False,False,True,False,False,False,False,True,False,False,False,False,False,True,False,False,False,True,False,True,False,False,False,True,False,False,True,False,True,False
85.0,8500,5,0.0,3,4,4,4,0,793,793,4,0,997,520,1517,0,2,0,3,1,1,7,6,0,0.0,1,0,0,3,3,0,0,0,144,0,115000,0,2.0,144,2310,2,88,2,0,False,True,False,True,False,False,False,False,False,True,False,False,False,False,False,False,False,False,False,False,False,False,False,False,False,True,False,False,True,False,False,False,False,False,False,True,False,True,False,False,True,False,False,False,False,False,True,True
105.0,11751,6,480.0,3,4,2,4,705,1139,1844,0,1,1844,0,1844,0,2,0,3,1,3,7,6,1,1977.0,2,2,546,5,5,2,0,122,0,0,190000,3,2.0,122,3688,1,33,33,0,True,False,False,False,False,False,False,False,False,False,False,False,False,False,False,False,False,False,False,False,True,False,False,False,False,False,True,False,False,False,False,False,False,False,True,False,False,True,False,False,False,True,True,False,False,False,False,True
75.0,9525,6,0.0,3,4,4,4,444,550,994,2,1,1216,639,1855,0,2,0,4,1,3,7,6,0,1954.0,3,1,325,5,5,2,182,0,0,0,136900,0,2.0,0,2849,2,52,34,0,True,False,False,True,False,False,False,False,True,False,False,False,False,False,False,False,False,False,False,False,True,False,False,False,False,True,False,False,False,False,False,False,True,True,False,True,False,True,False,False,False,True,True,False,False,False,True,True
67.17498303943701,7750,7,0.0,3,4,2,4,250,134,384,0,1,774,656,1430,0,2,1,3,1,3,7,6,1,2000.0,0,2,400,5,5,2,180,0,0,0,180000,3,2.5,0,1814,2,10,10,0,True,False,False,False,False,False,False,False,False,False,False,False,False,False,False,False,False,False,False,False,True,False,False,False,False,True,False,False,False,False,False,True,False,False,False,True,False,False,True,False,False,True,False,True,False,False,True,True
77.0,9965,7,220.0,2,4,0,0,984,280,1264,0,1,1282,1414,2696,1,2,1,4,1,0,10,6,1,2007.0,0,3,792,5,5,2,120,184,0,168,383970,4,3.5,352,3960,2,0,0,1,True,False,False,True,False,False,False,False,False,False,False,False,False,False,False,False,False,False,False,False,True,False,False,False,True,True,False,False,False,False,False,True,False,False,False,False,True,False,True,False,False,True,False,True,False,True,False,False
84.47681689252113,21000,6,184.0,3,2,2,2,35,905,1809,4,1,2259,0,2259,1,2,0,3,1,2,7,6,2,1953.0,3,2,450,5,5,2,166,120,192,0,217000,4,3.0,312,4068,1,54,54,0,True,False,False,True,False,False,False,False,False,False,False,False,False,False,False,False,False,False,False,False,True,False,False,False,False,False,True,False,False,False,False,False,True,True,True,False,False,True,False,False,False,True,False,False,False,False,False,False
61.0,7259,6,0.0,3,4,4,4,774,104,1028,0,1,1436,884,2320,1,2,1,3,1,2,9,6,1,1945.0,3,1,180,5,5,2,224,0,0,0,259500,3,3.5,0,3348,2,62,5,0,True,False,False,False,False,False,False,False,False,False,False,False,False,False,False,False,False,False,False,False,True,False,False,False,True,False,False,False,False,False,False,False,True,True,False,True,False,True,False,False,False,True,False,False,True,False,True,True
34.0,3230,6,1129.0,3,4,2,4,419,310,729,2,1,729,729,1458,0,2,1,2,1,3,5,6,1,1999.0,3,2,440,5,5,2,0,32,0,0,176000,2,2.5,32,2187,2,8,8,0,False,False,False,True,False,False,False,False,False,False,False,False,False,False,False,False,True,False,False,False,True,False,False,False,True,True,False,False,False,False,True,False,False,False,True,False,False,False,True,False,False,True,False,False,True,False,True,True
72.22320112819348,11616,5,116.0,3,4,4,4,170,252,1092,4,1,1092,0,1092,0,1,0,3,1,3,6,6,1,1962.0,3,1,288,5,5,2,0,20,144,0,139000,1,1.5,164,2184,1,47,47,0,True,False,False,True,False,False,False,False,False,False,False,False,False,False,False,True,False,False,False,False,True,False,False,False,False,True,False,False,False,False,False,False,True,True,True,False,False,True,False,False,False,True,True,False,False,False,True,True
74.0,8536,5,0.0,3,4,2,4,0,1125,1125,2,1,1125,0,1125,0,1,1,2,1,3,5,6,0,2007.0,3,2,430,5,5,2,80,64,0,0,155000,0,1.5,64,2250,1,1,0,0,True,False,False,True,False,False,False,False,True,False,False,False,False,False,False,False,False,False,False,False,True,False,False,False,False,True,False,False,False,False,False,True,False,False,False,True,False,False,True,False,False,True,True,False,False,True,False,False
90.0,12376,7,0.0,3,4,2,2,1470,203,1673,2,1,1699,1523,3222,1,3,0,5,1,2,11,6,2,1990.0,3,3,594,5,5,2,367,0,0,0,320000,3,4.0,0,4895,2,20,20,0,True,False,False,True,False,False,False,False,False,False,False,False,False,False,False,False,False,False,False,False,True,False,False,False,True,False,True,False,False,False,False,False,False,False,False,True,False,False,True,False,False,True,True,False,False,False,True,True
65.0,8461,6,0.0,2,4,2,4,0,728,728,0,1,728,728,1456,0,2,1,3,1,2,8,6,1,2005.0,0,2,390,5,5,2,0,24,0,0,163990,4,2.5,24,2184,2,1,0,0,True,False,False,True,False,False,False,False,False,False,False,False,False,False,False,False,False,False,False,False,True,False,False,False,True,True,False,False,False,False,False,True,False,False,False,True,False,False,True,False,False,True,True,False,False,True,False,False
85.0683437404794,21453,6,0.0,3,4,4,1,938,0,938,0,1,988,0,988,1,1,0,1,1,3,4,6,2,1969.0,3,2,540,5,5,2,0,130,0,0,180000,3,2.0,260,1926,1,37,37,0,True,False,False,False,False,True,False,False,False,False,False,False,False,False,False,False,False,False,False,False,True,False,False,False,False,False,False,False,False,False,False,False,False,False,False,True,False,True,False,False,False,True,True,False,False,False,True,True
50.0,6060,4,0.0,3,4,4,4,0,732,732,2,1,772,351,1123,0,1,0,3,1,3,4,6,0,1979.0,3,1,264,5,5,1,0,0,140,0,100000,0,1.0,140,1855,2,68,57,0,False,True,False,True,False,False,False,False,False,True,False,False,False,False,False,False,False,False,False,False,True,False,False,False,False,True,False,False,False,False,False,False,False,False,False,True,False,False,True,False,False,True,False,False,True,False,True,True
75.0,9464,6,135.0,3,2,4,4,570,510,1080,2,1,1080,0,1080,0,1,0,3,1,3,5,6,0,1958.0,3,1,288,5,5,2,0,0,0,130,136000,0,1.0,130,2160,1,50,50,0,True,False,False,True,False,False,False,False,False,False,False,True,False,False,False,False,False,False,False,False,True,False,False,False,False,False,True,False,False,False,True,False,False,False,True,False,False,True,False,False,False,True,True,False,False,False,True,True
55.0,7892,6,0.0,2,4,2,4,300,899,1199,0,1,1199,0,1199,0,2,0,2,1,2,5,6,0,1993.0,2,2,530,5,5,2,0,63,0,0,153900,0,2.0,63,2398,1,15,15,0,True,False,False,True,False,False,False,False,False,False,False,False,False,False,False,False,False,False,False,False,True,False,False,False,False,True,False,False,False,False,False,False,False,False,False,True,False,False,True,False,False,True,True,False,False,False,True,True
48.0,17043,6,0.0,3,2,2,4,0,1362,1362,4,1,1586,0,1586,0,2,0,3,1,3,7,6,1,1979.0,3,2,435,5,5,2,192,0,0,0,181000,3,2.0,0,2948,1,30,11,0,True,False,False,False,False,True,False,False,False,False,False,False,False,False,False,False,False,False,False,False,True,False,False,False,False,True,False,False,False,True,False,False,False,False,False,True,False,True,False,False,False,True,True,False,False,False,True,True
60.0,6780,6,0.0,3,1,4,0,490,30,520,2,0,520,0,754,1,1,0,2,1,3,5,6,0,0.0,1,0,0,3,3,0,53,0,0,0,84500,0,2.0,0,1040,1,71,24,0,False,True,False,True,False,False,False,False,False,True,False,False,False,False,False,False,False,False,False,False,True,True,False,False,False,True,False,False,False,False,False,False,True,True,False,True,False,True,False,False,False,True,False,False,False,False,True,True
63.49001887842543,4928,6,0.0,3,4,2,4,120,958,1078,4,1,958,0,958,0,2,0,2,1,3,5,6,1,1977.0,2,2,440,5,5,2,0,205,0,0,128000,3,2.0,205,2036,1,31,31,0,True,False,False,False,False,False,False,False,False,False,False,False,False,False,False,False,False,False,False,False,True,False,False,False,False,True,False,False,False,False,False,False,False,False,False,True,False,True,False,False,False,True,True,False,False,False,True,True
55.0,4388,5,0.0,3,2,4,4,116,556,672,0,1,840,0,840,0,1,0,3,1,3,5,6,1,0.0,1,0,0,3,3,0,0,0,0,0,87000,3,1.0,0,1512,1,77,57,0,False,True,False,False,False,False,False,False,False,False,False,False,False,False,True,False,False,False,False,True,False,False,False,False,False,True,False,False,False,False,False,False,False,True,False,True,False,False,False,False,False,True,False,False,False,False,True,True
69.0,7590,6,266.0,3,4,4,4,512,148,660,4,1,660,688,1348,0,1,1,3,1,3,6,6,1,1966.0,2,2,453,5,5,2,188,108,0,0,155000,2,1.5,108,2008,2,40,40,0,True,False,False,True,False,False,False,False,False,False,False,True,False,False,False,False,False,False,False,False,False,False,False,False,True,True,False,False,False,False,False,True,False,False,True,False,False,True,False,False,False,True,True,False,False,False,True,True
69.0,8973,5,85.0,3,4,4,4,567,413,1008,4,1,1053,0,1053,0,1,1,3,1,0,6,6,0,1998.0,2,2,750,5,5,2,0,80,0,0,150000,0,2.0,260,2061,1,48,15,0,True,False,False,True,False,False,False,False,False,False,False,True,False,False,False,False,False,False,False,False,True,False,False,False,False,True,False,False,False,False,False,False,False,False,True,False,False,True,False,False,False,False,False,False,False,False,True,False
88.0,14200,7,309.0,3,4,4,4,445,479,924,0,1,1216,941,2157,0,2,1,4,1,2,8,6,2,1966.0,0,2,487,5,5,2,105,66,0,0,226000,4,2.5,66,3081,2,40,40,0,True,False,False,True,False,False,False,False,False,False,False,True,False,False,False,False,False,False,False,False,True,False,False,False,True,True,False,False,False,False,True,False,False,False,True,False,False,True,False,False,False,True,True,False,False,False,True,True
73.0171267872633,12224,6,40.0,2,4,2,4,695,297,992,0,1,1022,1032,2054,1,2,1,3,1,2,7,6,1,2000.0,2,2,390,5,5,2,24,48,0,0,244000,3,3.5,48,3046,2,9,9,0,True,False,False,False,False,False,False,False,False,False,False,False,False,False,False,False,False,False,False,False,True,False,False,False,True,True,False,False,False,False,False,True,False,False,True,False,False,False,True,False,False,True,False,True,False,False,True,True
75.0,7388,5,0.0,3,4,4,4,405,658,1063,2,1,1327,0,1327,1,1,0,3,1,2,7,6,0,1974.0,3,2,624,5,5,2,0,0,0,0,150750,0,2.0,0,2390,1,48,5,0,True,False,False,True,False,False,False,False,False,False,False,True,False,False,False,False,False,False,False,False,True,False,False,False,False,True,False,False,False,False,True,False,False,False,False,True,False,True,False,False,False,True,False,False,True,False,True,True
66.00368153255275,6853,8,136.0,2,4,0,4,1005,262,1267,0,1,1296,0,1296,1,2,0,2,1,2,6,6,0,2001.0,0,2,471,5,5,2,192,25,0,0,220000,0,3.0,25,2563,1,8,7,0,True,False,False,False,False,False,False,False,False,False,False,False,False,False,False,False,False,False,True,False,True,False,False,False,False,True,False,False,False,False,False,True,False,False,True,False,False,False,True,False,False,True,True,False,False,False,True,True
78.0,10335,5,0.0,3,4,4,4,570,891,1461,2,1,1721,0,1721,0,2,1,3,1,3,7,2,1,1968.0,2,2,440,5,5,2,0,96,180,0,180000,3,2.5,276,3182,1,38,13,0,True,False,False,False,False,False,False,False,False,False,False,False,False,False,False,True,False,False,False,False,True,False,False,False,False,True,False,False,False,False,False,False,False,False,False,True,False,True,False,False,False,True,True,False,False,False,True,True
80.0,10400,7,288.0,3,4,4,4,0,1304,1304,2,1,1682,0,1682,0,2,0,3,1,3,7,6,1,1970.0,3,2,530,5,5,2,98,0,0,0,174000,4,2.0,0,2986,1,38,38,0,True,False,False,True,False,False,False,False,False,False,False,False,False,False,False,False,False,False,False,False,True,False,False,False,False,False,True,False,False,False,False,False,False,False,True,False,False,False,True,False,False,True,True,False,False,False,True,True
70.57658886489241,10355,5,196.0,3,4,4,4,695,519,1214,4,1,1214,0,1214,0,2,0,3,1,3,5,6,1,1967.0,2,1,318,5,5,2,0,111,0,0,143000,2,2.0,111,2428,1,40,40,0,True,False,False,False,False,False,False,False,False,False,False,True,False,False,False,False,False,False,False,False,True,False,False,False,False,True,False,False,False,False,True,False,False,False,True,False,False,True,False,False,False,True,True,False,False,False,True,True
82.0,11070,7,70.0,3,4,4,4,0,1907,1907,2,1,1959,0,1959,0,3,0,5,2,3,9,6,0,1989.0,3,3,766,5,5,2,0,0,0,0,171000,0,3.0,0,3866,1,18,17,0,True,False,False,True,False,False,False,False,False,False,False,False,False,False,False,False,False,False,False,False,True,False,True,False,False,True,False,False,False,False,False,True,False,False,True,False,False,True,False,False,False,True,False,False,False,False,True,False
73.0,9066,8,320.0,2,4,2,2,668,336,1004,0,1,1004,848,1852,0,2,1,3,1,2,7,6,2,1999.0,0,3,660,5,5,2,224,106,0,0,230000,3,2.5,106,2856,2,9,8,0,True,False,False,False,False,False,False,False,False,False,False,False,False,False,False,False,False,False,False,False,True,False,False,False,True,True,False,False,False,False,False,True,False,False,True,False,False,False,True,False,False,True,True,False,False,False,True,True
65.0,15426,6,0.0,3,4,2,4,821,107,928,0,1,928,836,1764,1,2,1,3,1,2,7,6,0,1997.0,2,2,470,5,5,2,276,99,0,0,231500,0,3.5,99,2692,2,12,12,0,True,False,False,False,False,False,False,False,False,False,False,False,False,False,False,False,False,False,False,False,True,False,False,False,True,True,False,False,False,False,False,True,False,False,False,True,False,False,True,False,False,True,True,False,False,False,True,True
70.0,10500,4,0.0,3,4,4,4,432,432,864,4,1,864,0,864,0,1,0,3,1,3,5,6,1,0.0,1,0,0,3,3,2,0,0,0,0,115000,1,1.0,0,1728,1,39,39,0,True,False,False,True,False,False,False,False,False,False,False,True,False,False,False,False,False,False,False,False,True,False,False,False,False,True,False,False,False,True,False,False,False,False,False,True,False,True,False,False,False,True,False,False,False,False,False,True
78.0,11645,7,0.0,2,4,2,0,1300,434,1734,0,1,1734,0,1734,1,2,0,3,1,2,7,6,0,2005.0,0,2,660,5,5,2,160,24,0,0,260000,0,3.0,24,3468,1,1,1,0,True,False,False,True,False,False,False,False,False,False,False,False,False,False,False,False,False,False,False,False,True,False,False,False,False,True,False,False,False,False,False,True,False,False,False,True,False,False,True,False,False,True,True,False,False,False,True,True
71.0,8520,5,0.0,3,1,4,4,507,403,910,1,1,910,475,1385,0,2,0,4,1,3,6,6,0,2000.0,3,2,720,5,5,2,0,0,0,0,166000,0,2.0,0,2295,2,58,58,0,True,False,False,True,False,False,False,False,False,False,False,True,False,False,False,False,False,False,False,False,False,False,False,False,False,True,False,False,False,False,False,False,False,True,False,True,False,True,False,False,False,True,False,False,True,False,True,True
78.0,10335,7,183.0,2,4,2,1,679,811,1490,0,1,1501,0,1501,1,2,0,3,1,2,6,6,0,1999.0,2,2,577,5,5,2,144,29,0,0,204000,0,3.0,29,2991,1,10,10,0,True,False,False,False,False,False,False,False,False,False,False,False,False,False,False,False,False,False,False,False,True,False,False,False,False,True,False,False,False,False,False,True,False,False,True,False,False,False,True,False,False,True,True,False,False,False,True,True
70.0,9100,5,336.0,3,4,4,4,1332,396,1728,4,1,1728,0,1728,1,2,0,6,2,3,10,6,0,1963.0,3,2,504,5,5,2,0,0,0,0,125000,0,3.0,0,3456,1,43,43,0,False,True,False,True,False,False,False,False,False,False,False,False,False,False,False,True,False,False,False,False,False,False,True,False,False,True,False,False,False,True,False,False,False,False,True,False,False,True,False,False,False,True,False,False,True,False,False,False
24.0,2522,6,50.0,2,4,2,4,0,970,970,0,1,970,739,1709,0,2,0,3,1,2,7,0,0,2004.0,3,2,380,5,5,2,0,40,0,0,130000,0,2.0,40,2679,2,2,0,0,False,True,False,True,False,False,False,False,True,False,False,False,False,False,False,False,False,False,False,False,True,False,False,True,True,True,False,False,False,False,False,True,False,False,False,False,True,False,True,False,False,True,False,False,True,False,True,True
51.0,6120,5,0.0,3,4,4,4,209,506,715,4,1,875,0,875,1,1,0,2,1,3,5,6,0,1931.0,3,1,180,1,5,2,48,0,0,0,105000,0,2.0,0,1590,1,78,16,0,False,True,False,True,False,False,False,True,False,False,False,False,False,False,False,False,False,False,False,False,True,False,False,False,False,True,False,False,False,False,False,False,True,True,False,True,False,False,False,False,False,False,False,False,True,False,True,True
69.4666599007323,9505,7,180.0,2,4,2,4,0,884,884,0,1,884,1151,2035,0,2,1,3,1,2,8,6,1,2001.0,0,2,434,5,5,2,144,48,0,0,222500,4,2.5,48,2919,2,9,9,0,True,False,False,False,False,True,False,False,False,False,False,False,False,False,False,False,False,False,False,False,True,False,False,False,True,True,False,False,False,False,False,True,False,False,True,False,False,False,True,False,False,True,False,True,False,False,True,True
63.0,7500,7,120.0,3,4,2,4,680,400,1080,0,1,1080,0,1080,1,1,0,3,1,2,6,6,0,0.0,1,0,0,3,3,2,0,0,0,0,141000,0,2.0,0,2160,1,4,3,0,True,False,False,True,False,False,False,False,False,False,False,False,False,False,False,False,False,False,False,False,True,False,False,False,False,True,False,False,False,False,False,True,False,False,True,False,False,False,True,False,False,True,False,False,False,False,True,True
65.2032268795761,6240,5,0.0,3,4,2,4,0,896,896,2,1,896,448,1344,0,1,0,3,1,3,7,6,0,1936.0,3,1,240,1,5,2,200,114,0,0,115000,0,1.0,114,2240,2,70,56,0,False,True,False,True,False,False,False,True,False,False,False,False,False,False,False,False,False,False,False,False,True,False,False,False,False,True,False,False,False,False,True,False,False,False,False,True,False,False,False,False,False,False,False,False,True,False,True,True
120.0,10356,5,0.0,3,4,4,0,716,253,969,4,1,969,0,969,0,1,1,3,1,3,5,6,0,1975.0,3,2,440,5,5,2,0,0,0,0,122000,0,1.5,0,1938,1,32,32,0,True,False,False,True,False,False,False,False,False,False,False,False,False,False,False,False,False,False,False,False,True,False,False,False,False,True,False,False,False,True,False,False,False,False,False,True,False,True,False,False,False,True,True,False,False,False,True,True
107.0,13891,8,436.0,2,4,0,1,1400,310,1710,0,1,1710,0,1710,1,2,0,2,1,2,6,6,1,2007.0,2,3,866,5,5,2,0,102,0,0,372402,4,3.0,102,3420,1,1,0,0,True,False,False,True,False,False,False,False,False,False,False,False,False,True,False,False,False,False,False,False,True,False,False,False,False,False,True,False,False,False,False,True,False,False,False,False,True,False,True,False,False,True,True,False,False,True,False,False
76.38478184440322,14803,6,252.0,3,4,4,4,416,409,825,2,1,1097,896,1993,0,2,1,4,1,3,8,6,1,1971.0,2,2,495,5,5,2,0,66,0,0,190000,4,2.5,66,2818,2,35,35,0,True,False,False,False,False,True,False,False,False,False,False,False,False,False,False,False,False,False,False,False,True,False,False,False,True,True,False,False,False,True,False,False,False,False,True,False,False,True,False,False,False,True,True,False,False,False,True,True
74.68332603228484,13500,6,0.0,3,4,2,1,429,93,1602,2,1,1252,0,1252,1,1,0,1,1,3,4,6,1,1960.0,2,2,564,5,5,2,409,0,0,0,235000,4,2.0,0,2854,1,48,33,0,True,False,False,True,False,False,False,False,False,False,False,False,False,False,False,False,False,False,False,False,True,False,False,False,False,False,False,False,False,False,False,False,False,False,False,True,False,True,False,False,False,True,True,False,False,False,True,True
84.0,11340,6,0.0,3,4,4,4,0,1200,1200,4,1,1200,0,1200,0,1,0,4,1,3,7,6,0,1923.0,3,1,312,1,1,2,0,0,228,0,125000,0,1.0,228,2400,1,83,56,0,False,True,False,True,False,False,False,False,False,False,False,False,False,False,True,False,False,False,False,False,True,False,False,False,False,True,False,False,False,False,False,False,True,True,False,True,False,False,False,False,False,False,False,False,True,False,True,False
60.0,9600,6,0.0,3,4,4,4,0,572,572,1,0,572,524,1096,0,1,0,2,1,3,5,6,0,0.0,1,0,0,3,3,0,0,8,128,0,79000,0,1.0,136,1668,2,84,58,0,True,False,False,True,False,False,False,False,True,False,False,False,False,False,False,False,False,False,False,False,False,False,False,False,False,True,False,False,False,False,False,False,True,True,False,True,False,False,False,False,True,False,False,False,False,False,True,True
60.0,7200,5,0.0,3,4,3,3,0,0,0,4,1,1040,0,1040,0,1,0,2,1,3,5,6,0,1950.0,3,2,625,5,5,2,0,0,0,0,109500,0,1.0,0,1040,1,56,56,0,True,False,False,True,False,False,False,False,False,False,False,True,False,False,False,False,False,False,False,False,True,False,False,False,False,False,True,False,False,False,False,False,True,True,False,True,False,True,False,False,True,False,False,False,True,False,True,True
92.0,12003,8,84.0,2,4,0,4,0,774,774,0,1,774,1194,1968,0,2,1,4,1,0,8,6,1,2009.0,0,3,680,5,5,2,0,75,0,0,269500,4,2.5,75,2742,2,1,0,0,True,False,False,True,False,False,False,False,False,False,False,False,False,False,False,False,False,False,True,False,True,False,False,False,True,True,False,False,False,False,False,True,False,False,True,False,False,False,True,False,False,True,False,True,False,True,False,False
100.0,12552,7,0.0,2,4,2,4,222,769,991,0,1,991,956,1947,0,2,1,3,1,2,8,6,1,2004.0,2,2,678,5,5,2,0,136,0,0,254900,4,2.5,136,2938,2,6,5,0,False,False,False,True,False,False,False,False,False,False,False,False,False,False,False,False,True,False,False,False,True,False,False,False,True,True,False,False,False,False,False,True,False,False,False,True,False,False,True,False,False,True,True,False,False,False,True,True
134.0,19378,7,456.0,2,4,2,2,57,1335,1392,0,1,1392,1070,2462,1,2,1,4,1,2,9,6,1,2006.0,2,2,576,5,5,2,239,132,0,0,320000,4,3.5,300,3854,2,1,0,0,True,False,False,False,True,False,False,False,False,False,False,False,False,False,False,False,False,False,False,False,True,False,False,False,True,True,False,False,False,False,False,True,False,False,True,False,False,False,True,False,False,True,True,False,False,True,False,False
71.57552493263651,11120,6,0.0,3,4,2,4,660,572,1232,4,1,1232,0,1232,0,2,0,3,1,3,6,6,0,1984.0,3,2,516,5,5,2,0,0,0,0,162500,0,2.0,0,2464,1,24,24,0,True,False,False,False,False,True,False,False,False,False,False,False,False,False,False,False,False,False,False,False,True,False,False,False,False,True,False,False,False,False,False,False,False,False,False,True,False,False,True,False,False,True,True,False,False,False,True,True
110.0,13688,9,664.0,2,4,0,0,1016,556,1572,0,1,1572,1096,2668,1,2,1,3,1,0,10,6,2,2003.0,0,3,726,5,5,2,400,0,0,0,412500,4,3.5,0,4240,2,5,4,0,True,False,False,False,False,False,False,False,False,False,False,False,False,True,False,False,False,False,False,False,True,False,False,False,True,True,False,False,False,False,False,True,False,False,True,False,False,False,True,False,False,True,False,True,False,False,True,True
95.0,12182,7,226.0,2,4,2,2,1201,340,1541,0,1,1541,0,1541,0,2,0,3,1,2,7,6,1,2005.0,2,2,532,5,5,2,0,70,0,0,220000,4,2.0,70,3082,1,5,5,0,True,False,False,True,False,False,False,False,False,False,False,False,False,True,False,False,False,False,False,False,True,False,False,False,False,True,False,False,False,False,False,True,False,False,True,False,False,False,True,False,False,True,True,False,False,True,False,False
55.0,5500,4,0.0,3,4,4,4,0,882,882,0,1,882,0,882,0,1,0,1,1,3,4,6,0,0.0,1,0,0,3,3,2,0,0,0,0,103200,0,1.0,0,1764,1,51,51,0,True,False,False,True,False,False,False,False,False,False,False,False,False,False,True,False,False,False,False,False,True,False,False,False,False,True,False,False,False,False,True,False,False,False,False,True,False,True,False,False,False,True,False,False,False,False,True,True
40.0,5400,6,0.0,3,2,4,2,370,779,1149,2,1,1149,467,1616,0,2,0,3,1,2,5,6,0,1926.0,3,1,216,5,5,2,0,0,183,0,152000,0,2.0,183,2765,2,81,3,0,False,True,False,True,False,False,False,False,False,False,False,False,False,False,True,False,False,False,False,False,True,False,False,False,False,True,False,False,False,False,True,False,False,False,False,True,False,False,False,False,False,False,False,False,True,False,True,True
62.0,10106,5,0.0,3,2,4,4,351,112,644,2,1,808,547,1355,1,2,0,4,2,3,6,6,0,0.0,1,0,0,3,3,2,140,0,0,0,127500,0,3.0,0,1999,2,68,9,0,True,False,False,True,False,False,False,False,True,False,False,False,False,False,False,False,False,False,False,False,True,True,False,False,False,True,False,False,False,False,False,False,True,True,False,True,False,False,False,False,False,True,False,False,False,False,True,True
71.0375358347142,10708,5,0.0,2,4,4,4,379,470,1617,0,1,1867,0,1867,1,1,0,2,1,3,7,6,3,1955.0,0,1,303,5,5,2,476,0,0,142,190000,4,2.0,142,3484,1,54,16,0,True,False,False,False,False,False,False,False,False,False,False,False,False,False,False,False,False,False,False,False,True,False,False,False,False,False,True,False,False,False,False,False,True,True,False,True,False,True,False,False,False,False,True,False,False,False,False,True
86.0,10562,8,300.0,2,4,0,4,1288,294,1582,0,1,1610,551,2161,1,1,1,3,1,0,8,6,1,2007.0,0,3,789,5,5,2,178,120,0,0,325624,4,2.5,120,3743,2,0,0,1,True,False,False,True,False,False,False,False,False,False,False,False,False,True,False,False,False,False,False,False,True,False,False,False,True,True,False,False,False,False,False,True,False,False,False,False,True,False,True,False,False,True,True,False,False,True,False,False
62.0,8244,7,0.0,2,4,2,4,0,840,840,0,1,840,880,1720,0,2,1,3,1,2,7,6,1,2004.0,0,2,440,5,5,2,100,48,0,0,183500,4,2.5,48,2560,2,3,3,0,True,False,False,False,False,False,False,False,False,False,False,False,False,False,False,False,False,False,False,False,True,False,False,False,True,True,False,False,False,False,False,True,False,False,False,True,False,False,True,False,False,True,True,False,False,False,True,True
78.82140237043001,16669,8,653.0,2,4,2,4,0,1686,1686,4,1,1707,0,1707,0,2,1,2,1,3,6,6,1,1981.0,2,2,511,5,5,2,574,64,0,0,228000,3,2.5,64,3393,1,25,25,0,True,False,False,False,False,False,False,False,False,False,False,False,False,False,False,False,False,False,True,False,True,False,False,False,False,False,True,False,False,False,False,False,False,False,True,False,False,True,False,False,False,True,True,False,False,False,True,True
73.19210382396619,12358,5,0.0,3,4,4,4,360,360,720,4,1,854,0,1382,0,1,1,2,1,3,7,6,0,1991.0,3,2,660,5,5,2,237,0,0,0,128500,0,1.5,0,1574,1,66,57,0,False,True,False,False,False,False,False,False,False,False,False,False,False,False,True,False,False,False,False,True,False,False,False,False,False,True,False,False,False,False,True,False,False,False,False,True,False,True,False,False,False,True,False,False,True,False,True,True
141.0,31770,6,112.0,3,4,4,1,639,441,1080,1,1,1656,0,1656,1,1,0,3,1,3,7,6,2,1960.0,0,2,528,5,5,1,210,62,0,0,215000,4,2.0,62,2736,1,50,50,0,True,False,False,False,False,False,False,False,False,False,False,True,False,False,False,False,False,False,False,False,True,False,False,False,False,False,True,False,False,False,False,False,False,False,False,False,True,True,False,False,False,True,True,False,False,False,True,True
44.0,5306,7,0.0,2,2,2,4,495,354,1064,2,1,1064,703,1767,1,2,0,2,1,2,5,6,1,1987.0,2,2,504,2,5,2,441,35,0,0,239000,3,3.0,35,2831,2,19,19,0,True,False,False,False,False,False,False,False,False,False,False,False,False,False,False,False,False,True,False,False,True,False,False,False,True,True,False,False,False,True,False,False,False,False,False,True,False,False,True,False,False,True,True,False,False,False,True,True
80.0,10197,6,491.0,3,4,4,4,288,700,1362,4,1,1362,0,1362,1,1,1,3,1,3,6,6,1,1961.0,3,2,504,5,5,2,0,20,0,0,163000,3,2.5,20,2724,1,47,47,0,True,False,False,False,False,False,False,False,False,False,False,True,False,False,False,False,False,False,False,False,True,False,False,False,False,True,False,False,False,False,False,False,False,False,False,False,False,True,False,False,False,True,True,False,False,False,False,True
47.0,12416,6,132.0,3,4,2,4,1398,0,1606,4,1,1651,0,1651,1,2,0,3,1,3,7,3,1,1986.0,0,2,616,5,5,2,192,0,0,0,184000,3,3.0,0,3257,1,22,22,0,True,False,False,False,False,False,False,False,False,False,False,False,False,False,False,False,False,False,True,False,True,False,False,False,False,True,False,False,False,False,False,True,False,False,False,False,True,True,False,False,False,True,True,False,False,False,True,True
84.0,12615,6,0.0,3,4,4,0,477,725,1202,4,1,2158,0,2158,1,2,0,4,1,2,7,6,1,1950.0,3,2,576,5,5,2,0,29,39,0,243000,4,3.0,68,3360,1,57,6,0,True,False,False,True,False,False,False,False,True,False,False,False,False,False,False,False,False,False,False,False,True,False,False,False,False,True,False,False,False,False,False,False,False,False,False,True,False,True,False,False,False,True,True,False,False,False,True,True
97.0,10029,6,268.0,2,4,2,4,831,320,1151,4,1,1164,896,2060,0,2,1,4,1,3,8,6,1,1988.0,3,2,521,5,5,2,0,228,0,192,211000,3,3.0,420,3211,2,19,18,0,True,False,False,False,False,False,False,False,False,False,False,False,False,False,False,False,False,False,False,False,True,False,False,False,True,True,False,False,False,False,False,False,False,False,True,False,False,False,True,False,False,True,True,False,False,False,True,True
74.87919584948956,13650,5,0.0,2,2,4,4,57,554,1052,0,1,1252,668,1920,1,2,0,4,1,2,8,6,1,1958.0,3,2,451,5,5,2,0,0,0,0,172500,4,3.0,0,2972,2,48,48,0,True,False,False,True,False,False,False,False,False,False,False,False,False,False,False,True,False,False,False,False,True,False,False,False,False,True,False,False,False,False,True,False,False,False,False,True,False,True,False,False,False,True,True,False,False,False,True,True
63.0,17423,9,748.0,0,4,0,4,1904,312,2216,0,1,2234,0,2234,1,2,0,1,1,0,9,6,1,2009.0,0,3,1166,5,5,2,0,60,0,0,501837,4,3.0,60,4450,1,1,0,0,True,False,False,False,False,True,False,False,False,False,False,False,False,False,False,False,False,True,False,False,True,False,False,False,False,False,True,False,False,False,False,True,False,False,False,False,True,False,True,False,False,True,True,False,False,True,False,False
60.0,8520,5,0.0,2,4,4,4,0,968,968,4,1,968,0,968,0,1,0,2,1,3,5,6,0,1935.0,3,2,480,1,5,0,0,0,184,0,100000,0,1.0,184,1936,1,84,1,0,False,True,False,True,False,False,False,False,False,False,False,False,False,False,True,False,False,False,False,False,True,False,False,False,False,True,False,False,False,False,False,False,True,True,False,True,False,True,False,False,False,True,False,False,True,False,True,True
59.819418504008866,2117,6,456.0,2,4,2,4,436,320,756,0,1,769,756,1525,0,2,1,3,1,2,5,6,1,2000.0,3,2,440,5,5,2,0,0,0,0,177000,3,2.5,0,2281,2,7,7,0,False,False,False,True,False,False,False,False,False,False,False,False,False,False,False,False,True,False,False,False,True,False,False,True,True,True,False,False,False,False,True,False,False,False,True,False,False,False,True,False,False,True,False,False,True,False,True,True
54.0,7588,7,0.0,3,4,1,4,352,441,793,2,1,901,901,1802,0,1,1,4,1,3,9,6,1,1920.0,3,1,216,1,5,2,0,0,40,0,200100,4,1.5,40,2595,2,86,56,0,True,False,False,True,False,False,False,False,False,False,False,False,False,False,False,False,False,False,False,False,True,False,False,False,True,True,False,False,False,False,False,False,False,False,False,True,False,False,False,False,False,True,False,False,True,False,True,True
60.0,9060,5,98.0,3,4,3,3,0,0,0,0,1,1340,0,1340,0,1,0,3,1,3,7,6,1,1957.0,2,1,252,5,5,2,116,0,0,0,120000,4,1.0,180,1340,1,50,1,0,True,False,False,True,False,False,False,False,True,False,False,False,False,False,False,False,False,False,False,False,False,False,False,False,False,False,True,False,False,False,False,False,True,True,True,False,False,False,True,False,False,True,True,False,False,False,True,True
63.0,11426,7,0.0,3,4,2,4,0,1362,1362,0,1,1362,720,2082,0,2,1,3,1,2,6,4,0,2003.0,3,2,484,5,5,0,280,238,0,0,200000,0,2.5,238,3444,2,5,5,0,False,True,False,True,False,False,False,False,False,False,False,False,False,False,True,False,False,False,False,False,True,False,False,False,False,True,False,False,False,False,False,True,False,False,False,True,False,False,True,False,False,True,False,False,True,False,True,True
92.0,7438,5,0.0,3,4,1,4,0,504,504,2,1,936,316,1252,0,1,0,3,1,3,5,6,0,1986.0,3,2,576,5,5,2,104,0,0,0,127000,0,1.0,0,1756,2,98,15,0,True,False,False,False,False,False,False,True,False,False,False,False,False,False,False,False,False,False,False,False,False,False,False,False,False,True,False,False,False,False,False,False,False,False,False,True,False,False,True,False,False,True,True,False,False,False,True,True
90.0,22950,10,0.0,2,2,4,2,0,1107,1107,0,1,1518,1518,3608,0,2,1,4,1,0,12,6,2,1993.0,3,3,840,0,5,2,0,260,0,410,475000,3,2.5,670,4143,2,114,13,0,False,True,True,False,False,False,False,False,False,False,False,False,False,False,True,False,False,False,False,False,False,False,False,False,False,True,False,True,False,False,False,False,True,True,False,True,False,False,False,False,False,True,False,False,True,False,True,True
70.04382296209556,9947,7,0.0,3,4,2,0,611,577,1188,0,1,1217,0,1217,1,2,0,3,1,2,6,6,0,1990.0,3,2,497,5,5,2,168,27,0,0,173000,0,3.0,27,2405,1,19,18,0,True,False,False,False,False,True,False,False,False,False,False,False,False,False,False,False,False,False,False,False,True,False,False,False,False,True,False,False,False,True,False,False,False,False,False,True,False,False,True,False,False,True,True,False,False,False,True,True
60.0,10410,5,0.0,3,4,1,4,0,660,660,0,1,808,704,1656,0,2,1,3,1,3,8,3,0,1916.0,3,1,180,1,1,0,0,0,0,0,135000,0,2.5,140,2172,2,93,22,0,True,False,False,True,False,False,False,False,False,False,False,False,False,False,True,False,False,False,False,False,True,False,False,False,False,True,False,False,False,True,False,False,False,False,False,True,False,True,False,False,False,True,False,False,True,False,True,True
64.0,7018,5,275.0,3,4,2,0,1086,0,1086,4,1,1224,0,1224,2,0,2,2,2,3,6,6,2,1979.0,3,2,528,5,5,2,120,0,0,0,153337,3,3.0,0,2310,1,30,30,0,True,False,False,True,False,False,False,False,False,False,False,False,False,False,False,False,False,False,False,True,False,False,True,False,False,True,False,False,False,False,False,False,False,False,False,False,True,True,False,False,False,True,False,False,True,False,True,False
41.0,4923,8,0.0,2,4,0,0,1153,440,1593,0,1,1593,0,1593,1,1,1,0,1,0,5,6,1,2001.0,0,2,682,5,5,2,0,120,0,224,286000,4,2.5,344,3186,1,7,6,0,True,False,False,True,False,False,False,False,False,False,False,False,False,False,False,False,False,True,False,False,True,False,False,False,False,True,False,False,True,False,False,False,False,False,False,True,False,False,True,False,False,True,True,False,False,False,True,True
70.0,10570,8,0.0,2,4,2,4,297,556,853,4,1,1549,1178,2727,0,2,1,3,1,2,10,0,2,1932.0,3,2,440,5,5,2,0,74,0,0,315000,3,2.5,74,3580,2,75,13,0,True,False,False,True,False,False,False,False,False,False,False,False,False,False,False,False,False,False,False,False,True,False,False,False,True,False,True,False,False,False,False,False,False,False,False,True,False,True,False,False,False,True,False,False,True,False,True,True
66.81197097821759,7472,7,138.0,3,4,4,4,626,99,725,2,1,725,754,1479,1,1,1,4,1,2,7,6,0,1972.0,0,2,484,5,5,2,0,32,0,0,184000,0,2.5,32,2204,2,35,3,0,True,False,False,False,False,True,False,False,False,False,False,True,False,False,False,False,False,False,False,False,True,False,False,False,True,True,False,False,False,True,False,False,False,False,True,False,False,True,False,False,False,True,True,False,False,False,True,True
68.0,9017,7,0.0,2,4,2,0,560,871,1431,0,1,1431,0,1431,1,2,0,3,1,2,6,6,0,1999.0,0,2,666,5,5,2,0,35,0,0,192000,0,3.0,35,2862,1,10,10,0,True,False,False,False,False,False,False,False,False,False,False,False,False,False,False,False,False,False,False,False,True,False,False,False,False,True,False,False,False,False,False,True,False,False,False,True,False,False,True,False,False,True,True,False,False,False,True,True
24.0,2522,7,50.0,2,4,2,4,0,970,970,0,1,970,739,1709,0,2,0,3,1,2,7,0,0,2004.0,3,2,380,5,5,2,0,40,0,0,130000,0,2.0,40,2679,2,2,2,0,False,True,False,True,False,False,False,False,True,False,False,False,False,False,False,False,False,False,False,False,True,False,False,True,True,True,False,False,False,False,False,True,False,False,False,False,True,False,True,False,False,True,False,False,True,False,True,True
60.0,7180,5,0.0,3,4,4,0,390,474,864,4,1,864,0,864,0,1,0,3,1,3,5,6,0,1989.0,3,1,352,5,5,2,0,0,0,0,127000,0,1.0,0,1728,1,36,36,0,True,False,False,False,False,False,False,False,False,False,False,False,False,False,False,False,False,False,False,False,True,False,False,False,False,False,True,False,False,True,False,False,False,False,False,True,False,True,False,False,False,True,False,False,True,False,True,True
24.0,2280,6,0.0,3,4,2,4,566,289,855,4,1,855,601,1456,0,2,1,3,1,3,7,6,1,1976.0,3,2,440,5,5,2,87,0,0,0,148500,3,2.5,0,2311,2,33,33,0,True,False,False,True,False,False,False,False,False,False,False,False,False,False,False,False,False,False,False,False,True,False,False,True,True,True,False,False,False,False,False,False,False,False,False,True,False,True,False,False,False,True,True,False,False,False,True,True
79.0,9416,7,205.0,0,4,0,4,1126,600,1726,0,1,1726,0,1726,1,2,0,3,1,0,8,6,1,2007.0,0,3,786,5,5,2,171,138,0,266,311872,4,3.0,404,3452,1,0,0,1,True,False,False,True,False,False,False,False,False,False,False,False,False,False,False,False,True,False,False,False,True,False,False,False,False,False,True,False,True,False,False,False,False,False,False,False,True,False,True,False,False,True,True,False,False,True,False,False
92.0,5520,6,0.0,3,4,4,4,0,755,755,0,1,929,929,2229,0,1,0,5,1,3,8,6,0,0.0,1,0,0,3,3,2,0,198,30,0,104000,0,1.0,228,2613,2,97,59,0,False,True,False,True,False,False,False,False,False,False,False,False,False,False,True,False,False,False,False,False,True,False,False,False,False,True,False,False,False,False,False,False,True,True,False,True,False,True,False,False,False,True,False,False,False,False,True,False
76.0,9591,8,262.0,2,4,0,0,1088,625,1713,0,1,1713,0,1713,1,2,0,3,1,0,7,6,1,2004.0,0,3,856,5,5,2,0,26,0,170,274900,4,3.0,196,3426,1,5,4,0,True,False,False,True,False,False,False,False,False,False,False,False,False,True,False,False,False,False,False,False,True,False,False,False,False,False,True,False,False,False,False,True,False,False,True,False,False,False,True,False,False,True,True,False,False,False,True,True
80.0,8546,4,0.0,3,4,2,4,0,1121,1121,0,1,1121,0,1121,0,2,0,2,1,3,5,6,0,2003.0,2,2,440,5,5,2,132,64,0,0,140000,0,2.0,64,2242,1,7,6,0,False,True,False,True,False,False,False,False,True,False,False,False,False,False,False,False,False,False,False,False,True,False,False,False,False,True,False,False,False,False,False,True,False,False,False,True,False,False,True,False,False,True,True,False,False,False,True,True
75.0,10125,6,0.0,3,4,4,4,641,276,1196,4,1,1279,0,1279,0,2,0,3,1,3,6,6,2,1980.0,3,2,473,5,5,2,238,83,0,0,171500,2,2.5,83,2475,1,31,31,0,True,False,False,True,False,False,False,False,False,False,False,False,False,False,False,False,False,False,False,False,True,False,False,False,False,True,False,False,False,False,False,False,False,False,False,True,False,True,False,False,False,True,False,False,True,False,True,True
50.0,7000,6,0.0,3,2,1,4,617,0,617,2,1,865,445,1310,0,2,0,2,1,3,6,2,0,1924.0,3,1,398,5,5,2,0,0,126,0,112000,0,2.0,126,1927,2,82,56,0,True,False,False,True,False,False,False,False,False,False,False,False,False,False,True,False,False,False,False,False,False,False,False,False,False,True,False,False,False,False,True,False,False,False,False,True,False,False,False,False,False,True,True,False,False,False,False,True
62.85017747555666,4438,6,205.0,2,4,2,0,662,186,848,0,1,848,0,848,1,1,0,1,1,2,3,6,1,2004.0,2,2,420,5,5,2,149,0,0,0,149000,4,2.0,0,1696,1,4,4,0,False,True,False,True,False,False,False,False,False,False,False,False,False,False,False,False,False,False,False,False,True,False,False,False,False,True,False,False,False,False,False,True,False,False,True,False,False,False,True,False,False,True,True,False,False,False,True,True
50.0,3500,5,0.0,3,4,4,4,312,408,720,4,1,720,564,1284,0,1,1,2,1,3,5,6,0,1948.0,3,1,240,5,5,2,0,35,0,0,110000,0,1.5,35,2004,2,62,59,0,False,True,False,True,False,False,False,False,False,False,False,False,False,False,True,False,False,False,False,False,True,False,False,False,False,True,False,False,False,False,False,False,False,False,False,True,False,True,False,False,False,True,False,False,True,False,True,True
99.0,11851,7,0.0,3,4,2,4,0,1424,1424,0,1,1442,0,1442,0,2,0,3,1,3,5,6,0,1990.0,2,2,500,5,5,2,0,34,0,0,180500,0,2.0,542,2866,1,19,19,0,True,False,False,True,False,False,False,False,False,False,False,False,False,False,False,False,False,False,False,False,True,False,False,False,False,True,False,False,False,True,False,False,False,False,False,True,False,False,True,False,False,True,True,False,False,False,True,True
40.0,13673,5,0.0,3,2,4,4,0,1140,1140,4,1,1696,0,1696,0,1,1,3,1,3,8,3,1,1962.0,2,1,349,5,5,2,0,30,0,0,143900,3,1.5,30,2836,1,45,45,0,True,False,False,False,False,True,False,False,False,False,False,False,False,False,False,True,False,False,False,False,False,False,False,False,False,True,False,False,False,True,False,False,False,False,False,True,False,True,False,False,False,True,True,False,False,False,True,True
73.36838665945044,12493,4,0.0,3,4,4,4,419,375,1100,4,1,1100,0,1100,1,1,0,3,1,3,6,6,1,1960.0,2,1,312,5,5,2,355,0,0,0,141000,1,2.0,0,2200,1,48,48,0,True,False,False,False,False,False,False,False,False,False,False,True,False,False,False,False,False,False,False,False,True,False,False,False,False,True,False,False,False,False,False,False,True,True,False,True,False,False,True,False,False,True,True,False,False,False,True,True
75.81153617938405,14364,7,128.0,2,4,2,1,1065,92,1157,0,1,1180,882,2062,1,2,1,3,1,3,7,6,1,1988.0,0,2,454,5,5,2,60,55,0,154,277000,4,3.5,209,3219,2,19,18,0,True,False,False,False,False,False,False,False,False,False,False,False,False,False,False,False,False,False,False,False,True,False,False,False,True,True,False,False,False,False,False,False,False,False,True,False,False,True,False,False,False,True,True,False,False,False,True,True
75.0,8250,6,260.0,3,4,2,4,787,305,1092,0,1,1092,0,1092,1,1,0,3,1,3,6,6,0,1964.0,2,2,504,5,2,2,0,0,0,0,145000,0,2.0,0,2184,1,44,44,0,True,False,False,True,False,False,False,False,False,False,False,True,False,False,False,False,False,False,False,False,True,False,False,False,False,False,True,False,False,True,False,False,False,False,False,False,True,True,False,False,False,True,True,False,False,False,True,True
67.0,5604,5,0.0,3,4,4,4,468,396,864,4,0,864,0,864,1,1,0,2,1,3,5,6,0,0.0,1,0,0,3,3,2,0,0,96,0,98000,0,2.0,96,1728,1,83,58,0,True,False,False,True,False,False,False,False,True,False,False,False,False,False,False,False,False,False,False,False,True,False,False,False,False,True,False,False,False,False,False,False,False,False,False,True,False,True,False,False,False,False,False,False,False,False,True,True
83.0,10420,6,0.0,3,4,2,2,36,1176,1212,0,1,1212,0,1212,0,2,0,3,1,2,6,6,0,2009.0,2,2,460,5,5,2,100,22,0,0,186000,0,2.0,22,2424,1,1,1,0,True,False,False,True,False,False,False,False,True,False,False,False,False,False,False,False,False,False,False,False,True,False,False,False,False,True,False,False,False,False,False,True,False,False,False,True,False,False,True,False,False,True,True,False,False,False,True,True
72.0,8640,7,0.0,3,4,2,4,822,78,900,0,1,932,920,1852,1,2,1,3,1,2,7,6,1,2009.0,2,2,644,5,5,2,168,108,0,0,252678,3,3.5,108,2752,2,0,0,1,False,False,False,True,False,False,False,False,False,False,False,False,False,False,False,False,True,False,False,False,True,False,False,False,True,True,False,False,False,False,False,True,False,False,False,True,False,False,True,False,False,True,True,False,False,True,False,False
43.0,13568,5,0.0,3,4,2,4,716,274,990,0,1,990,0,990,0,1,0,3,1,3,5,6,0,1996.0,3,2,576,5,5,2,224,0,0,0,156000,0,1.5,0,1980,1,11,11,0,True,False,True,False,False,True,False,False,False,False,False,False,False,False,False,False,False,False,False,False,True,False,False,False,False,True,False,False,False,False,False,True,False,False,False,True,False,False,True,False,False,True,True,False,False,False,True,True
71.28824920073625,10900,6,153.0,3,4,2,4,378,311,689,0,1,689,703,1392,0,1,1,3,1,3,6,6,0,1977.0,0,1,299,5,5,2,0,36,0,0,161750,0,1.5,36,2081,2,33,33,0,True,False,False,False,False,False,False,False,False,False,False,False,False,False,False,False,False,False,False,False,True,False,False,False,True,True,False,False,False,True,False,False,False,False,True,False,False,True,False,False,False,True,True,False,False,False,True,True
72.0,10011,5,64.0,3,4,4,4,360,710,1070,4,1,1236,0,1236,0,1,0,2,1,2,6,2,1,1957.0,3,1,447,5,5,2,0,0,0,0,134450,2,1.5,0,2306,1,49,10,0,True,False,False,False,False,False,False,False,False,False,False,True,False,False,False,False,False,False,False,False,True,False,False,False,False,True,False,False,False,True,False,False,False,False,True,False,False,True,False,False,False,True,True,False,False,False,True,True
65.0,8450,7,266.0,2,4,2,2,946,490,1436,0,1,1436,0,1436,1,2,0,3,1,2,8,6,0,2004.0,3,2,484,5,5,2,139,98,0,0,210000,0,3.0,98,2872,1,4,4,0,True,False,False,True,False,False,False,False,False,False,False,False,False,False,False,False,False,False,False,False,True,False,False,False,False,True,False,False,False,False,False,True,False,False,True,False,False,False,True,False,False,True,True,False,False,False,True,True
57.0,9906,4,0.0,3,4,4,4,0,686,686,1,0,810,518,1328,0,1,0,3,1,3,8,6,0,1940.0,3,1,210,5,5,2,0,172,60,0,107000,0,1.0,232,2014,2,81,56,0,False,True,False,True,False,False,False,False,False,False,False,False,False,False,True,False,False,False,False,False,True,False,False,False,True,True,False,False,False,False,True,False,False,False,False,True,False,True,False,False,False,True,False,False,True,False,True,False
77.50385140003289,15660,7,312.0,2,2,4,4,341,457,798,0,1,1137,817,1954,0,1,1,3,1,2,8,6,2,1939.0,3,2,431,5,5,2,0,119,150,0,311500,3,2.0,269,2752,2,69,2,0,True,False,False,False,False,False,False,False,False,False,False,False,False,False,False,False,False,False,False,False,True,False,False,False,False,True,False,False,False,False,False,True,False,False,True,False,False,True,False,False,False,True,True,False,False,False,True,True
43.0,3010,7,16.0,2,4,2,0,16,1232,1248,0,1,1248,0,1248,0,2,0,2,1,2,5,6,0,2005.0,0,2,438,5,5,2,108,0,0,0,167240,0,2.0,0,2496,1,1,0,0,True,False,False,True,False,False,False,False,False,False,False,False,False,False,False,False,False,False,False,False,True,False,False,False,False,True,False,False,False,False,False,True,False,False,True,False,False,False,True,False,False,True,True,False,False,True,False,False
73.0,8990,7,0.0,2,4,2,2,0,1498,1498,0,1,1498,0,1498,0,2,0,2,1,2,5,6,0,2006.0,2,2,675,5,5,2,351,33,0,0,204900,0,2.0,33,2996,1,0,0,1,True,False,False,False,False,False,False,False,False,False,False,False,False,False,False,False,False,False,False,False,True,False,False,False,False,True,False,False,False,False,False,True,False,False,False,True,False,False,True,False,False,True,True,False,False,True,False,False
67.59022705191103,8068,6,0.0,2,4,2,4,0,1010,1010,0,1,1010,1257,2267,0,2,1,4,1,2,8,6,1,2002.0,2,2,390,5,5,2,120,46,0,0,200000,3,2.5,46,3277,2,7,7,0,True,False,False,False,False,False,False,False,False,False,False,False,False,False,False,False,False,False,False,False,True,False,False,False,True,True,False,False,False,False,False,True,False,False,False,True,False,False,True,False,False,True,False,True,False,False,False,True
85.0,11475,6,0.0,3,4,2,4,550,163,713,4,1,811,741,1552,1,2,1,3,1,3,6,6,1,1975.0,2,2,434,5,5,2,209,208,0,0,179900,3,3.5,208,2265,2,31,31,0,True,False,False,True,False,False,False,False,False,False,False,False,False,False,False,False,False,False,False,False,False,False,False,False,True,True,False,False,False,False,False,True,False,False,False,True,False,True,False,False,False,True,True,False,False,False,True,True
70.0,10500,4,0.0,3,4,4,4,524,160,864,2,1,864,0,864,0,1,0,2,1,3,4,6,0,1989.0,3,2,576,5,5,2,216,0,0,0,97000,0,1.0,0,1728,1,38,38,0,True,False,False,True,False,False,False,False,False,False,False,True,False,False,False,False,False,False,False,False,True,False,False,False,False,True,False,False,False,True,False,False,False,False,False,True,False,True,False,False,False,True,False,False,True,False,True,False
103.0,13472,10,922.0,0,4,0,1,56,2336,2392,0,1,2392,0,2392,0,2,0,3,1,0,8,6,1,2003.0,0,3,968,5,5,2,248,105,0,0,386250,5,2.0,105,4784,1,6,6,0,True,False,False,True,False,False,False,False,False,False,False,False,False,True,False,False,False,False,False,False,True,False,False,False,False,False,True,False,False,False,False,True,False,False,True,False,False,False,True,False,False,True,True,False,False,False,True,True
21.0,1680,5,142.0,3,4,4,4,0,630,630,4,1,630,672,1302,0,2,1,3,1,3,6,6,0,1991.0,3,1,280,5,5,2,0,0,0,0,112000,0,2.5,0,1932,2,38,38,0,False,True,False,True,False,False,True,False,False,False,False,False,False,False,False,False,False,False,False,False,True,False,False,True,True,True,False,False,False,True,False,False,False,False,True,False,False,True,False,False,False,True,False,False,True,False,False,False
82.0,9950,7,290.0,2,4,2,4,565,638,1203,0,1,1214,1306,2520,0,2,1,4,1,2,9,6,1,1995.0,2,3,721,5,5,2,224,114,0,0,290000,3,2.5,114,3723,2,12,12,0,True,False,False,False,False,False,False,False,False,False,False,False,True,False,False,False,False,False,False,False,True,False,False,False,True,True,False,False,False,False,False,True,False,False,True,False,False,False,True,False,False,True,True,False,False,False,True,False
21.0,1869,6,127.0,3,4,4,4,321,162,483,4,1,483,504,987,0,1,1,2,1,3,5,6,0,1987.0,3,1,280,5,5,2,0,0,0,0,106000,0,1.5,0,1470,2,38,38,0,False,True,False,True,False,False,True,False,False,False,False,False,False,False,False,False,False,False,False,False,True,False,False,True,True,True,False,False,False,True,False,False,False,False,True,False,False,True,False,False,False,True,False,False,True,False,True,True
70.0,8521,5,0.0,3,4,4,4,842,70,912,4,1,912,0,912,0,1,0,3,1,3,5,6,1,1974.0,3,1,336,5,5,2,0,0,0,0,125000,2,1.0,0,1824,1,43,43,0,True,False,False,True,False,False,False,False,False,False,False,False,False,False,False,True,False,False,False,True,False,False,False,False,False,True,False,False,False,True,False,False,False,False,False,True,False,True,False,False,False,True,False,False,True,False,True,True
43.0,3182,7,16.0,2,4,2,0,16,1357,1373,0,1,1555,0,1555,0,2,0,2,1,2,7,6,1,2005.0,0,2,430,5,5,2,143,20,0,0,192500,3,2.0,20,2928,1,4,3,0,True,False,False,True,False,False,False,False,False,False,False,False,False,False,False,False,False,False,False,False,True,False,False,False,False,True,False,False,False,False,False,True,False,False,True,False,False,False,True,False,False,True,True,False,False,False,True,True
73.0,8760,6,220.0,3,4,4,4,0,1194,1194,4,1,1194,0,1194,1,1,0,3,1,3,6,6,0,1959.0,2,1,312,5,5,2,0,0,120,0,148000,0,2.0,120,2388,1,51,51,0,True,False,False,True,False,False,False,False,False,False,False,True,False,False,False,False,False,False,False,False,True,False,False,False,False,False,True,False,False,False,True,False,False,False,True,False,False,True,False,False,False,True,True,False,False,False,True,True
174.0,15138,8,506.0,2,4,2,4,689,773,1462,0,1,1490,1304,2794,1,2,1,4,1,0,9,6,1,1995.0,0,3,810,5,5,2,0,146,202,0,403000,3,3.5,348,4256,2,14,13,0,True,False,False,False,False,False,False,False,False,False,False,False,True,False,False,False,False,False,False,False,True,False,False,False,True,True,False,False,False,False,False,True,False,False,True,False,False,False,True,False,False,True,True,False,False,False,True,True
21.0,1680,6,297.0,3,4,4,4,0,483,483,4,1,483,504,987,0,1,1,2,1,3,5,6,1,1972.0,3,1,288,5,5,2,0,0,0,0,94500,1,1.5,0,1470,2,34,34,0,False,True,False,True,False,False,True,False,False,False,False,False,False,False,False,False,False,False,False,False,True,False,False,True,True,True,False,False,False,True,False,False,False,False,True,False,False,True,False,False,False,True,True,False,False,False,True,True
75.0,10650,5,0.0,3,4,4,0,182,0,894,4,1,894,0,894,1,1,0,3,1,3,5,6,0,1976.0,3,1,308,5,5,2,365,0,0,0,128200,0,2.0,0,1788,1,34,34,0,True,False,False,True,False,False,False,False,False,False,False,False,False,False,False,False,False,False,False,False,True,False,False,False,False,True,False,False,False,True,False,False,False,False,False,True,False,True,False,False,False,True,True,False,False,False,True,True
67.30686871635486,7851,6,0.0,2,4,2,4,625,235,860,0,1,860,1100,1960,1,2,1,4,1,2,8,6,2,2002.0,0,2,440,5,5,2,288,48,0,0,216500,3,3.5,48,2820,2,8,8,0,True,False,False,True,False,False,False,False,False,False,False,False,False,False,False,False,False,False,False,False,True,False,False,False,True,True,False,False,False,False,False,True,False,False,False,True,False,False,True,False,False,True,False,True,False,False,True,True
21.0,1680,6,604.0,3,4,4,4,358,125,483,4,1,483,504,987,0,1,1,2,1,3,5,6,0,1971.0,3,1,264,5,5,2,0,0,0,0,89500,0,1.5,0,1470,2,37,37,0,False,True,False,True,False,False,True,False,False,False,False,False,False,False,False,False,False,False,False,False,True,False,False,False,True,True,False,False,False,True,False,False,False,False,True,False,False,True,False,False,False,True,False,False,True,False,True,True
65.0,8773,7,98.0,2,4,2,0,24,1390,1414,0,1,1414,0,1414,0,2,0,3,1,2,6,6,0,2004.0,2,2,494,5,5,2,132,105,0,0,185500,0,2.0,105,2828,1,6,6,0,True,False,False,True,False,False,False,False,False,False,False,False,False,False,False,False,False,False,False,False,True,False,False,False,False,True,False,False,False,False,False,True,False,False,True,False,False,False,True,False,False,True,True,False,False,False,True,True
69.39875836410133,9453,7,0.0,2,4,2,4,402,594,996,0,1,1014,730,1744,0,2,1,3,1,2,7,6,0,1993.0,2,2,457,5,5,2,370,70,0,0,194500,0,2.5,308,2740,2,17,7,0,True,False,False,False,False,True,False,False,False,False,False,False,False,False,False,False,False,False,False,False,False,False,False,False,True,True,False,False,False,True,False,False,False,False,False,True,False,False,True,False,False,True,True,False,False,False,True,True
93.0,12030,8,254.0,0,4,0,4,0,1694,1694,0,1,1694,0,1694,0,2,0,3,1,2,7,6,0,2007.0,0,3,818,5,5,2,168,228,0,0,318000,0,2.0,228,3388,1,0,0,1,True,False,False,True,False,False,False,False,False,False,False,False,False,True,False,False,False,False,False,False,True,False,False,False,False,False,True,False,False,False,False,True,False,False,True,False,False,False,True,False,False,True,True,False,False,True,False,False
52.0,8741,6,0.0,3,4,4,4,94,641,735,4,1,798,689,1487,0,1,1,3,1,3,7,6,1,1949.0,3,1,220,5,5,2,0,140,0,0,113000,4,1.5,140,2222,2,65,60,0,True,False,False,True,False,False,False,False,True,False,False,False,False,False,False,False,False,False,False,False,True,False,False,False,False,True,False,False,False,False,False,True,False,False,False,True,False,True,False,False,False,False,False,False,True,False,True,True
75.0,9000,8,36.0,2,4,2,0,1078,488,1566,0,1,1566,0,1566,1,2,0,3,1,2,7,6,0,2008.0,2,2,750,5,5,2,144,168,0,0,262500,0,3.0,168,3132,1,2,2,0,False,False,False,True,False,False,False,False,False,False,False,False,False,False,False,False,True,False,False,False,True,False,False,False,False,True,False,False,False,False,False,True,False,False,False,False,True,False,True,False,False,True,True,False,False,False,True,True
40.0,3880,5,0.0,3,2,4,4,329,357,686,2,1,866,0,866,0,1,0,2,1,2,4,6,0,0.0,1,0,0,3,3,2,58,42,0,0,110500,0,1.0,42,1552,1,62,10,0,False,True,False,True,False,False,False,False,False,False,False,False,False,False,True,False,False,False,False,False,True,False,False,False,False,True,False,False,False,False,False,True,False,False,False,True,False,True,False,False,False,True,False,False,False,False,True,True
63.0,5000,5,0.0,3,4,4,4,0,540,540,2,0,889,551,1440,0,1,0,3,1,3,6,6,0,1940.0,3,1,352,1,5,2,0,0,77,0,79000,0,1.0,77,1980,2,106,56,0,False,True,False,True,False,False,False,False,False,False,False,False,False,False,True,False,False,False,False,False,True,False,False,False,False,True,False,False,False,False,False,False,True,True,False,True,False,False,False,False,False,False,True,False,False,False,True,True
75.0,10762,6,0.0,3,4,2,4,0,626,626,4,1,626,591,1217,0,1,1,3,1,3,6,6,1,1980.0,2,1,288,5,5,2,0,28,0,0,120000,3,1.5,28,1843,2,29,29,0,True,False,False,True,False,False,False,False,False,False,False,False,False,False,False,False,False,False,False,False,True,False,False,False,True,True,False,False,False,False,False,False,False,False,False,True,False,True,False,False,False,True,True,False,False,False,True,True
68.65053566237927,8880,7,0.0,2,4,2,4,695,253,948,0,1,1222,888,2110,1,2,1,3,1,2,8,6,2,1994.0,2,2,463,5,5,2,0,130,0,0,205000,2,3.5,130,3058,2,16,8,0,True,False,False,False,False,False,False,False,False,False,False,False,False,False,False,False,False,False,False,False,True,False,False,False,True,True,False,False,False,False,False,True,False,False,False,True,False,False,True,False,False,True,True,False,False,False,True,True
80.0,10400,7,102.0,3,4,2,0,929,916,1845,2,1,1872,0,1872,0,2,0,3,1,3,6,6,1,1988.0,0,2,604,5,5,2,197,39,0,0,241500,3,2.5,39,3717,1,18,18,0,True,False,False,True,False,False,False,False,False,False,False,False,False,False,False,False,False,False,False,False,True,False,False,False,False,True,False,False,False,False,False,False,True,True,True,False,False,True,False,False,False,True,True,False,False,False,True,True
69.0,9142,6,0.0,3,1,1,4,0,1020,1020,2,0,908,1020,1928,0,2,0,4,2,1,9,6,0,1910.0,3,1,440,4,4,2,0,60,112,0,137000,0,2.0,172,2948,2,96,56,0,False,True,False,True,False,False,False,False,False,False,False,False,False,False,True,False,False,False,False,False,True,True,False,False,True,True,False,False,False,False,False,False,False,False,False,True,False,False,False,False,False,False,False,False,True,False,True,True
75.0,11310,6,0.0,3,4,4,4,0,1367,1367,0,1,1375,0,1375,0,1,0,2,1,3,5,6,1,1954.0,3,2,451,5,5,2,0,30,0,0,140000,3,1.0,30,2742,1,52,52,0,True,False,False,True,False,False,False,False,False,False,False,True,False,False,False,False,False,False,False,False,True,False,False,False,False,False,True,False,False,False,False,False,True,False,False,True,False,True,False,False,False,True,True,False,False,False,True,True
72.0,11317,7,101.0,2,4,2,4,0,840,840,0,1,840,828,1668,0,2,1,3,1,2,8,6,0,2003.0,2,2,500,5,5,2,144,68,0,0,180000,0,2.5,68,2508,2,4,4,0,True,False,False,True,False,False,False,False,False,False,False,False,False,False,False,False,False,False,False,False,True,False,False,False,True,True,False,False,False,False,False,True,False,False,True,False,False,False,True,False,False,True,True,False,False,False,True,True
55.0,5350,3,0.0,3,3,4,4,0,728,728,0,1,1306,0,1306,0,1,0,3,1,1,6,4,0,0.0,1,0,0,3,3,2,263,0,0,0,76500,0,1.0,0,2034,1,70,44,0,True,False,False,False,False,False,False,True,False,False,False,False,False,False,False,False,False,False,False,False,True,False,False,False,False,True,False,False,False,False,False,False,True,False,False,True,False,True,False,False,False,True,False,False,False,False,True,True
44.0,4750,8,481.0,2,4,2,1,1573,0,1573,0,1,1625,0,1625,1,2,0,2,1,2,5,6,1,2006.0,0,2,538,5,5,2,123,0,0,153,235000,4,3.5,153,3198,1,1,0,0,False,True,False,False,True,False,False,False,False,False,False,False,False,False,False,False,False,False,False,False,True,False,False,False,False,False,True,False,False,False,False,True,False,False,False,False,True,False,True,False,False,True,True,False,False,False,True,False
65.0,8366,6,0.0,2,4,2,4,0,798,798,0,1,798,842,1640,0,2,1,3,1,2,6,6,0,2004.0,2,2,520,5,5,2,138,45,0,0,173000,0,2.5,45,2438,2,4,4,0,True,False,False,False,False,False,False,False,False,False,False,False,False,False,False,False,False,False,False,False,True,False,False,False,True,True,False,False,False,False,False,True,False,False,False,True,False,False,True,False,False,True,True,False,False,False,True,True
85.0,9350,6,108.0,3,4,2,1,270,452,1302,0,1,1302,0,1302,0,2,0,3,1,2,7,2,0,1964.0,2,1,309,5,5,2,333,0,0,0,158000,0,2.5,0,2604,1,43,16,0,True,False,False,True,False,False,False,False,False,False,False,True,False,False,False,False,False,False,False,False,True,False,False,False,False,False,True,False,False,True,False,False,False,False,True,False,False,True,False,False,False,True,True,False,False,False,False,True
70.0,8400,5,0.0,3,2,4,4,922,392,1314,4,1,1314,0,1314,1,1,0,3,1,3,5,6,0,1957.0,2,1,294,5,5,2,250,0,0,0,145000,0,2.0,0,2628,1,53,53,0,True,False,False,True,False,False,False,False,False,False,False,True,False,False,False,False,False,False,False,False,True,False,False,False,False,True,False,False,False,False,True,False,False,False,False,True,False,True,False,False,False,True,True,False,False,False,True,True
66.0,8738,7,302.0,2,4,2,4,0,975,975,0,1,1005,1286,2291,0,2,1,4,1,2,8,6,1,1999.0,0,2,429,5,5,2,192,0,0,0,230000,3,2.5,0,3266,2,7,7,0,True,False,False,False,False,False,False,False,False,False,False,False,False,False,False,False,False,False,False,False,True,False,False,False,True,True,False,False,False,False,False,True,False,False,True,False,False,False,True,False,False,True,False,True,False,False,True,True
64.0,8791,6,0.0,2,4,2,4,503,361,864,0,1,864,864,1728,0,2,1,3,1,2,7,6,0,2003.0,2,2,673,5,5,2,216,56,0,0,207500,0,2.5,56,2592,2,5,5,0,False,False,False,False,False,False,False,False,False,False,False,False,False,False,False,False,True,False,False,False,True,False,False,False,True,True,False,False,False,False,False,True,False,False,False,True,False,False,True,False,False,True,True,False,False,False,True,True
68.0,8814,7,180.0,2,4,2,4,1334,270,1604,0,1,1604,0,1604,1,2,1,3,1,2,8,6,1,2006.0,2,2,660,5,5,2,123,110,0,0,220000,4,3.5,110,3208,1,3,3,0,True,False,False,True,False,False,False,False,False,False,False,False,False,False,False,False,False,False,False,False,True,False,False,False,False,True,False,False,False,False,False,True,False,False,False,False,True,False,True,False,False,True,True,False,False,False,True,False
80.0,12435,7,172.0,2,4,2,4,361,602,963,0,1,963,829,1792,0,2,1,3,1,2,7,6,1,2001.0,2,2,564,5,5,2,0,96,0,0,231500,3,2.5,341,2755,2,7,7,0,True,False,False,True,False,False,False,False,False,False,False,False,False,False,False,False,False,False,False,False,True,False,False,False,True,True,False,False,False,False,False,True,False,False,True,False,False,False,True,False,False,True,True,False,False,False,True,True
70.0,12702,5,0.0,3,4,3,3,0,0,0,2,1,882,0,882,0,1,0,2,1,3,4,6,0,1956.0,3,1,308,5,5,2,0,45,0,0,97000,0,1.0,45,882,1,52,52,0,False,True,False,True,False,False,False,False,False,False,False,False,False,False,True,False,False,False,False,False,True,False,False,False,False,True,False,False,False,False,False,False,False,False,False,True,False,False,True,False,False,False,False,False,True,False,True,True
120.0,19296,6,399.0,3,4,4,1,672,0,1362,4,1,1382,0,1382,1,1,0,3,1,3,6,6,1,1991.0,3,2,884,5,5,2,0,0,252,0,176000,3,2.0,252,2744,1,47,47,0,True,False,False,True,False,False,False,False,False,False,False,True,False,False,False,False,False,False,False,False,False,False,False,False,False,True,False,False,False,False,False,False,True,True,True,False,False,True,False,False,False,True,True,False,False,False,True,True
69.0,9588,8,270.0,2,4,0,4,0,1482,1482,0,1,1482,1092,2574,0,2,1,3,1,0,10,6,1,2007.0,0,3,868,5,5,2,0,148,0,0,276000,4,2.5,148,4056,2,0,0,1,True,False,False,False,False,False,False,False,False,False,False,False,False,False,False,False,False,False,False,False,True,False,False,False,True,True,False,False,True,False,False,False,False,False,False,False,True,False,True,False,False,True,False,True,False,True,False,False
88.0,8471,6,46.0,3,4,2,0,506,0,506,4,1,1212,0,1212,1,1,0,3,1,3,6,6,1,1978.0,3,2,492,5,5,2,292,12,0,0,151000,3,2.0,12,1718,1,29,11,0,True,False,False,False,False,False,False,False,False,False,False,False,False,False,False,True,False,False,False,False,True,False,False,False,False,True,False,False,False,True,False,False,False,False,True,False,False,True,False,False,False,True,True,False,False,False,True,True
50.0,5500,5,0.0,3,4,4,4,234,0,926,4,1,926,0,1316,1,1,0,3,1,3,6,6,0,1974.0,3,2,484,5,5,2,0,0,0,0,130000,0,2.0,0,1852,1,81,9,0,False,True,False,True,False,False,False,False,False,False,False,False,False,False,True,False,False,False,False,False,True,False,False,False,False,True,False,False,False,False,False,False,True,True,False,True,False,False,False,False,False,True,False,False,True,False,True,True
30.0,5232,5,0.0,3,4,1,4,0,680,680,2,0,764,0,764,0,1,0,2,1,3,4,6,0,1965.0,3,2,504,5,5,0,0,0,0,0,73000,0,1.0,0,1444,1,83,4,0,False,True,False,False,False,False,False,False,False,False,False,False,False,False,True,False,False,False,False,False,False,False,False,False,False,True,False,False,False,False,False,False,True,True,False,True,False,False,False,False,False,False,False,False,True,False,True,True
78.0,12090,6,210.0,3,2,2,4,588,606,1422,4,1,1422,0,1422,0,2,0,3,1,2,7,6,1,1981.0,0,2,576,5,5,2,276,0,0,0,175500,3,2.0,0,2844,1,27,27,0,True,False,False,False,False,False,False,False,False,False,False,False,False,False,False,False,False,False,False,False,True,False,False,False,False,True,False,False,False,False,True,False,False,False,True,False,False,True,False,False,False,True,True,False,False,False,True,True
70.0,11207,6,0.0,3,4,2,0,714,88,802,2,1,802,709,1511,1,2,1,3,1,3,8,6,1,1997.0,0,2,413,5,5,2,95,75,0,0,185000,3,3.5,75,2313,2,9,9,0,True,False,False,False,True,False,False,False,False,False,False,False,False,False,False,False,False,False,False,False,True,False,False,False,True,True,False,False,False,False,False,True,False,False,False,True,False,False,True,False,False,True,True,False,False,False,True,True
60.0,8400,5,0.0,3,4,4,4,378,342,720,0,1,1052,720,2192,0,2,1,4,1,2,8,6,1,1939.0,3,1,240,5,5,2,262,24,0,0,179500,4,2.5,24,2492,2,69,11,0,True,False,False,True,False,False,False,False,False,False,False,False,False,False,False,False,False,False,False,False,True,False,False,False,False,True,False,False,False,False,False,False,True,True,False,True,False,False,True,False,False,True,False,False,True,False,True,True
71.0,6900,5,0.0,3,4,4,4,403,212,740,0,1,778,0,778,0,1,0,2,1,3,4,6,1,1966.0,0,1,924,0,0,2,0,25,0,0,120500,4,1.0,25,1518,1,68,53,0,False,True,False,True,False,False,False,False,False,True,False,False,False,False,False,False,False,False,False,False,True,False,False,False,False,True,False,False,False,False,False,True,False,False,False,True,False,True,False,False,False,True,False,False,True,False,True,True
67.39305143592493,7917,6,174.0,3,2,4,4,751,392,1143,4,1,1113,0,1113,1,1,1,3,1,3,6,6,1,1987.0,2,1,504,5,2,2,370,30,0,0,148000,2,2.5,30,2256,1,31,31,0,True,False,False,False,False,False,False,False,True,False,False,False,False,False,False,False,False,False,False,False,True,False,False,False,False,False,True,False,False,True,False,False,False,False,True,False,False,True,False,False,False,True,True,False,False,False,True,True
84.0,10728,8,0.0,2,4,2,2,0,1095,1095,2,1,1095,844,1939,0,2,1,3,1,2,8,6,1,2006.0,2,3,1053,5,5,2,192,51,0,0,266000,4,2.5,51,3034,2,0,0,1,False,False,False,True,False,False,False,False,False,False,False,False,False,False,False,False,True,False,False,False,True,False,False,False,True,True,False,False,False,False,False,True,False,False,False,True,False,False,True,False,False,True,True,False,False,True,False,False
73.0,39104,7,0.0,3,4,2,1,226,96,1385,0,1,1363,0,1363,1,1,0,2,1,3,5,4,2,1954.0,3,2,439,5,5,2,81,0,0,0,241500,3,2.0,0,2748,1,54,3,0,True,False,False,False,False,True,False,False,False,False,False,False,False,False,False,False,False,False,False,False,True,False,False,False,False,False,False,False,False,False,False,False,False,False,False,True,False,True,False,False,False,True,True,False,False,False,True,True
92.0,11764,8,348.0,2,4,2,4,524,628,1152,0,1,1164,1106,2270,0,2,1,4,1,2,9,6,1,1999.0,0,3,671,5,5,2,132,57,0,0,290000,4,2.5,57,3422,2,11,3,0,True,False,False,False,False,True,False,False,False,False,False,False,True,False,False,False,False,False,False,False,True,False,False,False,True,True,False,False,False,False,False,True,False,False,True,False,False,False,True,False,False,True,True,False,False,False,True,True
80.0,9600,6,183.0,3,4,4,4,620,0,1240,2,1,1632,0,1632,1,2,0,3,1,3,6,2,1,1958.0,2,1,338,5,5,2,289,0,0,0,139000,4,3.0,0,2872,1,51,21,0,True,False,False,True,False,False,False,False,False,False,False,True,False,False,False,False,False,False,False,True,False,False,False,False,False,False,True,False,False,False,False,False,True,True,False,False,False,True,False,False,False,True,True,False,False,False,True,True
76.0,8314,5,0.0,3,4,4,1,546,270,816,4,1,816,0,816,0,1,0,2,1,3,5,6,0,1982.0,3,1,264,5,5,2,168,0,0,0,124500,0,1.0,0,1632,1,25,25,0,True,False,False,True,False,False,False,False,False,False,False,False,False,False,False,False,False,False,False,False,True,False,False,False,False,True,False,False,False,True,False,False,False,False,False,True,False,True,False,False,False,True,True,False,False,False,True,True
55.0,7264,7,0.0,2,2,4,4,0,952,952,2,0,952,596,1548,0,2,1,3,1,0,5,6,0,1978.0,3,2,672,5,5,2,74,0,0,144,205000,0,2.5,144,2500,2,84,2,0,True,False,False,True,False,False,False,True,False,False,False,False,False,False,False,False,False,False,False,False,True,False,False,False,False,True,False,False,False,False,False,False,True,True,False,True,False,False,False,False,False,True,False,False,True,False,True,True
129.0,9196,7,0.0,2,4,0,4,0,1560,1560,0,1,1560,0,1560,0,2,0,3,1,2,7,6,0,2003.0,0,2,573,5,5,2,100,150,0,0,201000,0,2.0,150,3120,1,7,7,0,True,False,False,False,False,False,False,False,False,False,False,False,False,False,False,False,False,False,False,False,True,False,False,False,False,True,False,False,False,False,False,True,False,False,False,True,False,False,True,False,False,True,True,False,False,False,True,True
140.0,19138,4,0.0,3,4,4,4,120,744,864,0,1,864,0,864,0,1,0,2,1,3,4,6,0,1951.0,3,2,400,5,5,2,0,0,0,0,141000,0,1.0,0,1728,1,59,59,0,True,False,False,True,False,False,False,False,False,False,False,False,False,False,False,False,False,False,False,False,True,False,False,False,False,True,False,False,False,False,False,True,False,False,False,True,False,True,False,False,False,True,False,False,True,False,True,True
107.0,14450,9,315.0,0,4,0,1,0,2121,2121,0,1,2121,0,2121,0,2,1,3,1,0,8,6,1,2007.0,0,3,732,5,5,2,124,98,0,142,415298,5,2.5,240,4242,1,1,0,0,True,False,False,True,False,False,False,False,False,False,False,False,False,True,False,False,False,False,False,False,True,False,False,False,False,True,False,False,True,False,False,False,False,False,True,False,False,False,True,False,False,True,True,False,False,True,False,False
83.0,10005,7,299.0,3,4,2,4,392,768,1160,0,1,1156,866,2022,0,2,1,4,1,3,8,6,1,1977.0,0,2,505,5,5,2,288,117,0,0,192000,3,2.5,117,3182,2,31,31,0,True,False,False,True,False,False,False,False,False,False,False,False,False,False,False,False,False,False,False,False,True,False,False,False,True,False,True,False,False,False,False,False,False,False,True,False,False,True,False,False,False,True,True,False,False,False,True,True
82.0,11287,7,340.0,2,4,2,0,421,386,807,2,1,1175,807,1982,0,2,1,3,1,2,7,6,1,1989.0,0,2,575,5,5,2,0,84,0,0,228500,3,2.5,280,2789,2,18,18,0,True,False,False,True,False,False,False,False,False,False,False,False,False,False,False,False,False,False,False,False,True,False,False,False,True,True,False,False,False,False,False,False,False,False,True,False,False,True,False,False,False,True,True,False,False,False,True,True
60.0,7200,6,68.0,2,4,2,4,905,357,1262,2,1,1262,0,1262,0,2,0,2,1,2,5,6,0,2006.0,0,2,572,5,5,2,0,120,0,0,185000,0,2.0,120,2524,1,0,0,1,False,False,False,True,False,False,False,False,False,False,False,False,False,False,False,False,True,False,False,False,True,False,False,False,False,True,False,False,False,False,False,True,False,False,False,False,True,False,True,False,False,True,True,False,False,True,False,False
34.0,5063,7,166.0,2,4,2,4,904,410,1314,0,1,1314,0,1314,1,2,0,2,1,2,6,6,1,2008.0,2,2,626,5,5,2,172,62,0,0,207500,4,3.0,62,2628,1,2,1,0,True,False,False,True,False,False,False,False,False,False,False,False,False,True,False,False,False,False,False,False,True,False,False,True,False,True,False,False,False,False,False,True,False,False,False,False,True,False,True,False,False,True,True,False,False,False,False,True
74.0,9612,8,72.0,2,4,2,4,0,1468,1468,0,1,1468,0,1468,0,2,0,3,1,2,6,6,1,2008.0,0,3,898,5,5,2,210,150,0,0,244600,4,2.0,150,2936,1,1,0,0,True,False,False,True,False,False,False,False,False,False,False,False,False,False,False,False,True,False,False,True,False,False,False,False,False,True,False,False,False,False,False,True,False,False,False,False,True,False,True,False,False,True,True,False,False,True,False,False
50.0,8012,6,0.0,2,4,2,4,430,1145,1575,2,1,1575,0,1575,1,2,0,2,1,2,5,6,0,1992.0,2,2,529,5,5,2,0,0,52,0,179200,0,3.0,52,3150,1,15,15,0,True,False,False,True,False,False,False,False,False,False,False,False,False,False,False,False,False,False,False,False,True,False,False,False,False,True,False,False,False,False,False,False,False,False,False,True,False,False,True,False,False,True,True,False,False,False,True,True
35.0,4251,7,0.0,2,4,2,4,0,625,625,0,1,625,625,1250,0,2,1,2,1,2,5,6,0,2006.0,2,2,528,5,5,2,0,54,0,0,164700,0,2.5,54,1875,2,1,0,0,False,False,False,False,False,False,False,False,False,False,False,False,False,False,False,False,True,False,False,False,True,False,False,False,True,True,False,False,False,False,True,False,False,False,False,True,False,False,True,False,False,True,False,False,True,True,False,False
77.0,9786,6,0.0,3,4,4,4,600,312,912,4,1,1085,649,1734,0,1,1,3,1,2,7,6,1,1962.0,2,2,440,5,5,2,0,0,0,128,159000,4,1.5,128,2646,2,44,25,0,True,False,False,False,False,False,False,False,False,False,False,True,False,False,False,False,False,False,False,False,True,False,False,False,False,True,False,False,False,False,False,False,True,True,False,True,False,True,False,False,False,True,True,False,False,False,True,True
67.66465758244883,8125,4,0.0,3,4,4,4,614,244,858,4,1,858,0,858,0,1,0,3,1,3,5,6,0,0.0,1,0,0,3,3,2,0,0,0,0,88000,0,1.0,0,1716,1,35,35,0,True,False,False,False,False,False,False,False,False,False,False,True,False,False,False,False,False,False,False,False,True,False,False,False,False,True,False,False,False,True,False,False,False,False,False,True,False,True,False,False,False,True,False,False,False,False,True,True
69.87668071808086,9819,5,31.0,3,2,4,4,450,432,882,4,1,900,0,900,0,1,0,3,1,3,5,6,0,1970.0,3,1,280,5,5,2,0,0,0,0,122000,0,1.0,0,1782,1,43,43,0,True,False,False,False,False,False,False,False,False,False,False,False,False,False,False,True,False,False,False,False,True,False,False,False,False,True,False,False,False,False,True,False,False,False,True,False,False,True,False,False,False,True,False,False,True,False,True,True
60.0,8730,6,0.0,3,4,4,4,0,698,698,0,1,698,698,1396,0,1,0,3,1,3,7,6,0,2003.0,3,1,384,5,5,2,0,0,0,259,153575,0,1.0,259,2094,2,92,4,0,True,False,False,True,False,False,False,True,False,False,False,False,False,False,False,False,False,False,False,False,False,False,False,False,True,True,False,False,False,False,False,False,True,True,False,True,False,False,False,False,False,False,False,False,True,False,True,True
120.0,15611,8,0.0,2,4,2,0,0,1079,1079,0,1,1079,840,1919,0,2,1,3,1,2,8,6,1,2006.0,2,2,685,2,5,2,0,51,0,0,233230,4,2.5,51,2998,2,0,0,1,True,False,False,True,False,False,False,False,False,False,False,False,False,False,False,False,False,False,False,False,True,False,False,False,True,True,False,False,False,False,False,True,False,False,False,True,False,False,True,False,False,True,True,False,False,True,False,False
55.0,5687,5,0.0,3,1,4,4,210,570,780,0,0,936,780,1716,1,2,0,6,1,1,9,6,0,0.0,1,0,0,3,3,0,0,184,0,0,135900,0,3.0,184,2496,2,96,8,0,True,False,False,True,False,False,False,False,False,False,False,False,False,False,False,False,False,False,False,False,True,True,False,False,True,True,False,False,False,False,False,True,False,False,False,True,False,False,True,False,False,True,False,False,False,False,True,True
60.0,11409,5,0.0,3,4,4,4,292,476,768,2,1,1148,568,1716,0,1,1,3,1,3,8,3,1,1949.0,3,1,281,5,5,2,0,0,0,160,131000,4,1.5,160,2484,2,60,1,0,True,False,False,True,False,False,False,False,True,False,False,False,False,False,False,False,False,False,False,False,True,False,False,False,False,True,False,False,False,False,False,False,True,True,False,True,False,True,False,False,False,True,True,False,False,False,True,True
78.80834438261635,16659,7,34.0,3,4,4,4,795,0,795,1,1,1468,795,2263,1,2,1,3,1,2,9,6,1,1977.0,0,2,539,5,5,2,0,250,0,0,235000,3,3.5,250,3058,2,29,12,0,True,False,False,False,False,False,False,False,False,False,False,False,False,False,False,False,False,False,False,False,False,False,False,False,True,True,False,False,False,False,False,False,False,False,True,False,False,True,False,False,False,True,True,False,False,False,True,True
80.0,9600,6,238.0,3,4,4,4,1285,131,1416,4,1,1644,0,1644,1,1,0,3,1,3,7,6,2,1953.0,0,2,418,5,5,2,110,0,0,0,167000,4,2.0,0,3060,1,56,56,0,True,False,False,True,False,False,False,False,False,False,False,True,False,False,False,False,False,False,False,False,True,False,False,False,False,False,True,False,False,True,False,False,False,False,False,False,True,True,False,False,False,True,True,False,False,False,True,True
37.0,7937,6,0.0,3,4,4,0,819,184,1003,4,1,1003,0,1003,1,1,0,3,1,3,6,6,0,1984.0,3,2,588,5,5,2,120,0,0,0,142500,0,2.0,0,2006,1,22,22,0,True,False,False,False,False,True,False,False,False,False,False,False,False,False,False,False,False,False,False,False,True,False,False,False,False,True,False,False,False,True,False,False,False,False,False,True,False,True,False,False,False,True,False,False,True,False,True,True
75.0,13710,5,0.0,3,4,4,4,420,490,910,4,1,910,648,1558,0,1,1,4,1,3,6,6,0,1950.0,3,1,282,5,5,2,289,0,0,0,152000,0,1.5,0,2468,2,57,57,0,False,True,False,True,False,False,False,False,False,True,False,False,False,False,False,False,False,False,False,False,True,False,False,False,False,True,False,False,False,False,False,False,True,True,False,True,False,True,False,False,False,False,True,False,False,False,True,True
90.0,11700,6,365.0,2,4,4,4,384,143,702,2,1,1041,702,1743,0,1,2,3,1,3,7,6,1,1968.0,3,2,539,5,5,2,224,0,0,0,175000,4,2.5,0,2445,2,39,39,0,True,False,False,True,False,False,False,False,False,False,False,False,False,False,False,False,False,False,False,False,True,False,False,False,True,False,False,False,False,True,False,False,False,False,True,False,False,True,False,False,False,True,True,False,False,False,True,True
80.0,14000,6,0.0,3,2,4,4,0,1092,1092,0,1,1152,0,1152,0,1,0,3,1,2,6,6,1,1950.0,3,1,300,5,5,2,0,36,0,0,158500,4,1.5,36,2244,1,59,5,0,True,False,False,True,False,False,False,False,False,False,False,False,False,False,False,False,False,False,False,False,True,False,False,False,False,True,False,False,False,True,False,False,False,False,False,True,False,True,False,False,False,True,True,False,False,False,True,False
90.0,15750,5,56.0,3,4,4,2,841,324,1165,4,1,1336,0,1336,1,1,0,2,1,3,5,6,2,1953.0,3,1,375,5,5,2,0,0,0,0,157000,4,2.0,0,2501,1,53,53,0,True,False,False,True,False,False,False,False,False,False,False,False,False,False,False,False,False,False,False,False,True,True,False,False,False,False,True,False,False,False,True,False,False,False,True,False,False,True,False,False,False,True,True,False,False,False,True,True
66.0,16226,8,0.0,2,4,2,4,281,747,1028,0,1,1210,1242,2452,0,2,1,4,1,2,9,6,1,1998.0,0,2,683,5,5,2,208,50,0,0,267000,3,2.5,50,3480,2,9,8,0,True,False,False,False,False,False,False,False,False,False,False,False,False,False,False,False,False,False,False,False,True,False,False,False,True,True,False,False,False,False,False,True,False,False,False,True,False,False,True,False,False,True,False,True,False,False,True,True
118.0,13704,7,150.0,2,4,2,4,0,1541,1541,0,1,1541,0,1541,0,2,0,3,1,2,6,6,1,2001.0,2,3,843,5,5,2,468,81,0,0,205000,3,2.0,81,3082,1,5,4,0,True,False,False,False,False,False,False,False,False,False,False,False,False,False,False,False,False,False,False,False,True,False,False,False,False,True,False,False,False,False,False,True,False,False,True,False,False,False,True,False,False,True,True,False,False,False,True,True
70.0,9800,5,0.0,3,4,4,4,894,0,894,4,1,894,0,894,1,1,0,3,1,3,5,6,0,1975.0,3,2,552,5,5,2,256,0,0,0,149900,0,2.0,0,1788,1,34,34,0,True,False,False,True,False,False,False,False,False,False,False,False,False,False,False,False,False,False,False,False,True,False,False,False,False,True,False,False,False,False,False,True,False,False,False,True,False,False,True,False,False,True,True,False,False,False,True,False
87.0,18386,7,0.0,3,4,4,4,0,1470,1470,0,1,1675,1818,3493,0,3,0,3,1,2,10,6,1,2003.0,3,3,870,5,5,2,302,0,0,0,295000,5,3.0,0,4963,2,128,6,0,False,True,False,True,False,False,False,False,False,False,False,False,False,False,True,False,False,False,False,False,True,False,False,False,False,True,False,False,True,False,False,False,False,False,False,True,False,False,False,False,False,True,True,False,False,False,True,True
80.0,10386,8,246.0,2,4,2,4,1464,536,2000,0,1,2000,0,2000,1,2,0,3,1,2,8,6,0,2004.0,0,3,888,5,5,2,168,0,0,0,305900,0,3.0,0,4000,1,3,2,0,True,False,False,True,False,False,False,False,False,False,False,False,False,False,False,False,False,False,False,False,True,False,False,False,False,True,False,False,True,False,False,False,False,False,False,False,True,False,True,False,False,True,True,False,False,False,True,True
116.0,13474,7,246.0,2,4,2,4,700,0,700,2,1,1122,1121,2243,1,2,1,4,1,2,8,6,1,1990.0,2,3,746,5,5,2,127,44,224,0,225000,3,3.5,268,2943,2,17,16,0,True,False,False,True,False,False,False,False,False,False,False,False,False,False,False,False,False,False,False,True,False,False,False,False,True,True,False,False,False,True,False,False,False,False,True,False,False,True,False,False,False,True,True,False,False,False,True,True
67.39696883226902,7920,6,0.0,3,1,4,4,0,319,319,4,1,1035,371,1406,0,1,0,3,1,1,6,6,0,0.0,1,0,0,3,3,0,0,144,0,0,89500,0,1.0,144,1725,2,88,58,0,False,True,False,False,False,False,False,False,False,True,False,False,False,False,False,False,False,False,False,False,False,False,False,False,False,True,False,False,False,False,True,False,False,False,False,True,False,True,False,False,False,False,False,False,False,False,True,True
73.17121104346435,12342,4,0.0,3,4,4,4,262,599,861,0,1,861,0,861,0,1,0,1,1,3,4,6,0,1961.0,3,2,539,5,5,2,158,0,0,0,82500,0,1.0,0,1722,1,69,59,0,True,False,False,False,False,False,False,False,True,False,False,False,False,False,False,False,False,False,False,False,True,False,False,False,False,True,False,False,False,False,False,True,False,False,False,True,False,True,False,False,False,True,False,False,True,False,True,True
90.0,12378,9,0.0,2,4,0,1,1274,622,1896,0,1,1944,0,1944,1,2,0,3,1,0,8,6,3,2003.0,0,3,708,5,5,2,208,175,0,0,360000,5,3.0,175,3840,1,3,2,0,True,False,False,False,False,False,False,False,False,False,False,False,False,True,False,False,False,False,False,False,True,False,False,False,False,True,False,False,False,False,False,True,False,False,False,True,False,False,True,False,False,True,True,False,False,False,True,True
67.0901061186483,7685,6,112.0,3,4,2,4,518,179,697,2,1,697,804,1501,0,2,1,3,1,2,6,6,1,1993.0,0,2,420,5,5,2,190,63,0,0,165600,3,2.5,63,2198,2,13,12,0,True,False,False,False,False,False,False,False,False,False,False,False,False,False,False,False,False,False,False,False,True,False,False,False,True,True,False,False,False,True,False,False,False,False,True,False,False,False,True,False,False,True,True,False,False,False,True,True
50.0,8000,6,0.0,3,2,4,4,680,292,972,0,1,972,0,972,1,1,0,2,1,3,5,6,1,1948.0,3,1,240,5,5,2,0,0,0,0,132000,4,2.0,0,1944,1,61,7,0,True,False,False,True,False,False,False,False,False,False,False,True,False,False,False,False,False,False,False,False,True,False,False,False,False,True,False,False,False,False,False,True,False,False,False,True,False,True,False,False,False,True,False,False,True,False,True,True
65.0,7800,5,0.0,3,4,2,2,507,286,793,4,1,793,325,1118,1,1,0,3,1,3,5,6,1,1939.0,3,2,410,5,5,2,0,0,0,271,119900,4,2.0,271,1911,2,67,56,0,False,True,False,True,False,False,False,False,False,False,False,False,False,False,True,False,False,False,False,False,False,True,False,False,False,True,False,False,False,False,True,False,False,False,False,True,False,True,False,False,False,True,False,False,True,False,True,True
60.0,9600,7,0.0,3,4,4,4,16,712,728,0,1,832,809,1641,0,1,1,3,1,0,6,6,1,1925.0,3,2,546,1,5,2,0,0,234,0,178000,4,2.0,234,2369,2,81,16,0,False,True,False,True,False,False,False,False,False,False,False,False,False,False,True,False,False,False,False,False,True,False,False,False,True,True,False,False,False,False,False,False,True,True,False,True,False,False,False,False,False,True,False,False,True,False,True,True
71.0,7795,7,0.0,2,4,2,4,425,291,716,0,1,716,716,1432,1,2,1,3,1,2,6,6,1,2004.0,0,2,432,5,5,2,100,51,0,0,188500,4,3.5,51,2148,2,5,4,0,True,False,False,False,False,False,False,False,False,False,False,False,False,False,False,False,False,False,False,False,True,False,False,False,True,True,False,False,False,False,False,True,False,False,False,True,False,False,True,False,False,True,True,False,False,False,True,True
94.0,13005,7,278.0,2,4,2,4,692,153,845,4,1,1153,1200,2353,1,2,1,4,1,0,10,6,1,1983.0,2,2,484,5,5,2,288,195,0,0,260000,3,3.5,195,3198,2,29,29,0,True,False,False,False,False,False,False,False,False,False,False,False,False,False,False,False,False,False,False,False,True,False,False,False,True,True,False,False,True,False,False,False,False,False,True,False,False,True,False,False,False,True,True,False,False,False,True,True
75.0,9000,8,0.0,2,4,2,0,0,1088,1088,0,1,1088,871,1959,0,2,1,3,1,2,8,6,1,2006.0,2,3,1025,5,5,2,208,46,0,0,270000,4,2.5,46,3047,2,1,1,0,False,False,False,True,False,False,False,False,False,False,False,False,False,False,False,False,True,False,False,False,True,False,False,False,True,True,False,False,False,False,False,True,False,False,False,True,False,False,True,False,False,True,True,False,False,False,True,True
90.0,9900,7,256.0,2,4,2,1,987,360,1347,0,1,1372,1274,2646,1,2,1,4,1,2,9,6,1,1993.0,2,3,656,5,5,2,340,60,144,0,260000,3,3.5,204,3993,2,16,16,0,True,False,False,True,False,False,False,False,False,False,False,False,True,False,False,False,False,False,False,False,True,False,False,False,True,True,False,False,False,True,False,False,False,False,True,False,False,False,True,False,False,True,True,False,False,False,True,True
75.48639228282421,14115,7,225.0,3,4,2,0,1036,336,1372,4,1,1472,0,1472,1,2,0,3,1,3,6,6,2,1980.0,3,2,588,5,5,2,233,48,0,0,187500,3,3.0,48,2844,1,29,29,0,True,False,False,True,False,False,False,False,False,False,False,False,False,False,False,False,False,False,False,False,True,False,False,False,False,True,False,False,False,False,False,False,False,False,True,False,False,True,False,False,False,True,True,False,False,False,True,True
111.0,16259,9,370.0,3,4,0,0,0,1249,1249,0,1,1249,1347,2596,0,3,1,4,1,2,9,6,0,2006.0,2,3,840,5,5,2,240,154,0,0,342643,0,3.5,154,3845,2,0,0,1,True,False,False,True,False,False,False,False,False,False,False,False,False,True,False,False,False,False,False,False,True,False,False,False,True,True,False,False,False,False,False,True,False,False,False,False,True,False,True,False,False,True,True,False,False,True,False,False
99.0,12099,8,388.0,2,4,0,0,970,166,1136,0,1,1136,1332,2468,1,2,1,4,1,2,10,6,1,2004.0,0,3,872,5,5,2,184,154,0,0,354000,4,3.5,154,3604,2,3,3,0,True,False,False,False,False,False,False,False,False,False,False,False,False,True,False,False,False,False,False,False,True,False,False,False,True,True,False,False,False,False,False,True,False,False,True,False,False,False,True,False,False,True,False,True,False,False,True,True
86.0,10380,7,172.0,2,4,4,1,28,0,1502,0,1,1553,1177,2730,1,2,1,4,1,2,8,6,1,1987.0,0,2,576,5,5,2,201,96,0,0,301000,3,3.5,96,4232,2,21,20,0,True,False,False,False,False,False,False,False,False,False,False,False,False,False,False,False,False,False,False,False,True,False,False,False,True,True,False,False,False,False,False,False,False,False,True,False,False,True,False,False,False,True,True,False,False,False,True,True
49.0,5820,3,0.0,3,2,4,4,256,906,1162,0,1,1163,0,1163,1,1,0,3,1,3,6,6,0,1955.0,3,1,220,1,5,2,142,98,0,0,126175,0,2.0,98,2325,1,51,1,0,False,True,False,True,False,False,False,False,False,False,False,False,False,False,True,False,False,False,False,False,True,False,False,False,False,True,False,False,False,False,False,True,False,False,False,True,False,True,False,False,False,True,True,False,False,False,True,True
96.0,11275,7,300.0,2,2,2,4,0,710,710,0,1,1898,1080,2978,0,2,1,5,1,2,11,6,1,1961.0,0,2,564,5,5,2,240,0,0,0,242000,4,2.5,0,3688,2,43,3,0,True,False,False,True,False,False,False,False,False,False,False,True,False,False,False,False,False,False,False,False,False,False,False,False,False,False,False,False,False,False,False,False,True,True,True,False,False,True,False,False,False,True,False,True,False,False,True,True
50.0,5000,5,0.0,3,4,4,0,116,604,720,3,0,803,0,803,0,1,0,2,1,3,5,6,0,1941.0,3,2,360,5,5,2,0,0,244,0,87000,0,1.0,244,1523,1,66,57,0,False,True,False,True,False,False,False,False,False,True,False,False,False,False,False,False,False,False,False,False,False,False,False,False,False,True,False,False,False,False,True,False,False,False,False,True,False,True,False,False,True,False,False,False,True,False,True,True
32.0,10846,8,0.0,2,4,2,1,1619,100,1719,0,1,1719,0,1719,2,1,1,1,1,2,6,6,2,1993.0,0,2,473,5,5,2,122,30,0,0,324000,4,3.5,30,3438,1,15,15,0,True,False,False,False,False,True,False,False,False,False,False,False,False,False,False,False,False,False,False,False,True,False,False,False,False,True,False,False,False,False,False,False,False,False,False,True,False,False,True,False,False,True,True,False,False,False,False,True
80.0,11600,6,175.0,3,4,4,4,565,818,1383,4,1,1383,0,1383,0,1,1,3,1,3,7,6,0,1960.0,2,1,292,5,5,2,0,45,0,0,145250,0,1.5,45,2766,1,46,46,0,True,False,False,True,False,False,False,False,False,False,False,True,False,False,False,False,False,False,False,False,True,False,False,False,False,False,True,False,False,False,False,False,True,True,True,False,False,True,False,False,False,True,True,False,False,False,True,True
72.57837839672472,11888,6,0.0,3,4,4,4,0,844,844,2,0,1445,689,2134,0,2,0,5,1,2,10,6,0,1930.0,3,2,441,5,5,2,0,60,268,0,214500,0,2.0,328,2978,2,93,15,0,True,False,False,False,False,False,False,True,False,False,False,False,False,False,False,False,False,False,False,False,False,False,False,False,False,True,False,False,False,False,False,False,True,False,False,True,False,False,False,False,False,False,False,False,True,False,True,True
60.0,6402,5,0.0,3,4,4,2,0,596,596,4,0,596,596,1192,0,1,0,3,1,3,6,6,0,1920.0,3,1,189,1,1,0,0,0,137,0,78000,0,1.0,137,1788,2,89,59,0,False,True,False,True,False,False,False,False,False,True,False,False,False,False,False,False,False,False,False,False,True,False,False,False,True,True,False,False,False,False,False,False,True,False,False,True,False,False,True,False,False,True,False,False,True,False,True,True
70.92784873707956,10624,5,84.0,3,4,4,4,40,1424,1728,4,1,1728,0,1728,0,2,0,6,2,3,10,6,0,2002.0,3,1,352,5,5,2,155,0,0,0,119000,0,2.5,0,3456,1,43,43,0,True,False,False,False,False,False,False,False,False,False,False,True,False,False,False,False,False,False,False,False,True,False,True,False,False,True,False,False,False,True,False,False,False,False,True,False,False,True,False,False,False,True,False,False,True,False,True,True
70.0,8176,5,0.0,3,4,4,4,846,210,1056,1,1,1056,0,1056,1,1,0,3,1,3,6,6,0,1958.0,2,1,308,5,5,2,0,0,0,0,139000,0,2.0,0,2112,1,49,15,0,True,False,False,True,False,False,False,False,False,False,False,True,False,False,False,False,False,False,False,False,True,False,False,False,False,True,False,False,False,False,False,False,True,True,False,True,False,True,False,False,False,True,True,False,False,False,True,True
85.0,10655,8,296.0,2,4,2,4,1124,1603,3206,0,1,1629,0,1629,1,2,0,3,1,2,7,6,1,2003.0,2,3,880,5,5,2,0,0,0,0,284000,4,3.0,0,4835,1,6,5,0,True,False,False,False,False,False,False,False,False,False,False,False,False,True,False,False,False,False,False,False,True,False,False,False,False,True,False,False,False,False,False,True,False,False,True,False,False,False,True,False,False,True,True,False,False,False,True,True
59.0,8198,7,146.0,2,4,2,0,720,638,1358,0,1,1358,0,1358,1,2,0,2,1,2,6,6,1,2004.0,2,2,484,5,5,2,192,30,0,0,207000,4,3.0,30,2716,1,4,4,0,False,True,False,True,False,False,False,False,False,False,False,False,False,True,False,False,False,False,False,False,True,False,False,False,False,True,False,False,False,False,False,True,False,False,False,False,True,False,True,False,False,True,True,False,False,False,True,True
59.0,9042,6,0.0,3,4,2,1,828,115,943,2,1,943,695,1638,1,2,1,3,1,3,7,6,2,1998.0,0,2,472,5,5,2,100,38,0,0,192000,3,3.5,38,2581,2,10,10,0,True,False,False,False,False,False,False,False,False,False,False,False,False,False,False,False,False,False,False,False,True,False,False,False,True,True,False,False,False,False,False,True,False,False,False,True,False,False,True,False,False,True,True,False,False,False,True,True
86.0,14157,9,200.0,2,4,0,1,1249,673,1922,0,1,1922,0,1922,1,2,0,3,1,2,8,6,1,2005.0,0,3,676,5,5,2,178,51,0,0,377426,4,3.0,51,3844,1,2,1,0,True,False,False,False,True,False,False,False,False,False,False,False,False,False,False,False,False,True,False,False,True,False,False,False,False,False,True,False,False,False,False,True,False,False,False,False,True,False,True,False,False,True,True,False,False,False,True,True
70.0,9135,7,113.0,2,4,2,0,810,726,1536,0,1,1536,0,1536,1,2,0,3,1,2,7,6,0,2002.0,2,2,532,5,5,2,192,74,0,0,214000,0,3.0,74,3072,1,6,5,0,True,False,False,True,False,False,False,False,False,False,False,False,False,False,False,False,False,False,False,False,True,False,False,False,False,True,False,False,False,False,False,True,False,False,True,False,False,False,True,False,False,True,True,False,False,False,True,True
91.0,14145,7,0.0,2,4,2,2,213,995,1208,0,1,1621,0,1621,1,2,0,3,1,2,8,6,0,1984.0,2,2,440,5,5,2,108,45,0,0,202500,0,3.0,45,2829,1,22,8,0,True,False,False,True,False,False,False,False,False,False,False,False,False,False,False,False,False,False,False,False,True,False,False,False,False,True,False,False,False,False,False,False,True,True,False,True,False,True,False,False,False,True,True,False,False,False,True,True
66.0,12400,6,176.0,3,4,4,4,585,630,1215,4,1,1215,0,1215,0,1,0,3,1,3,6,6,0,1958.0,3,1,297,5,5,2,0,0,0,234,155000,0,1.0,234,2430,1,51,11,0,True,False,False,False,False,False,False,False,False,False,False,True,False,False,False,False,False,False,False,True,False,False,False,False,False,False,True,False,False,False,False,False,True,True,True,False,False,True,False,False,False,False,True,False,False,False,True,True
85.0,14191,8,0.0,2,4,2,4,0,967,967,0,1,993,915,1908,0,2,1,4,1,2,9,6,0,2002.0,0,2,431,5,5,2,135,0,0,0,202900,0,2.5,0,2875,2,8,8,0,True,False,False,True,False,False,False,False,False,False,False,False,False,False,False,False,False,False,True,False,True,False,False,False,True,True,False,False,False,False,False,True,False,False,False,True,False,False,True,False,False,True,True,False,False,False,True,True
60.0,8400,4,0.0,1,1,4,4,0,721,721,2,1,841,0,841,0,1,0,2,1,3,4,6,0,1950.0,3,1,294,5,5,0,250,0,24,0,82000,0,1.0,24,1562,1,59,59,0,False,False,False,True,False,False,False,False,False,False,False,False,False,False,False,False,False,False,False,True,False,False,False,False,False,True,False,False,False,False,False,False,True,False,False,True,False,True,False,False,False,True,False,False,False,False,True,True
68.21178727184069,8544,3,340.0,3,4,3,3,0,0,0,1,0,1040,0,1040,0,2,0,2,2,3,6,6,0,1949.0,3,2,400,5,5,2,0,0,0,0,87500,0,2.0,0,1040,1,57,56,0,True,False,False,True,False,False,False,False,False,False,False,True,False,False,False,False,False,False,False,False,True,False,True,False,False,True,False,False,False,False,False,False,False,False,True,False,False,False,False,True,False,False,False,False,True,False,True,True
63.0,8849,9,616.0,0,4,0,4,28,1656,1684,0,1,1684,0,1684,0,2,0,2,1,0,6,6,1,2005.0,2,2,564,5,5,2,495,72,0,0,266000,5,2.0,72,3368,1,3,3,0,True,False,False,False,False,False,False,False,False,False,False,False,False,True,False,False,False,False,False,False,True,False,False,False,False,False,True,False,False,False,True,False,False,False,True,False,False,False,True,False,False,True,True,False,False,False,True,True
36.0,2592,5,0.0,3,4,2,4,129,175,536,4,1,536,576,1112,0,1,1,3,1,3,4,6,0,1976.0,3,1,336,5,5,2,182,0,0,0,85000,0,1.5,0,1648,2,34,34,0,False,True,False,True,False,False,False,False,False,False,True,False,False,False,False,False,False,False,False,False,True,False,False,False,True,True,False,False,True,False,False,False,False,False,False,True,False,True,False,False,False,True,True,False,False,False,True,True
65.0,6435,6,0.0,3,4,4,4,0,972,972,2,1,972,605,1577,0,1,0,3,1,1,6,6,1,1939.0,3,1,312,5,5,2,0,0,0,0,140200,4,1.0,0,2549,2,67,56,0,True,False,False,True,False,False,False,True,False,False,False,False,False,False,False,False,False,False,False,False,False,False,False,False,False,True,False,False,False,False,True,False,False,False,False,True,False,False,False,False,False,True,False,False,True,False,True,True
80.03710103588068,17600,6,30.0,3,4,4,4,1270,208,1478,0,1,1478,0,1478,1,2,0,3,1,3,6,6,2,1960.0,3,2,498,5,5,2,0,40,0,0,157500,4,3.0,40,2956,1,49,49,0,True,False,False,False,False,False,False,False,False,False,False,True,False,False,False,False,False,False,False,False,True,False,False,False,False,True,False,False,False,False,False,False,True,True,True,False,False,True,False,False,False,False,True,False,False,False,True,True
36.0,2448,7,106.0,2,4,2,4,573,191,764,0,1,764,862,1626,1,2,1,2,1,2,6,6,0,2003.0,2,2,474,5,5,2,0,27,0,0,154000,0,3.5,27,2390,2,5,4,0,True,False,False,True,False,False,False,False,False,False,False,False,False,True,False,False,False,False,False,False,True,False,False,True,True,True,False,False,False,False,False,True,False,False,False,False,True,False,True,False,False,True,False,True,False,False,True,True
56.0,20431,9,870.0,0,4,0,4,1410,438,1848,0,1,1848,880,2728,1,2,1,4,1,0,10,6,2,2006.0,0,3,706,5,5,2,0,0,0,0,437154,5,3.5,0,4576,2,1,0,0,True,False,True,False,False,False,False,False,False,False,False,False,False,True,False,False,False,False,False,False,True,False,False,False,True,False,True,False,True,False,False,False,False,False,True,False,False,False,True,False,False,True,True,False,False,True,False,False
68.0,7820,9,362.0,0,4,0,4,0,1869,1869,0,1,1869,0,1869,0,2,0,2,1,0,6,6,1,2007.0,2,2,617,5,5,2,210,54,0,0,318061,4,2.0,54,3738,1,0,0,1,True,False,False,False,False,False,False,False,False,False,False,False,False,True,False,False,False,False,False,False,True,False,False,False,False,False,True,False,False,False,True,False,False,False,True,False,False,False,True,False,False,True,True,False,False,True,False,False
63.93790786043357,5271,7,0.0,3,4,2,1,1082,371,1453,2,1,1453,0,1453,1,1,1,2,1,2,6,6,1,1986.0,2,2,445,5,5,2,0,80,0,184,190000,3,2.5,264,2906,1,20,20,0,True,False,False,False,False,False,False,False,False,False,False,False,False,False,False,False,False,False,False,False,True,False,False,False,False,True,False,False,False,False,False,False,True,True,False,True,False,False,True,False,False,True,True,False,False,False,True,False
60.0,9084,5,0.0,3,4,4,2,236,0,616,4,0,616,495,1111,0,1,0,3,1,3,5,6,0,1941.0,3,1,200,5,1,2,48,0,0,0,95000,0,1.5,0,1727,2,67,58,0,True,False,False,True,False,False,False,False,True,False,False,False,False,False,False,False,False,False,False,False,False,False,False,False,False,True,False,False,False,False,False,True,False,False,False,True,False,True,False,False,False,True,False,False,True,False,False,True
60.0,8520,6,0.0,3,2,4,4,0,624,624,2,1,720,0,720,0,1,0,2,1,3,5,6,0,2005.0,3,2,484,5,5,2,106,0,0,0,105900,0,1.0,0,1344,1,82,7,0,False,True,False,True,False,False,False,False,False,False,False,False,False,False,True,False,False,False,False,False,True,False,False,False,False,True,False,False,False,False,False,True,False,False,False,True,False,False,False,False,False,True,False,False,True,False,True,True
60.0,8400,6,0.0,3,4,4,4,388,552,940,0,1,1192,403,1595,0,1,0,2,1,3,6,6,2,1940.0,3,1,240,5,5,2,0,0,108,0,140000,4,1.0,108,2535,2,66,6,0,True,False,False,True,False,False,False,False,False,False,False,False,False,False,False,False,False,False,False,False,True,False,False,False,False,True,False,False,False,False,False,False,True,False,False,True,False,True,False,False,False,True,True,False,False,False,True,True
105.0,11249,6,0.0,2,2,2,4,334,322,1200,0,1,1200,0,1200,1,2,0,3,1,2,6,6,0,1995.0,2,2,521,5,5,2,0,26,0,0,177500,0,3.0,26,2400,1,12,12,0,True,False,True,False,False,False,False,False,False,False,False,False,False,False,False,False,False,False,False,False,True,False,False,False,False,True,False,False,False,False,False,True,False,False,False,True,False,False,True,False,False,True,True,False,False,False,True,True
69.13106961392154,9248,6,106.0,3,4,2,4,560,598,1158,2,1,1167,0,1167,1,2,0,3,1,2,6,6,0,1992.0,2,2,400,5,5,2,120,26,0,0,173000,0,3.0,26,2325,1,17,17,0,True,False,False,False,False,False,False,False,False,False,False,False,False,False,False,False,False,False,False,False,True,False,False,False,False,True,False,False,False,True,False,False,False,False,True,False,False,False,True,False,False,True,True,False,False,False,True,True
44.0,4224,5,0.0,3,4,2,4,874,268,1142,4,1,1142,0,1142,1,1,1,3,1,3,6,6,1,1976.0,0,2,528,5,5,2,536,90,0,0,134000,1,2.5,90,2284,1,31,31,0,False,True,False,True,False,False,False,False,False,False,True,False,False,False,False,False,False,False,False,False,True,False,False,False,False,True,False,False,True,False,False,False,False,False,False,True,False,False,True,False,False,True,True,False,False,False,True,True
92.0,6930,5,120.0,3,4,4,0,300,468,1062,0,1,1352,0,1352,0,1,0,3,1,2,6,3,0,1958.0,3,1,288,5,5,2,168,0,294,0,130000,0,1.5,294,2414,1,48,48,0,True,False,False,False,False,False,False,False,False,False,False,False,False,False,False,False,False,False,False,False,True,False,False,False,False,False,True,False,False,False,False,False,True,False,True,False,False,True,False,False,True,False,False,True,False,False,True,False
78.0,12011,8,530.0,2,4,2,0,956,130,1086,0,1,1086,838,1924,1,2,1,3,1,2,7,6,1,1998.0,2,2,592,5,5,2,208,75,0,374,280000,3,3.5,449,3010,2,8,8,0,True,False,False,False,False,True,False,False,False,False,False,False,True,False,False,False,False,False,False,False,True,False,False,False,True,True,False,False,False,False,False,True,False,False,True,False,False,False,True,False,False,True,True,False,False,False,True,True
66.9007652953504,7540,6,0.0,3,4,2,0,773,115,888,0,1,912,0,912,1,1,0,2,1,3,5,6,1,1978.0,2,2,470,5,5,2,0,0,0,192,156000,3,2.0,192,1800,1,29,29,0,True,False,False,False,False,True,False,False,False,False,False,False,False,False,False,False,False,False,False,False,True,False,False,False,False,True,False,False,False,False,False,True,False,False,False,True,False,True,False,False,False,True,True,False,False,False,True,True
68.9952665406596,9144,5,0.0,3,4,4,4,399,484,883,2,1,988,517,1505,1,1,0,3,1,3,8,6,0,1940.0,3,1,240,5,5,0,0,0,0,0,145000,0,2.0,0,2388,2,68,26,0,True,False,False,True,False,False,False,True,False,False,False,False,False,False,False,False,False,False,False,False,True,False,False,False,False,True,False,False,False,False,True,False,False,False,False,True,False,True,False,False,False,True,False,False,True,False,True,True
64.0,7301,7,500.0,2,4,3,3,0,0,0,0,1,495,1427,1922,0,3,0,4,1,2,7,6,1,2003.0,2,2,672,5,5,2,0,0,177,0,198500,5,3.0,177,1922,2,6,6,0,True,False,False,True,False,False,False,False,True,False,False,False,False,False,False,False,False,False,False,False,True,False,False,False,False,True,False,False,False,True,False,False,False,False,True,False,False,False,False,True,False,True,False,True,False,False,False,True
21.0,1680,6,510.0,3,4,4,4,162,321,483,2,1,483,504,987,0,1,1,2,1,2,5,6,0,1972.0,3,1,264,5,5,2,250,0,0,0,118000,0,1.5,0,1470,2,37,2,0,False,True,False,True,False,False,True,False,False,False,False,False,False,False,False,False,False,False,False,False,True,False,False,True,True,True,False,False,False,True,False,False,False,False,True,False,False,True,False,False,False,True,False,False,True,False,True,True
81.60405957351848,18800,6,120.0,3,4,2,2,712,84,796,4,1,790,784,1574,1,2,1,3,1,3,6,6,1,1976.0,0,2,566,5,5,2,306,111,0,0,190000,3,3.5,111,2370,2,30,30,0,True,False,False,False,False,False,False,False,False,False,False,False,False,False,False,False,False,False,False,False,True,False,False,False,True,True,False,False,False,True,False,False,False,False,True,False,False,False,True,False,False,True,True,False,False,False,True,True
59.0,10690,5,0.0,3,2,4,4,456,216,672,2,1,672,672,1344,0,1,0,3,1,3,6,6,0,1964.0,3,1,468,5,1,2,0,128,218,0,147000,0,1.0,346,2016,2,89,12,0,False,True,False,True,False,False,False,False,False,True,False,False,False,False,False,False,False,False,False,False,True,False,False,False,True,False,True,False,False,False,False,True,False,False,False,True,False,True,False,False,False,False,False,False,True,False,True,True
69.46013090682547,9500,6,247.0,3,4,2,4,609,785,1394,2,1,1394,0,1394,1,1,1,3,1,3,6,6,2,1963.0,2,2,514,5,5,2,0,76,0,185,159000,4,2.5,261,2788,1,46,46,0,True,False,False,False,False,False,False,False,False,False,False,True,False,False,False,False,False,False,False,False,True,False,False,False,False,True,False,False,False,False,False,False,False,False,True,False,False,True,False,False,False,True,True,False,False,False,True,True
101.0,9150,6,305.0,3,4,2,1,371,728,1099,2,1,1431,0,1431,0,1,0,3,1,3,6,6,1,1962.0,2,1,296,5,5,2,64,110,0,0,165000,4,1.5,110,2530,1,46,46,0,True,False,False,False,False,False,False,False,False,False,False,True,False,False,False,False,False,False,False,False,True,False,False,False,False,True,False,False,False,False,False,False,False,False,True,False,False,True,False,False,False,True,False,False,False,False,True,True
78.0,7800,5,200.0,3,4,4,4,540,728,1268,2,1,1268,0,1268,0,1,0,2,1,3,7,6,1,1954.0,0,1,244,5,5,2,0,98,0,0,132000,4,1.0,98,2536,1,56,56,0,True,False,False,True,False,False,False,False,False,False,False,True,False,False,False,False,False,False,False,False,True,False,False,False,False,True,False,False,False,True,False,False,False,False,True,False,False,False,True,False,False,True,True,False,False,False,True,True
69.89104450467588,9830,5,0.0,3,2,4,4,72,733,1063,0,1,1287,0,1287,1,1,0,3,1,2,7,6,1,1997.0,0,2,576,5,5,2,364,17,0,182,162000,4,2.0,199,2350,1,51,4,0,True,False,False,False,False,False,False,False,False,False,False,True,False,False,False,False,False,False,False,False,True,False,False,False,False,True,False,False,False,False,False,False,True,True,False,True,False,True,False,False,False,True,False,False,True,False,True,True
67.65943438732336,8121,6,0.0,3,4,2,4,0,953,953,0,1,953,711,1664,0,2,1,3,1,3,7,6,1,2000.0,2,2,460,5,5,2,100,40,0,0,172400,3,2.5,40,2617,2,6,6,0,True,False,False,False,False,False,False,False,False,False,False,False,False,False,False,False,False,False,False,False,True,False,False,False,True,True,False,False,False,False,False,True,False,False,False,True,False,False,True,False,False,True,True,False,False,False,True,True
80.0,17120,4,0.0,3,4,3,3,0,0,0,4,1,1120,468,1588,0,2,0,4,1,3,7,3,1,1991.0,0,2,680,5,5,0,0,59,0,0,134432,4,2.0,59,1588,2,49,49,0,True,False,False,True,False,False,False,False,False,False,False,False,False,False,False,False,False,False,False,True,False,False,False,False,False,True,False,False,False,False,False,False,False,False,False,True,False,True,False,False,False,True,False,False,True,False,True,True
50.0,7175,6,0.0,3,4,2,4,623,0,744,4,1,752,0,752,1,1,0,2,1,3,4,6,0,1984.0,3,1,264,5,5,2,353,0,0,90,125000,0,2.0,90,1496,1,26,26,0,True,False,False,True,False,False,False,False,False,False,False,False,False,False,False,False,False,False,False,False,True,False,False,False,False,True,False,False,False,False,False,False,False,False,False,True,False,True,False,False,False,True,True,False,False,False,True,True
79.0,10634,5,0.0,3,4,4,4,428,0,608,4,1,1319,0,1319,1,1,0,3,1,3,5,3,0,1953.0,3,1,270,5,5,2,66,0,0,0,123000,0,2.0,0,1927,1,56,56,0,True,False,False,True,False,False,False,False,False,False,False,True,False,False,False,False,False,False,False,False,True,False,False,False,False,True,False,False,False,False,True,False,False,False,False,True,False,False,True,False,False,True,True,False,False,False,True,True
65.0,8200,7,0.0,2,4,2,4,0,847,847,0,1,847,1081,1928,0,2,1,4,1,2,8,6,1,2003.0,0,2,434,5,5,2,100,48,0,0,219500,4,2.5,48,2775,2,4,3,0,True,False,False,True,False,False,False,False,False,False,False,False,False,False,False,False,False,False,False,False,True,False,False,False,True,True,False,False,False,False,False,True,False,False,False,True,False,False,True,False,False,True,False,True,False,False,True,True
70.1391462731352,10020,1,0.0,1,1,1,1,350,333,683,2,0,904,0,904,1,0,1,1,1,1,4,0,0,0.0,1,0,0,3,3,2,0,0,0,0,61000,0,1.5,0,1587,1,87,59,0,True,False,False,False,False,False,False,False,True,False,False,False,False,False,False,False,False,False,False,False,True,False,False,False,False,True,False,False,False,False,False,False,True,True,False,True,False,False,False,False,False,False,False,False,False,False,True,True
57.0,8846,5,0.0,2,4,2,0,298,572,870,0,1,914,0,914,0,1,0,2,1,3,5,6,0,1998.0,3,2,576,5,5,2,0,0,0,0,148000,0,1.0,0,1784,1,10,10,0,True,False,False,False,False,True,False,False,False,False,False,False,False,False,False,False,False,False,False,False,True,False,False,False,False,True,False,False,False,False,False,True,False,False,False,True,False,False,True,False,False,True,False,False,True,False,True,True
102.0,11143,8,0.0,2,4,2,4,0,1580,1580,0,1,1580,886,2466,0,3,0,4,1,2,8,6,1,2004.0,2,2,610,5,5,2,159,214,0,0,340000,4,3.0,214,4046,2,3,2,0,False,False,False,False,False,False,False,False,False,False,False,False,False,False,False,False,True,False,False,False,True,False,False,False,True,True,False,False,True,False,False,False,False,False,False,True,False,False,True,False,False,True,True,False,False,False,True,True
88.0,11394,9,350.0,2,4,0,0,1445,411,1856,0,1,1856,0,1856,1,1,1,1,1,0,8,6,1,2010.0,0,3,834,5,5,2,113,0,0,0,394432,5,2.5,0,3712,1,0,0,1,True,False,False,True,False,False,False,False,False,False,False,False,False,False,False,False,False,True,False,False,True,False,False,False,False,False,True,False,False,False,False,True,False,False,False,False,True,False,True,False,False,True,True,False,False,True,False,False
60.0,8123,6,16.0,3,4,2,4,0,982,982,0,1,1007,793,1800,0,2,1,3,1,3,7,6,1,2000.0,0,2,463,5,5,2,100,63,0,0,179000,3,2.5,63,2782,2,9,9,0,True,False,False,False,False,False,False,False,False,False,False,False,False,False,False,False,False,False,False,False,False,False,False,False,True,True,False,False,False,False,False,True,False,False,True,False,False,False,True,False,False,True,True,False,False,False,True,True
50.0,5000,5,0.0,3,4,4,4,218,808,1026,4,1,1026,665,1691,0,2,0,3,1,2,6,6,1,1924.0,3,1,308,5,5,2,0,0,242,0,127000,4,2.0,242,2717,2,86,60,0,True,False,False,True,False,False,False,False,False,False,False,False,False,False,False,False,False,False,False,False,True,False,False,False,False,True,False,False,False,False,False,False,False,True,False,True,False,False,False,False,False,True,False,False,True,False,True,True
60.0,7200,7,0.0,2,4,2,4,0,1293,1293,0,1,1301,0,1301,1,2,0,2,1,2,5,6,1,2006.0,2,2,572,5,5,2,216,121,0,0,187750,4,3.0,121,2594,1,0,0,1,False,False,False,True,False,False,False,False,False,False,False,False,False,False,False,False,True,False,False,False,True,False,False,False,False,True,False,False,False,False,False,True,False,False,False,True,False,False,True,False,False,True,True,False,False,True,False,False
79.0,9245,7,0.0,2,4,2,0,0,939,939,0,1,939,858,1797,0,2,1,3,1,2,8,6,0,2006.0,2,2,639,5,5,2,144,53,0,0,213500,0,2.5,53,2736,2,1,1,0,True,False,False,False,False,False,False,False,False,False,False,False,False,False,False,False,False,False,False,False,True,False,False,False,True,True,False,False,False,False,False,True,False,False,False,True,False,False,True,False,False,True,True,False,False,False,True,True
60.0,9000,6,0.0,3,4,1,4,0,784,784,4,0,784,0,784,0,1,0,2,1,3,5,6,0,1950.0,3,2,360,1,1,0,0,0,91,0,76000,0,1.0,91,1568,1,81,59,0,False,False,False,True,False,False,False,False,False,False,False,False,False,False,False,False,False,False,False,False,True,False,False,False,False,True,False,False,False,False,False,False,True,True,False,True,False,False,False,False,False,False,False,False,True,False,True,True
126.40209836580203,53107,6,0.0,2,4,2,0,985,595,1580,0,1,1079,874,1953,1,2,1,3,1,2,9,6,2,1992.0,0,2,501,5,5,2,216,231,0,0,240000,2,3.5,231,3533,2,15,15,0,True,False,True,False,False,False,False,False,False,False,False,False,False,False,False,False,False,False,False,True,False,False,False,False,True,True,False,False,False,True,False,False,False,False,False,True,False,False,True,False,False,True,True,False,False,False,True,True
43.0,3182,8,16.0,2,4,2,4,24,1232,1256,0,1,1269,0,1269,0,2,0,2,1,2,6,6,1,2004.0,0,2,430,5,5,2,146,20,0,144,192000,3,2.0,164,2525,1,6,5,0,True,False,False,True,False,False,False,False,False,False,False,False,False,False,False,False,False,False,False,False,True,False,False,False,False,True,False,False,False,False,False,True,False,False,True,False,False,False,True,False,False,True,True,False,False,False,True,True
58.0,8410,5,0.0,3,1,4,4,0,658,658,4,1,658,526,1184,0,1,0,5,1,3,8,6,0,0.0,1,0,0,3,3,0,0,151,0,0,81000,0,1.0,151,1842,2,96,10,0,True,False,False,True,False,False,False,False,True,False,False,False,False,False,False,False,False,False,False,True,False,False,False,False,False,False,False,False,False,False,False,False,True,False,False,True,False,False,True,False,False,True,False,False,False,False,True,False
72.0,7200,6,255.0,3,4,4,0,631,410,1041,0,1,1125,0,1125,1,1,0,3,1,3,6,6,1,1977.0,3,1,352,5,5,2,296,0,0,0,125000,2,2.0,0,2166,1,33,33,0,True,False,False,True,False,False,False,False,True,False,False,False,False,False,False,False,False,False,False,False,True,False,False,False,False,False,True,False,False,False,True,False,False,False,True,False,False,True,False,False,False,True,False,False,True,False,True,False
93.0,9382,7,125.0,2,4,2,4,0,1468,1468,0,1,1479,0,1479,0,2,0,3,1,2,6,6,0,1999.0,2,2,577,5,5,2,120,25,0,0,191000,0,2.0,25,2947,1,9,8,0,True,False,False,False,False,True,False,False,False,False,False,False,False,False,False,False,False,False,False,False,True,False,False,False,False,True,False,False,False,False,False,True,False,False,True,False,False,False,True,False,False,True,True,False,False,False,True,True
96.0,12474,10,272.0,0,4,0,0,1280,402,1682,0,1,1742,590,2332,1,2,1,3,1,0,9,6,1,2008.0,0,3,846,5,5,2,196,134,0,0,426000,5,3.5,134,4014,2,1,0,0,True,False,False,True,False,False,False,False,False,False,False,False,False,True,False,False,False,False,False,False,True,False,False,False,True,True,False,False,False,False,False,True,False,False,False,False,True,False,True,False,False,True,False,True,False,True,False,False
50.0,8405,5,0.0,3,4,4,4,241,229,861,0,1,961,406,1367,1,1,0,4,1,3,7,6,0,1978.0,3,1,384,5,5,2,0,130,112,0,119000,0,2.0,242,2228,2,108,58,0,True,False,False,True,False,False,False,False,True,False,False,False,False,False,False,False,False,False,False,False,True,False,False,False,False,True,False,False,False,False,True,False,False,False,False,True,False,False,False,False,False,True,False,False,True,False,True,True
71.0,12209,6,0.0,3,4,0,4,690,114,804,0,1,804,1157,1961,1,2,1,3,1,2,7,6,1,2001.0,0,2,560,5,5,2,125,192,0,0,215000,3,3.5,192,2765,2,8,7,0,True,False,False,False,False,True,False,False,False,False,False,False,False,False,False,False,False,False,False,False,True,False,False,False,True,True,False,False,False,False,False,True,False,False,False,True,False,False,True,False,False,True,False,True,False,False,True,True
67.94409852166089,8339,5,0.0,3,4,3,3,0,0,0,4,1,882,0,882,0,1,0,3,1,3,5,6,0,1959.0,2,1,294,5,5,2,0,0,0,0,106500,0,1.0,0,882,1,48,48,0,True,False,False,False,False,False,False,False,False,False,False,True,False,False,False,False,False,False,False,False,True,False,False,False,False,True,False,False,False,False,True,False,False,False,False,True,False,False,False,True,False,True,True,False,False,False,True,True
66.7780202099021,7446,4,0.0,3,4,4,4,266,522,788,4,1,788,0,788,0,1,0,2,1,3,4,6,2,0.0,1,0,0,3,3,2,0,0,0,0,100000,3,1.0,0,1576,1,65,56,0,True,False,False,True,False,False,False,True,False,False,False,False,False,False,False,False,False,False,False,True,False,False,False,False,False,True,False,False,False,False,False,False,False,False,False,True,False,True,False,False,False,False,False,False,False,False,True,False
60.0,10134,5,0.0,3,4,4,4,0,735,735,2,1,735,299,1034,0,1,0,2,1,3,5,6,0,1940.0,3,1,240,5,5,2,0,39,0,0,109000,0,1.0,39,1769,2,67,57,0,True,False,False,True,False,False,False,False,False,False,False,False,False,False,True,False,False,False,False,False,True,False,False,False,False,True,False,False,False,False,True,False,False,False,False,True,False,True,False,False,False,False,False,False,True,False,True,True
68.0,9571,5,0.0,3,4,4,0,739,405,1144,4,1,1144,0,1144,1,1,0,3,1,3,6,6,0,1956.0,3,1,596,5,5,2,44,0,0,0,129000,0,2.0,0,2288,1,54,54,0,True,False,False,True,False,False,False,False,True,False,False,False,False,False,False,False,False,False,False,False,True,False,False,False,False,True,False,False,False,False,False,False,True,True,False,True,False,True,False,False,False,True,True,False,False,False,True,True
60.0,7200,5,0.0,3,4,4,0,777,117,894,4,1,894,0,894,0,1,0,2,1,3,6,6,0,1985.0,2,2,600,5,5,2,215,0,0,0,123000,0,1.0,0,1788,1,37,37,0,True,False,False,True,False,False,False,False,False,False,False,False,False,False,False,False,False,False,False,False,True,False,False,False,False,False,True,False,False,False,True,False,False,False,False,True,False,True,False,False,False,True,False,False,True,False,True,True
69.0,7590,5,288.0,3,4,4,4,540,324,864,4,1,876,936,1812,0,2,0,4,1,3,8,6,1,1962.0,2,1,264,5,5,2,0,168,0,0,169500,3,2.0,168,2676,2,45,45,0,True,False,False,True,False,False,False,False,False,False,False,True,False,False,False,False,False,False,False,False,False,False,False,False,True,True,False,False,False,False,False,True,False,False,True,False,False,True,False,False,False,True,True,False,False,False,True,True
60.0,8967,5,0.0,3,1,1,4,0,961,961,2,1,1077,0,1077,0,1,0,2,1,3,6,1,0,1920.0,3,1,338,4,4,0,0,0,0,0,67000,0,1.0,0,2038,1,87,57,0,False,True,False,True,False,False,False,False,False,True,False,False,False,False,False,False,False,False,False,False,True,False,False,False,False,True,False,False,False,False,True,False,False,False,False,True,False,False,False,False,False,False,False,False,True,False,True,False
65.0,8125,7,100.0,2,4,2,4,812,280,1092,0,1,1112,438,1550,1,2,0,2,1,2,7,6,0,2007.0,0,2,438,5,5,2,0,168,0,0,241000,0,3.0,168,2642,2,3,2,0,False,False,False,True,False,False,False,False,False,False,False,False,False,False,False,False,True,False,False,False,True,False,False,False,True,True,False,False,True,False,False,False,False,False,False,False,True,False,True,False,False,True,True,False,False,False,True,True
38.0,14963,8,0.0,2,4,2,4,786,474,1260,0,1,1288,0,1288,1,1,1,1,1,0,4,6,2,1996.0,0,2,500,5,5,2,120,30,0,224,245500,4,2.5,254,2548,1,12,12,0,True,False,True,False,False,False,False,False,False,False,False,False,False,False,False,False,False,False,False,False,True,False,False,False,False,True,False,False,False,False,False,False,False,False,False,True,False,False,True,False,False,True,True,False,False,False,True,True
65.0,8767,7,0.0,2,4,2,0,24,1286,1310,0,1,1310,0,1310,0,2,0,3,1,2,6,6,1,2005.0,0,2,400,5,5,2,0,0,0,0,164990,4,2.0,0,2620,1,1,1,0,True,False,False,False,False,False,False,False,False,False,False,False,False,False,False,False,False,False,False,False,True,False,False,False,False,True,False,False,False,False,False,True,False,False,False,True,False,False,True,False,False,True,True,False,False,True,False,False
60.0,10200,5,0.0,3,4,4,4,0,672,672,0,1,672,0,672,0,1,0,2,1,3,4,6,0,1940.0,3,1,240,5,5,0,168,0,0,0,108000,0,1.0,0,1344,1,68,11,0,True,False,False,True,False,False,False,False,False,False,False,False,False,False,False,True,False,False,False,False,True,False,False,False,False,True,False,False,False,False,False,False,True,True,False,True,False,False,True,False,False,True,False,False,True,False,True,True
93.0,12090,8,650.0,2,4,2,4,0,1141,1141,2,1,1165,1098,2263,0,2,1,4,1,2,10,6,1,1998.0,0,2,420,5,5,2,144,123,0,0,258000,3,2.5,123,3404,2,8,8,0,True,False,False,True,False,False,False,False,False,False,False,False,True,False,False,False,False,False,False,False,True,False,False,False,True,False,True,False,False,False,False,True,False,False,True,False,False,False,True,False,False,True,False,True,False,False,True,False
70.5883410539247,10364,6,0.0,3,4,2,4,0,806,806,2,1,806,766,1572,0,2,1,3,1,3,7,6,1,1995.0,0,2,373,5,5,2,0,40,0,0,168000,3,2.5,40,2378,2,12,11,0,True,False,False,False,False,False,False,False,False,False,False,False,False,False,False,False,False,False,False,False,True,False,False,False,True,True,False,False,False,False,True,False,False,False,False,True,False,False,True,False,False,True,False,True,False,False,True,True
70.10127810847561,9991,4,0.0,3,4,4,4,1116,165,1281,0,1,1620,0,1620,1,2,0,3,1,3,8,2,1,1993.0,3,2,490,5,5,2,120,78,0,0,150000,3,3.0,78,2901,1,33,16,0,True,False,False,False,False,False,False,False,False,False,False,False,False,False,False,True,False,False,False,True,False,False,False,False,False,True,False,False,False,False,False,False,False,False,False,True,False,True,False,False,False,True,True,False,False,False,True,True
51.0,10480,6,0.0,3,4,4,4,0,1064,1064,0,1,1166,0,1639,0,1,0,3,1,3,6,1,0,1936.0,3,1,240,5,5,2,0,0,0,0,115000,0,1.0,0,2230,1,72,58,0,True,False,False,True,False,False,False,False,False,False,False,False,False,False,False,False,False,False,False,False,True,False,False,False,False,True,False,False,False,False,True,False,False,False,False,True,False,False,False,False,False,False,False,False,True,False,True,True
63.0,15576,6,0.0,3,4,2,4,0,840,840,0,1,840,840,1680,0,2,0,4,1,3,8,6,0,1960.0,3,1,308,5,5,2,0,0,160,0,177000,0,2.0,160,2520,2,93,32,0,True,False,False,True,False,False,False,False,False,False,False,False,False,False,False,False,False,False,False,False,True,False,False,False,True,True,False,False,False,False,False,False,True,False,False,True,False,False,False,False,False,True,True,False,False,False,True,True
109.0,14154,7,350.0,2,4,0,4,0,1063,1063,0,1,1071,1101,2172,0,2,1,3,1,2,9,6,1,2006.0,2,3,947,5,5,2,192,62,0,0,280000,4,2.5,62,3235,2,1,1,0,True,False,False,True,False,False,False,False,False,False,False,False,False,True,False,False,False,False,False,False,True,False,False,False,True,True,False,False,False,False,False,True,False,False,True,False,False,False,True,False,False,True,True,False,False,True,False,False
85.0,10800,8,100.0,2,4,0,4,789,245,1034,0,1,1050,1028,2078,1,2,1,3,1,0,8,6,1,2008.0,0,3,836,5,5,2,0,102,0,0,339750,4,3.5,102,3112,2,1,0,0,False,False,False,True,False,False,False,False,False,False,False,False,False,False,False,False,True,False,False,False,True,False,False,False,True,True,False,False,False,False,False,True,False,False,False,False,True,False,True,False,False,True,True,False,False,True,False,False
68.0,9571,5,0.0,3,1,4,4,0,1276,1276,4,1,1276,0,1276,0,1,0,3,1,3,5,4,0,1958.0,3,1,350,5,5,2,0,0,0,0,60000,0,1.0,0,2552,1,51,51,0,True,False,False,True,False,False,False,False,True,False,False,False,False,False,False,False,False,False,False,False,True,False,False,False,False,True,False,False,False,False,False,False,False,False,False,True,False,True,False,False,False,False,True,False,False,False,False,False
100.0,34650,5,0.0,3,4,4,2,1056,0,1056,4,0,1056,0,1056,1,1,0,3,1,3,5,6,0,1955.0,0,2,572,5,5,2,264,0,0,0,145000,0,2.0,0,2112,1,51,51,0,True,False,False,True,False,False,False,False,False,False,False,False,False,False,False,False,False,False,False,False,True,True,False,False,False,False,True,False,False,False,False,False,True,True,False,True,False,True,False,False,False,True,True,False,False,False,True,True
62.80447451820889,4403,7,432.0,0,4,0,0,578,892,1470,0,1,1478,0,1478,1,2,1,2,1,2,7,6,1,2009.0,0,2,484,5,5,2,0,144,0,0,222000,4,3.5,144,2948,1,1,1,0,False,False,True,False,False,False,False,False,False,False,False,False,False,False,False,False,True,False,False,False,True,False,False,False,False,True,False,False,False,False,True,False,False,False,False,False,True,False,True,False,False,True,True,False,False,True,False,False
56.0,8960,5,0.0,3,4,4,4,0,1008,1008,2,1,1028,0,1028,0,1,0,2,1,3,5,6,1,1927.0,3,2,360,5,5,2,0,0,130,0,115000,4,1.0,130,2036,1,83,60,0,False,True,False,True,False,False,False,False,False,False,False,False,False,False,True,False,False,False,False,False,False,False,False,False,False,True,False,False,False,False,False,False,False,False,False,True,False,True,False,False,False,False,False,False,True,False,True,True
59.0,11228,7,0.0,2,4,2,4,50,499,1080,0,1,1080,1017,2097,0,2,1,3,1,2,9,6,1,1993.0,3,3,678,5,5,2,196,187,0,0,228000,3,3.0,187,3177,2,15,15,0,True,False,True,False,False,True,False,False,False,False,False,False,False,False,False,False,False,False,False,False,True,False,False,False,True,True,False,False,False,False,False,True,False,False,False,True,False,False,True,False,False,True,True,False,False,False,True,True
73.0,8899,7,0.0,2,4,2,0,24,1316,1340,0,1,1340,0,1340,0,2,0,3,1,2,6,6,0,2007.0,0,2,396,5,5,2,100,30,0,0,181134,0,2.0,30,2680,1,0,0,1,True,False,False,False,False,False,False,False,False,False,False,False,False,False,False,False,False,False,False,False,True,False,False,False,False,True,False,False,False,False,False,True,False,False,False,True,False,False,True,False,False,True,True,False,False,True,False,False
74.0,7844,6,203.0,3,4,4,4,209,463,672,4,1,672,728,1400,0,1,1,3,1,3,6,6,1,1978.0,0,2,440,5,5,2,0,0,0,0,149500,3,1.5,0,2072,2,28,28,0,True,False,False,True,False,False,False,False,False,False,False,False,False,False,False,True,False,False,False,False,True,False,False,False,True,False,True,False,False,True,False,False,False,False,True,False,False,True,False,False,False,True,True,False,False,False,True,True
86.0,22420,6,0.0,3,4,2,4,1128,242,1370,4,0,1370,1254,2624,1,2,1,4,1,3,10,6,1,1918.0,3,3,864,5,5,0,0,0,0,0,239000,4,3.5,0,3994,2,89,57,0,True,False,False,False,False,False,False,False,False,False,False,False,False,False,False,False,False,False,False,True,False,False,False,False,True,False,True,False,False,False,False,False,True,False,False,True,False,False,False,False,False,False,False,False,True,False,True,True
60.0,8160,5,0.0,3,4,4,4,312,444,756,1,0,756,378,1134,1,1,1,3,1,3,7,6,0,1940.0,3,1,240,5,5,1,0,0,0,0,126000,0,2.5,0,1890,2,67,57,0,True,False,False,True,False,False,False,False,True,False,False,False,False,False,False,False,False,False,False,False,True,False,False,False,False,True,False,False,False,False,True,False,False,False,False,True,False,False,False,False,True,False,False,False,True,False,True,False
65.0,8450,5,0.0,3,4,4,4,775,281,1056,0,1,1056,0,1056,1,1,0,3,1,3,6,6,1,1968.0,3,1,304,5,5,2,0,85,184,0,142000,2,2.0,269,2112,1,42,42,0,True,False,False,True,False,False,False,False,False,False,False,True,False,False,False,False,False,False,False,False,True,False,False,False,False,True,False,False,False,False,False,True,False,False,False,True,False,True,False,False,False,True,True,False,False,False,True,True
78.0,7060,7,200.0,3,2,2,1,1309,35,1344,0,1,1344,0,1344,2,2,0,2,2,3,8,6,0,1997.0,0,4,784,5,5,2,0,0,0,0,206300,0,4.0,0,2688,1,11,10,0,False,True,False,True,False,False,False,False,False,False,False,False,False,False,False,False,False,False,False,False,True,False,True,False,False,True,False,False,False,False,False,True,False,False,True,False,False,False,True,False,False,True,True,False,False,False,True,False
78.77700521186361,16635,6,126.0,2,4,2,4,1246,356,1602,2,1,1602,0,1602,0,2,0,3,1,2,8,6,1,1977.0,0,2,529,5,5,2,240,0,0,0,215000,3,2.5,0,3204,1,32,9,0,True,False,False,False,False,False,False,False,False,False,False,False,False,False,False,False,False,False,False,False,True,False,False,False,False,True,False,False,True,False,False,False,False,False,False,False,True,True,False,False,False,True,True,False,False,False,True,True
100.0,21750,5,0.0,3,4,4,4,0,988,988,0,1,988,0,988,0,1,0,2,1,3,4,6,0,1954.0,2,2,520,5,5,0,0,0,0,0,113000,0,1.0,0,1976,1,54,54,0,True,False,False,True,True,False,False,False,False,False,False,False,False,False,False,False,False,False,False,False,False,False,False,False,False,False,True,False,False,True,False,False,False,False,False,True,False,True,False,False,False,False,True,False,False,False,True,True
80.0,9200,8,473.0,2,4,2,4,986,484,1470,2,1,1470,1160,2630,1,2,1,4,1,2,8,6,1,1998.0,0,3,696,5,5,2,0,66,0,0,315000,3,3.5,66,4100,2,10,10,0,True,False,False,True,False,False,False,False,False,False,False,False,True,False,False,False,False,False,False,False,True,False,False,False,True,True,False,False,False,False,False,True,False,False,True,False,False,False,True,False,False,True,True,False,False,False,True,True
72.0,9000,6,74.0,3,4,2,4,616,580,1196,2,1,1196,0,1196,1,1,0,2,1,3,6,6,1,1956.0,2,1,297,5,5,2,0,44,0,0,139000,4,2.0,44,2392,1,52,52,0,True,False,False,True,False,False,False,False,False,False,False,True,False,False,False,False,False,False,False,False,True,False,False,False,False,True,False,False,False,False,False,False,True,True,True,False,False,True,False,False,False,False,True,False,False,False,True,True
60.0,3378,7,0.0,3,2,4,4,0,651,651,2,1,707,682,1389,0,1,1,3,1,3,6,6,2,1947.0,3,1,240,5,5,1,0,0,126,0,135000,4,1.5,126,2040,2,63,17,0,False,True,False,True,True,False,False,False,False,False,False,False,False,False,True,False,False,False,False,False,True,False,False,False,True,True,False,False,False,True,False,False,False,False,False,True,False,True,False,False,False,True,False,False,True,False,True,True
73.76926688532944,12800,7,145.0,2,4,2,1,1518,0,1518,2,1,1644,0,1644,1,2,0,2,1,2,5,6,1,1989.0,0,2,569,5,5,2,80,0,0,396,275000,3,3.5,396,3162,1,20,20,0,True,False,False,True,False,False,False,False,False,False,False,False,False,False,False,False,False,False,False,False,True,False,False,False,False,True,False,False,False,False,False,False,True,True,True,False,False,False,True,False,False,True,True,False,False,False,True,True
77.0,8593,4,0.0,3,4,4,4,288,619,907,0,1,907,0,907,0,1,0,3,1,3,5,6,0,1964.0,3,1,352,5,5,2,0,0,0,0,109008,0,1.0,0,1814,1,51,51,0,True,False,False,False,False,False,False,False,False,False,False,True,False,False,False,False,False,False,False,False,True,False,False,False,False,False,True,False,False,False,True,False,False,False,False,True,False,True,False,False,False,True,False,False,True,False,True,True
64.0,6762,7,108.0,2,4,2,4,664,544,1208,0,1,1208,0,1208,1,2,0,2,1,2,6,6,0,2007.0,2,2,628,5,5,2,105,54,0,0,195400,0,3.0,54,2416,1,0,0,1,True,False,False,True,False,False,False,False,False,False,False,False,False,False,False,False,False,False,False,False,True,False,False,False,False,True,False,False,False,False,False,True,False,False,True,False,False,False,True,False,False,True,True,False,False,True,False,False
130.0,11457,6,0.0,3,4,2,2,1005,387,1392,4,1,1412,0,1412,1,2,0,3,1,2,6,6,1,1988.0,3,2,576,5,5,2,0,0,169,0,175000,3,3.0,169,2804,1,21,21,0,True,False,False,False,False,False,False,False,False,False,False,False,False,False,False,False,False,False,True,False,True,False,False,False,False,True,False,False,False,True,False,False,False,False,False,True,False,True,False,False,False,True,True,False,False,False,True,True
21.0,1680,6,232.0,3,4,4,4,387,96,483,4,1,483,504,987,0,1,1,2,1,3,4,6,0,1971.0,3,1,264,5,5,2,0,0,0,0,85400,0,1.5,0,1470,2,37,37,0,False,True,False,True,False,False,True,False,False,False,False,False,False,False,False,False,False,False,False,False,True,False,False,True,True,True,False,False,False,True,False,False,False,False,True,False,False,True,False,False,False,True,False,False,True,False,False,False
60.0,5586,6,0.0,3,4,4,4,0,901,901,2,1,1088,110,1198,0,1,0,4,1,3,7,6,0,0.0,1,0,0,3,3,0,0,98,0,0,79900,0,1.0,98,2099,2,88,10,0,False,True,False,False,False,False,False,False,False,False,False,False,False,False,True,False,False,False,False,True,False,False,False,False,False,True,False,False,False,False,True,False,False,False,False,True,False,False,False,False,False,True,False,False,False,False,False,False
24.0,1920,5,376.0,3,4,4,4,471,294,765,0,1,765,600,1365,1,1,1,2,1,3,6,2,0,1971.0,3,2,440,5,5,2,240,36,0,0,122500,0,2.5,36,2130,2,36,36,0,False,True,False,True,False,False,True,False,False,False,False,False,False,False,False,False,False,False,False,False,True,False,False,False,True,True,False,False,False,True,False,False,False,False,True,False,False,True,False,False,False,True,False,False,True,False,True,True
100.0,10839,6,0.0,3,4,2,4,0,926,926,0,1,926,678,1604,0,2,1,3,1,3,7,6,1,1997.0,0,2,470,5,5,2,0,36,0,0,181000,3,2.5,36,2530,2,11,10,0,True,False,False,False,False,False,False,False,False,False,False,False,False,False,False,False,False,False,False,False,True,False,False,False,True,True,False,False,False,False,False,True,False,False,False,True,False,False,True,False,False,True,True,False,False,False,True,True
21.0,1890,4,0.0,3,2,2,0,495,135,630,2,1,630,0,630,1,1,0,1,1,3,3,6,0,0.0,1,0,0,3,3,2,88,0,0,0,81000,0,2.0,0,1260,1,36,36,0,False,True,False,True,False,False,False,False,False,False,True,False,False,False,False,False,False,False,False,False,True,False,False,True,False,True,False,False,True,False,False,False,False,False,False,True,False,True,False,False,False,True,False,False,False,False,True,True
43.0,10667,7,0.0,2,4,2,0,385,70,799,0,1,827,834,1661,1,2,1,3,1,2,6,6,1,1996.0,2,2,550,5,5,2,158,61,0,0,212000,3,3.5,61,2460,2,13,13,0,True,False,True,False,False,True,False,False,False,False,False,False,False,False,False,False,False,False,False,False,False,False,False,False,True,True,False,False,False,False,False,True,False,False,False,True,False,False,True,False,False,True,True,False,False,False,False,True
40.0,4400,6,0.0,3,4,1,4,0,648,648,4,1,734,384,1118,0,1,0,2,1,3,6,6,0,1990.0,3,2,440,5,5,2,0,0,0,0,116000,0,1.0,0,1766,2,86,56,0,False,True,False,True,False,False,False,False,False,False,False,False,False,False,True,False,False,False,False,False,True,False,False,False,False,True,False,False,False,False,False,False,False,False,False,True,False,False,False,False,False,False,False,False,True,False,True,True
50.0,6000,6,0.0,2,4,4,4,0,884,884,2,1,904,0,904,0,1,0,2,1,3,4,6,0,1926.0,3,1,180,5,5,2,0,0,105,0,119000,0,1.0,105,1788,1,83,5,0,False,True,False,True,False,False,False,True,False,False,False,False,False,False,False,False,False,False,False,False,True,False,False,False,False,True,False,False,False,False,False,False,True,True,False,True,False,False,True,False,False,True,False,False,True,False,True,True
40.0,4280,5,0.0,3,4,4,4,365,75,440,4,0,694,0,694,0,1,0,2,1,2,4,6,1,1990.0,3,1,352,2,5,1,0,0,34,0,90350,4,1.0,34,1134,1,94,5,0,True,False,False,True,False,False,False,False,False,False,False,False,False,False,False,False,False,False,False,False,True,False,False,False,False,True,False,False,False,False,False,False,False,False,False,True,False,False,True,False,False,True,False,False,True,False,True,True
67.0,12354,6,0.0,3,4,4,2,0,684,684,2,1,684,512,1196,0,1,0,3,1,2,7,6,0,2005.0,3,2,528,5,5,2,0,46,0,0,110000,0,1.0,46,1880,2,89,9,0,True,False,False,True,False,False,False,False,True,False,False,False,False,False,False,False,False,False,False,False,True,False,False,False,False,True,False,False,False,False,False,False,True,True,False,True,False,False,False,False,False,True,False,False,True,False,False,True
105.0,15431,10,200.0,0,4,0,1,1767,788,3094,0,1,2402,0,2402,1,2,0,2,1,0,10,6,2,2008.0,0,3,672,5,5,2,0,72,0,170,555000,4,3.0,242,5496,1,1,1,0,True,False,False,True,False,False,False,False,False,False,False,False,False,True,False,False,False,False,False,False,True,False,False,False,False,False,True,False,False,False,False,True,False,False,False,False,True,False,True,False,False,True,True,False,False,False,True,True
92.0,12108,4,270.0,3,4,4,4,133,1307,1440,4,0,1440,0,1440,0,2,0,4,2,1,8,6,0,0.0,1,0,0,3,3,2,0,0,0,0,118000,0,2.0,0,2880,1,53,53,0,True,False,False,True,False,False,False,False,True,False,False,False,False,False,False,False,False,False,False,False,True,False,True,False,False,True,False,False,False,False,False,True,False,False,True,False,False,True,False,False,True,False,False,False,False,False,True,True
52.0,6240,5,0.0,3,4,4,4,0,1078,1078,4,1,1128,445,1573,0,2,0,3,1,3,8,6,1,1930.0,3,2,360,5,5,1,0,0,0,0,162900,4,2.0,0,2651,2,78,16,0,False,True,False,True,False,False,False,True,False,False,False,False,False,False,False,False,False,False,False,False,True,False,False,False,False,True,False,False,False,False,True,False,False,False,False,True,False,False,True,False,False,True,False,False,True,False,True,True
53.0,3922,7,72.0,2,4,0,0,0,1258,1258,0,1,1258,0,1258,0,2,0,2,1,2,6,6,1,2007.0,0,3,648,5,5,2,144,16,0,0,172500,4,2.0,16,2516,1,1,0,0,True,False,False,True,False,False,False,False,False,False,False,False,False,False,False,False,False,False,False,False,True,False,False,False,False,True,False,False,False,False,False,False,False,False,True,False,False,False,True,False,False,True,True,False,False,True,False,False
70.0,8750,7,0.0,2,2,2,4,642,273,915,0,1,933,975,1908,1,2,1,4,1,2,8,6,1,1994.0,3,2,493,5,5,2,144,133,0,0,210000,3,3.5,133,2823,2,14,13,0,True,False,False,True,False,False,False,False,False,False,False,False,False,False,False,False,False,False,False,False,True,False,False,False,True,True,False,False,False,False,False,True,False,False,False,True,False,False,True,False,False,True,True,False,False,False,True,True
73.0,9855,6,0.0,3,4,4,4,0,1436,1436,1,1,1689,0,1689,0,1,0,3,1,3,7,6,1,1956.0,3,2,480,5,5,2,0,0,0,0,127500,4,1.0,0,3125,1,53,53,0,True,False,False,True,False,False,False,False,True,False,False,False,False,False,False,False,False,False,False,False,True,False,False,False,False,False,True,False,False,False,False,False,True,True,False,True,False,True,False,False,False,True,True,False,False,False,False,True
137.0,16492,6,0.0,2,4,4,4,247,557,1517,0,1,1888,0,1888,0,2,1,2,1,2,6,4,1,1966.0,0,2,578,5,5,2,0,0,0,0,190000,4,2.5,0,3405,1,44,8,0,True,False,False,False,False,False,False,False,False,False,False,True,False,False,False,False,False,False,False,False,False,False,False,False,False,True,False,False,False,False,False,False,False,False,False,True,False,True,False,False,False,True,True,False,False,False,True,True
71.69827001808481,11214,7,0.0,2,4,2,4,0,930,930,2,1,956,930,1886,0,2,1,4,1,2,10,6,1,1998.0,0,2,431,5,5,2,89,0,0,0,199900,3,2.5,0,2816,2,8,7,0,True,False,False,False,False,False,False,False,False,False,False,False,False,False,False,False,False,False,False,False,True,False,False,False,True,True,False,False,False,False,False,True,False,False,False,True,False,False,True,False,False,True,True,False,False,False,True,True
50.0,8600,6,0.0,3,4,4,4,0,780,780,4,1,780,596,1376,0,2,0,3,1,3,7,6,1,1937.0,3,1,198,5,5,0,0,0,0,0,119500,4,2.0,0,2156,2,69,56,0,False,True,False,True,False,False,False,False,False,True,False,False,False,False,False,False,False,False,False,False,True,False,False,False,False,True,False,False,False,False,True,False,False,False,False,True,False,False,False,False,False,True,False,False,True,False,True,True
50.0,6000,3,0.0,3,2,4,4,331,318,649,0,1,679,504,1183,0,1,1,2,1,3,6,6,0,1981.0,3,1,308,5,5,2,0,176,0,0,120000,0,1.5,176,1832,2,59,5,0,False,True,False,True,False,False,False,False,False,False,False,False,False,False,True,False,False,False,False,False,True,False,False,False,False,True,False,False,False,False,True,False,False,False,False,True,False,True,False,False,False,True,False,False,True,False,True,True
70.0,5684,6,0.0,3,4,4,4,0,813,813,0,1,813,0,813,0,1,0,2,1,2,5,6,0,1932.0,3,1,270,1,1,0,0,113,0,0,110000,0,1.0,113,1626,1,76,1,0,False,True,False,True,False,False,False,False,False,False,False,False,False,False,True,False,False,False,False,False,True,False,False,False,False,False,True,False,False,False,False,False,True,True,False,True,False,False,False,False,False,False,False,False,True,False,True,True
62.0,70761,7,0.0,3,4,2,1,655,878,1533,4,1,1533,0,1533,1,2,0,2,1,2,5,6,2,1975.0,3,2,576,5,5,2,200,54,0,0,280000,3,3.0,54,3066,1,31,31,0,True,False,False,False,False,False,False,False,False,False,False,False,False,False,False,False,False,False,False,False,True,False,False,False,False,True,False,True,False,False,False,False,False,False,False,True,False,True,False,False,False,True,True,False,False,False,True,True
69.2028885468966,9303,6,42.0,2,4,0,4,742,130,872,0,1,888,868,1756,1,2,1,3,1,3,7,6,0,1996.0,0,2,422,5,5,2,144,122,0,0,204000,0,3.5,122,2628,2,11,10,0,True,False,False,False,False,False,False,False,False,False,False,False,False,False,False,False,False,False,True,False,True,False,False,False,True,False,True,False,False,False,False,True,False,False,True,False,False,False,True,False,False,True,True,False,False,False,True,True
75.0,9000,8,0.0,2,4,2,4,0,768,768,0,1,786,804,1590,0,2,1,3,1,2,6,6,0,2008.0,2,2,676,5,5,2,0,30,0,0,210000,0,2.5,30,2358,2,1,1,0,False,False,False,True,False,False,False,False,False,False,False,False,False,False,False,False,True,False,False,False,True,False,False,False,True,True,False,False,False,False,False,True,False,False,False,True,False,False,True,False,False,True,True,False,False,False,True,True
63.0,9297,5,0.0,3,4,4,4,1606,122,1728,4,1,1728,0,1728,2,2,0,4,2,3,8,6,0,1976.0,3,2,560,5,5,2,0,0,0,0,188000,0,4.0,0,3456,1,30,30,0,True,False,False,True,False,False,False,False,False,False,False,False,False,False,False,False,False,False,False,False,True,False,True,False,False,True,False,False,False,False,False,False,False,False,False,True,False,True,False,False,False,True,False,False,True,False,True,False
80.0,9600,7,320.0,3,4,4,4,916,326,1242,1,1,1242,0,1242,0,1,1,3,1,3,6,6,1,1973.0,3,2,528,5,5,2,0,0,0,0,175500,3,1.5,0,2484,1,34,34,0,True,False,False,True,False,False,False,False,False,False,False,False,False,False,False,False,False,False,False,False,True,False,False,False,False,False,True,False,False,True,False,False,False,False,True,False,False,True,False,False,False,True,True,False,False,False,True,True
34.0,4571,5,0.0,3,4,4,4,0,624,624,1,0,624,720,1344,0,1,0,4,1,3,7,6,0,1916.0,3,3,513,1,1,2,0,0,96,0,98000,0,1.0,96,1968,2,92,58,0,False,True,False,True,False,False,False,False,False,False,False,False,False,False,True,False,False,False,False,False,True,False,False,False,True,True,False,False,False,False,False,False,False,False,False,True,False,False,False,False,False,True,False,False,True,False,False,False
126.55879421956581,53227,4,0.0,3,4,2,1,1116,248,1364,0,1,1663,0,1663,1,1,0,2,1,2,6,2,2,1954.0,0,2,529,5,5,2,224,137,0,0,256000,4,2.0,137,3027,1,54,14,0,True,False,False,False,False,True,False,False,False,False,False,False,False,False,False,False,False,False,False,False,True,False,False,False,False,False,False,False,False,False,False,False,False,False,False,True,False,True,False,False,False,True,True,False,False,False,True,True
63.71461626882018,5100,8,0.0,3,2,4,4,0,588,588,1,1,833,833,1666,0,1,0,3,1,2,7,6,1,1925.0,3,1,228,5,5,2,192,63,0,0,161000,4,1.0,63,2254,2,83,12,0,False,True,False,True,False,False,False,False,False,False,False,False,False,False,True,False,False,False,False,False,True,False,False,False,True,False,True,False,False,False,False,False,False,False,False,True,False,False,True,False,False,True,False,False,True,False,True,True
66.21522093513386,7015,5,161.0,3,4,4,4,185,524,709,4,1,979,224,1203,1,1,0,3,1,2,5,6,1,1950.0,3,1,352,5,5,2,0,0,248,0,110000,3,2.0,248,1912,2,59,59,0,True,False,False,False,False,False,False,True,False,False,False,False,False,False,False,False,False,False,False,False,True,False,False,False,False,True,False,False,False,False,True,False,False,False,False,False,False,True,False,False,False,True,False,False,True,False,True,True
75.0,8004,8,110.0,2,4,2,4,544,288,832,0,1,832,1103,1935,1,2,1,3,1,3,8,6,0,2009.0,0,2,552,5,5,2,0,150,0,0,263435,0,3.5,150,2767,2,0,0,1,False,False,False,False,False,False,False,False,False,False,False,False,False,False,False,False,True,False,False,False,False,False,False,False,True,True,False,False,False,False,False,True,False,False,False,False,True,False,True,False,False,True,False,True,False,True,False,False
60.0,7200,7,0.0,2,2,2,4,350,0,560,0,1,575,560,1135,1,1,0,3,1,2,6,6,0,1971.0,2,2,576,5,5,2,256,0,0,0,155000,0,2.0,0,1695,2,73,2,0,True,False,False,True,False,False,False,False,False,False,False,False,False,False,False,False,False,False,False,True,False,False,False,False,True,True,False,False,False,False,False,False,True,True,False,True,False,False,True,False,False,True,False,False,True,False,True,True
60.0,8281,5,0.0,3,4,4,4,553,0,864,2,1,864,0,864,0,1,0,3,1,3,5,6,1,1965.0,3,1,360,5,5,2,0,0,236,0,62383,1,1.0,236,1728,1,44,44,0,True,False,False,False,False,False,False,False,False,False,False,False,False,False,False,True,False,False,False,False,True,False,False,False,False,True,False,False,False,False,True,False,False,False,False,True,False,True,False,False,False,True,False,False,True,False,True,True
74.0,11988,6,0.0,3,4,4,4,326,389,715,1,1,849,811,1660,0,1,1,3,1,3,6,6,1,1939.0,3,1,240,5,5,2,0,0,0,0,188700,4,1.5,0,2375,2,74,13,0,True,False,False,False,True,False,False,False,False,False,False,False,False,False,False,False,False,False,False,False,True,False,False,False,True,False,True,False,False,False,False,False,False,False,False,True,False,True,False,False,False,False,False,False,True,False,True,True
60.0,8430,5,136.0,3,4,2,4,616,424,1040,4,1,1040,0,1040,0,2,0,3,1,3,5,6,0,0.0,1,0,0,3,3,2,0,0,0,0,124000,0,2.0,0,2080,1,31,31,0,True,False,False,True,True,False,False,False,False,False,False,False,False,False,False,False,False,False,False,False,True,False,False,False,False,True,False,False,False,True,False,False,False,False,True,False,False,True,False,False,False,True,False,False,False,False,True,True
61.06645634021229,3072,7,18.0,2,4,2,4,0,1375,1375,0,1,1414,0,1414,0,2,0,2,1,2,6,6,1,2004.0,0,2,398,5,5,2,144,20,0,0,178740,3,2.0,20,2789,1,2,2,0,False,True,False,True,False,False,False,False,False,False,False,False,False,False,False,False,False,False,False,False,True,False,False,False,False,False,True,False,False,False,False,True,False,False,True,False,False,False,True,False,False,True,True,False,False,False,True,True
85.0,10628,7,0.0,3,2,4,1,778,499,1277,4,1,1277,0,1277,1,1,0,2,1,3,5,6,1,1970.0,3,2,526,5,5,2,0,0,0,176,167000,1,2.0,176,2554,1,37,37,0,True,False,False,True,False,False,False,False,False,False,False,True,False,False,False,False,False,False,False,False,True,False,False,False,False,False,False,False,False,False,False,False,False,False,False,True,False,True,False,False,False,True,True,False,False,False,True,True
79.0,9480,5,224.0,3,4,4,4,386,342,728,0,1,888,756,1644,0,1,1,3,1,2,7,6,2,1942.0,3,1,312,5,5,2,168,0,0,0,146500,4,1.5,0,2372,2,65,12,0,True,False,False,True,False,False,False,False,False,False,False,True,False,False,False,False,False,False,False,False,False,False,False,False,True,True,False,False,False,False,True,False,False,False,False,False,True,True,False,False,False,True,True,False,False,False,True,True
98.0,11428,8,248.0,2,4,2,4,0,1626,1626,0,1,1634,0,1634,0,2,0,3,1,2,7,6,1,2006.0,2,3,866,5,5,2,0,44,0,0,250000,4,2.0,44,3260,1,1,1,0,True,False,False,False,False,False,False,False,False,False,False,False,False,True,False,False,False,False,False,False,True,False,False,False,False,True,False,False,False,False,False,True,False,False,False,False,True,False,True,False,False,True,True,False,False,False,True,True
76.0,9291,6,120.0,2,4,2,4,426,406,832,0,1,832,878,1710,0,2,1,3,1,2,7,6,0,1993.0,2,2,506,5,5,2,144,70,0,0,187000,0,2.5,70,2542,2,15,15,0,True,False,False,False,False,False,False,False,False,False,False,False,False,False,False,False,False,False,False,False,False,False,False,False,True,True,False,False,False,True,False,False,False,False,True,False,False,False,True,False,False,True,True,False,False,False,True,True
65.96059017276771,6820,8,0.0,2,4,2,0,368,0,1488,4,1,1502,0,1502,1,1,1,1,1,2,4,6,0,1985.0,2,2,528,5,5,2,0,54,0,140,212000,0,2.5,194,2990,1,25,25,0,True,False,False,False,False,False,False,False,False,False,False,False,False,False,False,False,False,True,False,False,True,False,False,False,False,True,False,False,False,True,False,False,False,False,False,True,False,False,True,False,False,True,True,False,False,False,True,True
92.0,11952,7,0.0,3,4,2,4,0,808,808,4,1,1161,808,1969,0,2,1,3,1,3,8,6,1,1977.0,2,2,534,5,5,2,0,0,0,276,190000,4,2.5,276,2777,2,30,30,0,True,False,False,True,False,False,False,False,False,False,False,False,False,False,False,False,False,False,False,False,False,False,False,False,True,False,False,False,False,False,False,False,False,False,False,True,False,True,False,False,False,True,True,False,False,False,True,True
35.0,3675,6,80.0,3,4,2,1,459,88,547,0,1,1072,0,1072,1,1,0,2,1,3,5,6,0,2005.0,2,2,525,5,5,2,0,28,0,0,148000,0,2.0,28,1619,1,3,3,0,False,True,False,True,False,False,False,False,True,False,False,False,False,False,False,False,False,False,False,False,True,False,False,False,False,True,False,False,False,False,False,True,False,False,True,False,False,False,True,False,False,True,False,False,False,False,True,True
110.0,14977,8,304.0,2,4,0,1,1350,626,1976,0,1,1976,0,1976,1,2,0,2,1,2,7,6,1,2006.0,2,3,908,5,5,2,250,63,0,0,440000,5,3.0,63,3952,1,1,0,0,True,False,False,False,False,False,False,False,False,False,False,False,False,True,False,False,False,False,False,False,True,False,False,False,False,True,False,False,False,False,False,True,False,False,True,False,False,False,True,False,False,True,True,False,False,True,False,False
41.0,5330,8,0.0,2,4,2,0,1196,298,1494,0,1,1652,0,1652,1,2,0,2,1,0,6,6,0,2000.0,2,2,499,5,5,2,96,48,0,0,251000,0,3.0,48,3146,1,7,7,0,True,False,False,True,False,False,False,False,False,False,False,False,False,False,False,False,False,True,False,False,True,False,False,False,False,True,False,False,True,False,False,False,False,False,False,True,False,False,True,False,False,True,True,False,False,False,True,True
80.0,8480,5,0.0,3,4,4,4,630,340,970,4,1,970,0,970,1,1,0,2,1,3,5,6,0,1996.0,3,2,624,5,5,2,0,24,0,192,132500,0,2.0,216,1940,1,44,44,0,True,False,False,True,False,False,False,False,False,False,False,False,False,False,False,True,False,False,False,False,True,False,False,False,False,False,True,False,False,True,False,False,False,False,False,True,False,True,False,False,False,True,False,False,True,False,True,True
75.0,13125,6,215.0,3,4,2,1,994,484,1478,0,1,1493,0,1493,1,2,0,3,1,2,7,6,1,1997.0,0,2,508,5,5,2,140,39,0,0,208900,3,3.0,39,2971,1,11,10,0,True,False,False,True,False,False,False,False,False,False,False,False,False,False,False,False,False,False,False,False,True,False,False,False,False,True,False,False,False,False,False,True,False,False,True,False,False,False,True,False,False,True,True,False,False,False,True,True
105.0,13693,9,772.0,0,4,2,0,0,2153,2153,0,1,2069,574,2643,0,2,1,3,1,0,9,6,1,2006.0,0,3,694,5,5,2,414,84,0,0,380000,4,2.5,84,4796,2,1,1,0,True,False,False,True,False,False,False,False,False,False,False,False,False,True,False,False,False,False,False,False,True,False,False,False,True,False,True,False,False,False,False,True,False,False,True,False,False,False,True,False,False,True,False,True,False,False,True,True
79.0,10637,8,336.0,2,4,0,1,1288,417,1705,0,1,1718,0,1718,1,2,0,3,1,2,7,6,1,2007.0,2,3,826,5,5,2,208,44,0,0,297000,4,3.0,44,3423,1,2,1,0,True,False,False,True,False,False,False,False,False,False,False,False,False,False,False,False,False,False,False,False,True,False,False,False,False,False,True,False,False,False,False,True,False,False,False,False,True,False,True,False,False,True,True,False,False,False,True,True
50.0,5925,4,435.0,3,4,1,4,168,739,907,4,1,1131,0,1131,0,1,0,2,1,3,7,6,0,1995.0,3,2,672,5,5,2,0,72,0,0,89471,0,1.0,72,2038,1,70,7,0,False,True,False,True,False,False,False,False,False,False,False,False,False,False,True,False,False,False,False,False,True,False,False,False,False,False,True,False,False,False,False,False,False,False,False,False,False,False,False,False,False,True,False,False,True,False,True,False
98.0,16033,9,378.0,2,4,0,1,1261,572,1833,0,1,1850,0,1850,1,2,0,3,1,2,8,6,1,2004.0,0,3,772,5,5,2,519,112,0,0,326000,4,3.0,112,3683,1,2,1,0,True,False,False,False,False,False,False,False,False,False,False,False,False,True,False,False,False,False,False,False,True,False,False,False,False,False,True,False,False,False,False,True,False,False,True,False,False,False,True,False,False,True,True,False,False,False,True,True
72.0,11846,9,562.0,2,4,0,1,1567,225,1792,0,1,1792,0,1792,1,2,0,2,1,0,6,6,1,2003.0,0,3,874,5,5,2,206,49,0,0,374000,4,3.0,49,3584,1,3,2,0,True,False,False,False,True,False,False,False,False,False,False,False,False,True,False,False,False,False,False,False,True,False,False,False,False,False,True,False,False,False,False,True,False,False,True,False,False,False,True,False,False,True,True,False,False,False,True,True
50.0,2500,7,0.0,2,4,4,4,299,611,910,0,1,916,910,1826,1,1,1,4,1,0,7,3,1,1915.0,3,1,164,1,1,2,0,0,0,0,155000,4,2.5,0,2736,2,94,4,0,False,True,False,True,False,False,False,False,False,False,False,False,False,False,True,False,False,False,False,False,True,False,False,False,True,True,False,False,False,False,False,False,False,False,False,True,False,False,True,False,False,True,True,False,False,False,True,True
32.0,4500,6,116.0,3,4,0,4,897,319,1216,0,1,1216,0,1216,1,2,0,2,1,3,5,6,0,1998.0,3,2,402,5,5,2,0,125,0,0,164000,0,3.0,125,2432,1,8,8,0,False,True,False,True,False,False,False,False,False,False,False,False,False,False,False,False,False,False,False,False,True,False,False,True,False,False,True,False,False,False,False,True,False,False,True,False,False,False,True,False,False,True,True,False,False,False,True,True
67.18542942968793,7758,5,0.0,3,2,4,4,588,411,999,2,1,999,0,999,1,1,0,3,1,2,6,6,0,1963.0,3,1,264,5,5,2,0,132,0,0,132500,0,2.0,132,1998,1,45,6,0,True,False,False,False,False,False,False,False,False,False,False,False,False,False,False,True,False,False,False,False,True,False,False,False,False,True,False,False,False,True,False,False,False,False,False,True,False,True,False,False,False,True,False,False,True,False,True,True
80.0,9600,5,0.0,2,4,4,4,607,506,1113,2,1,1113,0,1113,0,1,0,3,1,2,5,6,1,1950.0,3,1,264,5,5,2,0,80,120,0,147000,4,1.0,200,2226,1,59,2,0,True,False,False,True,False,False,False,False,False,False,False,True,False,False,False,False,False,False,False,False,True,False,False,False,False,True,False,False,False,False,True,False,False,False,False,True,False,True,False,False,False,True,True,False,False,False,True,True
79.0,10289,5,168.0,3,4,4,4,836,237,1073,4,1,1073,0,1073,1,1,1,3,1,3,6,6,0,1965.0,2,2,515,5,5,2,0,0,0,0,156000,0,2.5,0,2146,1,42,42,0,True,False,False,True,False,False,False,False,False,False,False,True,False,False,False,False,False,False,False,False,True,False,False,False,False,False,True,False,False,False,True,False,False,False,True,False,False,True,False,False,False,True,True,False,False,False,True,True
70.0,12243,5,0.0,3,4,2,0,998,486,1484,2,1,1484,0,1484,0,2,0,3,1,3,7,6,1,1971.0,3,2,487,5,5,2,224,0,0,180,175000,3,2.0,180,2968,1,36,36,0,True,False,False,False,False,False,False,False,False,False,False,False,False,False,False,False,False,False,False,False,True,False,False,False,False,True,False,False,False,False,False,False,False,False,False,True,False,True,False,False,False,True,True,False,False,False,True,True
60.0,10800,5,0.0,3,1,4,4,664,290,954,4,0,1766,648,2414,0,2,0,3,2,3,10,4,1,1970.0,3,2,520,5,1,0,142,0,0,0,160000,4,2.0,0,3368,2,106,36,0,True,False,False,True,False,False,False,False,False,False,False,False,False,False,True,False,False,False,False,False,True,True,False,False,False,True,False,False,False,False,False,False,True,True,False,True,False,True,False,False,False,False,True,False,False,False,False,True
21.0,1526,4,0.0,3,2,2,0,515,115,630,4,1,630,0,630,1,1,0,1,1,2,3,6,0,1970.0,3,1,286,5,5,2,0,0,0,0,86000,0,2.0,0,1260,1,39,7,0,False,True,False,True,False,False,False,False,False,False,True,False,False,False,False,False,False,False,False,False,True,False,False,True,False,True,False,False,True,False,False,False,False,False,False,True,False,True,False,False,False,True,True,False,False,False,True,True
60.5349962361968,2665,5,0.0,3,4,2,2,0,264,264,4,1,616,688,1304,0,1,1,3,1,3,4,6,1,1976.0,0,1,336,5,5,2,141,24,0,0,115000,4,1.5,24,1568,2,32,32,0,False,True,False,True,False,False,False,False,False,False,True,False,False,False,False,False,False,False,False,False,True,False,False,False,True,True,False,False,True,False,False,False,False,False,False,True,False,False,True,False,False,True,False,True,False,False,True,True
79.0,9490,6,0.0,3,4,4,4,403,238,806,4,1,958,620,1578,1,1,0,3,1,1,5,6,2,1941.0,3,1,240,5,5,2,0,0,32,0,133000,3,2.0,32,2384,2,65,56,0,True,False,False,True,False,False,False,False,False,False,False,True,False,False,False,False,False,False,False,False,False,False,False,False,False,True,False,False,False,False,False,False,True,True,False,True,False,True,False,False,False,False,True,False,False,False,True,True
105.0,15578,6,0.0,2,4,2,4,0,728,728,2,1,728,728,1456,0,2,1,3,1,3,8,6,0,2006.0,2,2,429,5,5,2,0,0,0,0,172785,0,2.5,0,2184,2,0,0,1,True,False,False,False,False,False,False,False,False,False,False,False,False,False,False,False,False,False,False,False,True,False,False,False,True,True,False,False,False,False,False,True,False,False,False,True,False,False,True,False,False,True,True,False,False,True,False,False
70.0,7931,5,0.0,3,4,4,4,374,363,1269,4,1,1269,0,1269,0,1,1,3,1,3,6,6,1,1964.0,3,1,308,5,5,2,0,0,0,0,155000,2,1.5,0,2538,1,48,48,0,True,False,False,True,False,False,False,False,False,False,False,True,False,False,False,False,False,False,False,False,True,False,False,False,False,True,False,False,False,False,False,False,False,True,False,True,False,True,False,False,False,False,False,False,True,False,True,True
50.0,5784,5,0.0,3,4,1,4,0,190,190,2,1,886,0,886,0,1,0,2,1,3,4,6,0,1938.0,3,1,273,5,5,2,144,20,80,0,91300,0,1.0,100,1076,1,71,13,0,False,True,False,True,False,False,False,False,False,False,False,False,False,False,True,False,False,False,False,False,False,False,False,False,False,True,False,False,False,False,True,False,False,False,False,True,False,False,False,False,False,False,True,False,False,False,True,True
60.0,7879,4,0.0,3,4,4,4,495,225,720,4,0,720,0,720,0,1,0,2,1,3,4,6,0,0.0,1,0,0,3,3,0,0,523,115,0,34900,0,1.0,638,1440,1,89,59,0,False,False,False,True,False,False,False,False,False,True,False,False,False,False,False,False,False,False,False,False,True,False,False,False,False,True,False,False,False,False,False,False,True,True,False,True,False,True,False,False,False,False,False,False,False,False,True,False
73.62824061694204,12692,8,0.0,2,4,2,4,1231,1969,3200,0,1,3228,0,3228,1,3,0,4,1,2,10,6,1,1992.0,2,2,546,5,5,2,264,75,291,0,430000,4,4.0,366,6428,1,15,14,0,True,False,False,False,False,False,False,False,False,False,False,False,True,False,False,False,False,False,False,False,True,False,False,False,False,False,True,False,False,False,False,False,False,False,False,True,False,False,True,False,False,True,True,False,False,False,True,True
60.0,9120,7,0.0,3,2,4,4,329,697,1026,0,1,1133,687,1820,1,2,0,4,1,3,8,6,0,1925.0,3,1,240,5,5,0,0,100,0,0,184000,0,3.0,100,2846,2,83,58,0,True,False,False,True,False,False,False,True,False,False,False,False,False,False,False,False,False,False,False,False,True,False,False,False,False,True,False,False,False,False,False,False,True,True,False,True,False,False,True,False,False,True,False,False,True,False,True,True
65.0,7800,5,89.0,3,4,4,4,450,414,864,0,1,899,0,899,0,1,0,3,1,2,5,6,0,1967.0,0,1,288,5,5,2,64,0,0,0,130000,0,1.0,0,1763,1,42,5,0,True,False,False,True,False,False,False,False,False,False,False,False,False,False,False,True,False,False,False,False,True,False,False,False,False,False,True,False,False,True,False,False,False,False,True,False,False,False,True,False,False,True,True,False,False,False,True,True
70.0,7535,5,0.0,3,4,4,4,111,522,912,1,1,912,0,912,0,1,0,2,1,3,5,6,0,1958.0,0,1,297,5,5,2,12,285,0,0,120000,0,1.5,285,1824,1,49,22,0,True,False,False,False,False,False,False,False,False,False,False,True,False,False,False,False,False,False,False,False,True,False,False,False,False,True,False,False,False,False,True,False,False,False,False,True,False,True,False,False,False,True,True,False,False,False,True,True
21.0,1890,6,285.0,3,4,4,4,356,316,672,4,1,672,546,1218,0,1,1,3,1,3,7,6,0,1973.0,3,1,264,5,5,2,144,28,0,0,113000,0,1.5,28,1890,2,34,34,0,False,True,False,True,False,False,True,False,False,False,False,False,False,False,False,False,False,False,False,False,True,False,False,True,True,True,False,False,False,True,False,False,False,False,True,False,False,True,False,False,False,True,False,False,True,False,True,True
75.0,9803,7,0.0,2,4,2,4,400,466,866,2,1,866,902,1768,0,2,1,3,1,2,7,6,0,2005.0,2,2,603,5,5,2,0,108,0,0,226700,0,2.5,108,2634,2,3,3,0,False,False,False,True,False,False,False,False,False,False,False,False,False,False,False,False,True,False,False,False,True,False,False,False,True,True,False,False,False,False,False,True,False,False,False,True,False,False,True,False,False,True,True,False,False,False,True,True
70.0,9170,5,0.0,3,4,4,4,698,420,1214,0,1,1214,0,1214,1,1,0,2,1,3,6,6,0,1965.0,3,2,461,1,1,2,0,0,184,0,140000,0,2.0,184,2428,1,42,42,0,True,False,False,True,False,False,False,False,True,False,False,False,False,False,False,False,False,False,False,True,False,False,False,False,False,False,True,False,False,False,True,False,False,False,False,True,False,True,False,False,False,True,False,False,True,False,True,True
100.0,15602,7,0.0,3,4,4,4,1247,254,1501,4,1,1801,0,1801,1,2,0,1,1,3,6,6,2,1959.0,0,2,484,5,5,2,0,54,0,161,289000,3,3.0,215,3302,1,51,13,0,True,False,False,False,False,False,False,False,False,False,False,False,False,False,False,False,False,False,False,False,True,False,False,False,False,True,False,False,False,False,False,False,False,True,False,True,False,True,False,False,False,True,True,False,False,False,True,True
24.0,2308,6,0.0,3,4,4,4,257,103,855,4,1,855,467,1322,0,2,1,3,1,3,6,6,1,1974.0,3,2,440,5,5,2,260,0,0,0,147000,2,3.0,0,2177,2,35,35,0,True,False,False,True,False,False,False,False,False,False,False,False,False,False,False,False,False,False,False,False,True,False,False,False,True,True,False,False,False,False,False,False,False,False,False,True,False,True,False,False,False,True,True,False,False,False,True,True
60.0,7596,5,360.0,3,4,4,4,0,960,960,2,1,960,1000,1960,0,2,0,4,2,3,10,6,0,1952.0,3,2,400,5,5,0,0,0,0,0,124500,0,2.0,0,2920,2,57,57,0,False,True,False,True,False,False,False,False,False,False,False,False,False,False,True,False,False,False,False,False,False,False,True,False,True,False,True,False,False,False,False,False,True,True,True,False,False,True,False,False,False,True,False,False,True,False,False,True
80.0,9554,8,125.0,2,4,2,4,380,397,777,0,1,1065,846,1911,0,2,1,3,1,2,8,6,1,1993.0,2,2,471,5,5,2,182,81,0,0,215000,3,2.5,81,2688,2,13,12,0,True,False,False,False,False,False,False,False,False,False,False,False,False,False,False,False,False,False,False,False,True,False,False,False,True,True,False,False,False,False,False,True,False,False,True,False,False,False,True,False,False,True,True,False,False,False,True,True
75.0,7862,6,0.0,2,4,2,4,27,1191,1218,0,1,1218,0,1218,0,2,0,2,1,2,4,6,0,2009.0,0,2,676,5,5,2,0,102,0,0,208300,0,2.0,102,2436,1,0,0,1,False,False,False,False,False,False,False,False,False,False,False,False,False,False,False,False,True,False,False,False,True,False,False,False,False,True,False,False,False,False,False,True,False,False,False,True,False,False,True,False,False,True,True,False,False,True,False,False
60.0,9600,7,0.0,3,0,4,4,141,548,689,0,1,689,689,1378,0,2,0,3,1,2,7,6,1,1928.0,3,2,360,5,5,0,0,0,116,0,161000,4,2.0,116,2067,2,80,3,0,False,True,False,True,False,False,False,False,False,False,False,False,False,False,True,False,False,False,False,False,True,False,False,False,True,False,False,False,False,False,True,False,False,False,False,True,False,False,False,False,False,True,False,False,True,False,True,True
80.0,9600,5,132.0,3,4,4,4,991,50,1041,0,1,1041,0,1041,1,1,0,3,1,3,6,6,0,1959.0,2,1,270,5,5,2,224,88,0,0,124500,0,2.0,88,2082,1,50,50,0,True,False,False,True,False,False,False,False,False,False,False,True,False,False,False,False,False,False,False,False,True,False,False,False,False,True,False,False,False,False,True,False,False,False,True,False,False,True,False,False,False,True,True,False,False,False,True,True
75.0,14559,5,70.0,2,4,4,4,650,178,1008,0,1,1363,0,1363,1,1,0,2,1,3,6,2,2,1951.0,3,1,288,5,5,2,324,42,0,168,164900,3,2.0,210,2371,1,58,9,0,True,False,False,True,False,False,False,False,False,False,False,True,False,False,False,False,False,False,False,False,True,False,False,False,False,False,True,False,False,False,False,False,True,True,False,False,False,True,False,False,False,True,False,False,False,False,True,True
40.0,6792,7,94.0,2,4,2,4,0,1368,1368,0,1,1368,0,1368,0,2,0,2,1,2,6,6,1,2005.0,2,2,474,5,5,2,132,35,0,0,202665,4,2.0,35,2736,1,1,0,0,True,False,False,False,False,False,False,False,False,False,False,False,False,True,False,False,False,False,False,False,True,False,False,False,False,True,False,False,False,False,False,True,False,False,False,False,True,False,True,False,False,True,True,False,False,True,False,False
70.0,9100,5,0.0,3,4,4,4,521,169,864,4,1,864,0,864,1,1,0,3,1,3,5,6,0,1964.0,3,2,624,5,5,2,0,0,0,0,129900,0,2.0,0,1728,1,48,48,0,True,False,False,True,False,False,False,False,False,False,False,True,False,False,False,False,False,False,False,True,False,False,False,False,False,True,False,False,False,False,False,True,False,False,False,True,False,True,False,False,False,True,False,False,True,False,True,True
71.0,9187,6,0.0,3,2,4,4,336,748,1084,4,1,1080,0,1080,0,1,1,3,1,3,5,6,0,1983.0,3,2,484,5,5,2,120,0,158,0,134000,0,1.5,158,2164,1,24,24,0,True,False,False,True,False,False,False,False,False,False,False,False,False,False,False,False,False,False,False,False,True,False,False,False,False,True,False,False,False,False,False,True,False,False,False,True,False,False,True,False,False,True,True,False,False,False,True,True
55.0,10594,5,0.0,3,4,4,4,0,768,768,1,0,789,0,789,0,1,0,2,1,3,5,6,0,1926.0,3,1,200,4,4,2,0,0,112,0,96500,0,1.0,112,1557,1,81,57,0,True,False,False,True,False,False,False,False,False,False,False,False,False,False,False,False,False,False,False,False,True,False,False,False,False,True,False,False,False,False,False,False,True,True,False,True,False,False,False,False,False,True,False,False,True,False,True,True
94.0,12220,10,305.0,0,4,0,4,1436,570,2006,0,1,2020,0,2020,1,2,1,3,1,0,9,6,1,2009.0,0,3,900,5,5,2,156,54,0,0,402861,4,3.5,54,4026,1,0,0,1,True,False,False,True,False,False,False,False,False,False,False,False,False,True,False,False,False,False,False,False,True,False,False,False,False,False,True,False,True,False,False,False,False,False,True,False,False,True,False,False,False,True,True,False,False,True,False,False
70.69802815155934,10448,6,333.0,3,4,4,4,0,689,689,4,1,1378,741,2119,0,2,1,3,1,3,7,6,1,1972.0,2,2,583,5,5,2,0,104,0,0,158000,3,2.5,104,2808,2,37,37,0,True,False,False,False,False,False,False,False,False,False,False,False,False,False,False,False,False,False,False,False,True,False,False,False,False,True,False,False,False,True,False,False,False,False,True,False,False,True,False,False,False,True,True,False,False,False,False,False
79.0,10208,7,921.0,2,4,2,4,0,1264,1264,0,1,1277,1067,2344,0,2,1,3,1,2,7,6,1,1996.0,2,3,889,5,5,2,220,0,0,0,265000,3,2.5,0,3608,2,13,12,0,True,False,False,False,False,False,False,False,False,False,False,False,True,False,False,False,False,False,False,False,True,False,False,False,True,True,False,False,False,False,False,True,False,False,True,False,False,False,True,False,False,True,True,False,False,False,True,True
69.50061066904779,9531,6,0.0,3,4,2,2,706,88,794,0,1,882,914,1796,1,2,1,3,1,3,7,6,0,1998.0,2,2,546,5,5,2,0,36,0,0,211000,0,3.5,36,2590,2,9,9,0,True,False,False,False,False,True,False,False,False,False,False,False,False,False,False,False,False,False,False,False,True,False,False,False,True,True,False,False,False,False,False,True,False,False,False,True,False,False,True,False,False,True,True,False,False,False,True,True
53.0,10918,7,0.0,2,4,2,4,0,1276,1276,0,1,1276,804,2080,0,1,1,3,1,2,9,6,2,1926.0,3,1,282,5,5,2,0,0,0,145,234000,4,1.5,145,3356,2,83,5,0,True,False,False,True,False,False,False,False,False,False,False,False,False,False,False,False,False,False,False,False,True,False,False,False,True,False,False,False,False,False,True,False,False,False,False,True,False,False,False,False,False,True,False,False,True,False,True,True
60.0,10800,4,0.0,3,4,3,3,0,0,0,4,0,694,600,1294,0,2,0,3,2,3,7,6,0,0.0,1,0,0,3,3,0,220,114,210,0,106250,0,2.0,324,1294,2,108,8,0,True,False,False,True,False,False,False,False,False,False,False,False,False,False,True,False,False,False,False,False,True,True,False,False,True,True,False,False,False,False,True,False,False,False,False,True,False,False,False,False,False,False,False,False,False,False,True,True
90.0,11988,6,0.0,3,4,4,4,777,467,1244,0,1,1244,0,1244,0,1,1,3,1,3,6,6,2,1957.0,3,1,336,5,5,2,0,40,0,0,150000,4,1.5,40,2488,1,50,50,0,True,False,False,False,False,False,False,False,False,False,False,True,False,False,False,False,False,False,False,True,False,False,False,False,False,True,False,False,False,False,False,True,False,False,False,True,False,True,False,False,False,False,True,False,False,False,True,True
50.0,5000,6,0.0,3,2,4,4,399,605,1004,0,1,1004,660,1664,0,2,0,3,1,3,7,6,2,1950.0,3,2,420,5,5,2,0,24,36,0,159000,4,2.0,60,2668,2,59,56,0,False,True,False,True,False,False,False,True,False,False,False,False,False,False,False,False,False,False,False,True,False,False,False,False,False,True,False,False,True,False,False,False,False,False,False,True,False,True,False,False,False,True,False,False,True,False,True,True
95.0,11787,7,594.0,2,4,2,4,719,660,1379,0,1,1383,1015,2398,1,2,1,3,1,2,8,6,1,1996.0,0,3,834,5,5,2,239,60,0,0,315750,3,3.5,60,3777,2,11,10,0,True,False,False,False,False,False,False,False,False,False,False,False,True,False,False,False,False,False,False,False,True,False,False,False,True,True,False,False,False,False,False,True,False,False,True,False,False,False,True,False,False,True,True,False,False,False,True,True
62.0,7500,7,0.0,2,4,2,4,0,1257,1257,0,1,1266,0,1266,0,2,0,3,1,2,6,6,1,2005.0,3,2,453,5,5,2,38,144,0,0,176000,3,2.0,144,2523,1,1,1,0,False,False,False,True,False,False,False,False,False,False,False,False,False,False,False,False,True,False,False,False,True,False,False,False,False,True,False,False,False,False,False,True,False,False,False,True,False,False,True,False,False,True,True,False,False,False,True,True
70.0,13300,5,0.0,3,4,2,4,377,551,928,4,1,928,0,928,0,1,0,2,1,3,4,6,0,1956.0,3,1,252,5,5,2,261,0,156,0,132000,0,1.0,156,1856,1,51,7,0,True,False,False,True,False,False,False,False,False,False,False,True,False,False,False,False,False,False,False,False,True,False,False,False,False,False,True,False,False,False,False,False,True,True,False,True,False,True,False,False,False,True,True,False,False,False,True,True
67.0,14948,9,268.0,0,4,0,0,1330,122,1452,0,1,1476,1237,2713,1,2,1,3,1,0,11,6,1,2008.0,0,3,858,5,5,2,126,66,0,0,446261,4,3.5,66,4165,2,0,0,1,True,False,False,False,False,False,False,False,False,False,False,False,False,True,False,False,False,False,False,False,True,False,False,False,True,False,True,False,False,False,False,True,False,False,False,False,True,False,True,False,False,True,True,False,False,True,False,False
58.0,9098,4,0.0,3,4,4,2,348,180,528,0,1,605,0,605,1,1,0,2,1,3,5,6,0,0.0,1,0,0,3,3,0,0,0,144,0,86000,0,2.0,144,1133,1,87,5,0,True,False,False,False,False,False,False,False,True,False,False,False,False,False,False,False,False,False,False,False,True,False,False,False,False,True,False,False,False,False,False,False,True,True,False,True,False,False,False,False,False,True,False,False,False,False,True,True
99.71287707348607,32668,6,0.0,2,4,4,4,1219,816,2035,4,1,2515,0,2515,1,3,0,4,2,3,9,0,2,1975.0,2,2,484,5,5,2,0,0,200,0,200624,3,4.0,200,4550,1,50,32,0,True,False,False,False,False,True,False,False,False,False,False,False,False,False,False,False,False,False,False,False,True,False,False,False,False,False,True,False,False,False,False,False,True,False,False,True,False,False,True,False,False,True,True,False,False,False,True,False
85.0,10200,6,219.0,2,4,2,0,783,678,1461,0,1,1509,0,1509,1,2,0,3,1,2,5,6,1,1988.0,2,2,600,5,5,2,224,0,0,0,175000,2,3.0,0,2970,1,20,19,0,True,False,False,True,False,False,False,False,False,False,False,False,False,False,False,False,False,False,True,False,True,False,False,False,False,True,False,False,False,True,False,False,False,False,True,False,False,True,False,False,False,True,True,False,False,False,True,False
60.0,6155,6,0.0,3,4,1,2,0,611,611,0,1,751,611,1362,0,2,0,3,1,3,6,6,0,1920.0,0,2,502,5,1,2,0,0,84,0,128000,0,2.0,84,1973,2,88,9,0,False,True,False,False,False,False,False,True,False,False,False,False,False,False,False,False,False,False,False,False,False,False,False,False,True,True,False,False,False,False,False,False,True,True,False,True,False,False,False,False,False,True,False,False,True,False,True,True
60.0,7200,5,0.0,3,4,3,3,0,0,0,0,1,827,0,827,0,1,0,2,1,3,5,4,1,1967.0,3,1,392,5,5,2,0,0,0,0,107500,1,1.0,0,827,1,55,3,0,True,False,False,True,False,False,False,False,False,False,False,True,False,False,False,False,False,False,False,False,True,False,False,False,False,True,False,False,False,False,False,True,False,False,False,True,False,False,False,True,False,True,False,False,True,False,True,True
50.0,5000,1,0.0,1,1,3,3,0,0,0,1,0,334,0,334,0,1,0,1,1,1,2,6,0,0.0,1,0,0,3,3,0,0,0,0,0,39300,0,1.0,0,334,1,61,57,0,True,False,False,True,False,False,False,True,False,False,False,False,False,False,False,False,False,False,False,False,True,False,False,False,False,True,False,False,False,False,False,True,False,False,False,True,False,False,False,True,True,False,False,False,False,False,True,True
74.0,9056,8,0.0,2,4,0,0,0,707,707,0,1,707,707,1414,0,2,1,3,1,2,6,6,1,2004.0,0,2,403,5,5,2,100,35,0,0,178000,4,2.5,35,2121,2,2,2,0,True,False,False,False,False,False,False,False,False,False,False,False,False,False,False,False,False,False,False,False,True,False,False,False,True,True,False,False,False,False,False,True,False,False,False,True,False,False,True,False,False,True,True,False,False,False,True,True
70.0,7000,5,0.0,3,4,2,1,969,148,1117,4,1,820,527,1347,1,1,0,3,1,3,5,6,0,0.0,1,0,0,3,3,0,85,0,148,0,107500,0,2.0,148,2464,2,98,17,0,True,False,False,True,False,False,False,False,True,False,False,False,False,False,False,False,False,False,False,False,True,True,False,False,True,True,False,False,False,False,True,False,False,False,False,True,False,True,False,False,False,True,False,False,False,False,True,True
57.0,8924,7,0.0,3,4,2,0,0,880,880,0,1,880,844,1724,0,2,1,3,1,2,8,6,0,1998.0,0,2,527,5,5,2,120,155,0,0,188000,0,2.5,155,2604,2,10,9,0,True,False,False,False,False,True,False,False,False,False,False,False,False,False,False,False,False,False,False,False,True,False,False,False,True,True,False,False,False,False,False,True,False,False,False,True,False,False,True,False,False,True,True,False,False,False,True,True
73.68438996454073,12735,4,0.0,3,4,4,4,600,264,864,4,1,864,0,864,0,1,0,3,1,3,5,6,0,1980.0,3,2,576,5,5,2,216,0,0,0,111250,0,1.0,0,1728,1,36,36,0,True,False,False,False,False,False,False,False,False,False,False,True,False,False,False,False,False,False,False,False,True,False,False,False,False,False,True,False,False,False,True,False,False,False,False,True,False,True,False,False,False,True,False,False,True,False,False,True
72.14093580496748,11553,5,188.0,3,4,4,4,673,378,1051,4,1,1159,0,1159,0,1,1,3,1,3,7,6,1,1968.0,3,1,336,5,5,2,466,0,0,0,158000,2,1.5,0,2210,1,38,38,0,True,False,False,False,False,False,False,False,False,False,False,False,False,False,False,True,False,False,False,False,True,False,False,False,False,False,True,False,False,False,False,False,False,False,True,False,False,True,False,False,False,True,True,False,False,False,True,True
71.97118196339007,11423,8,479.0,2,4,2,0,1358,223,1581,0,1,1601,0,1601,1,2,0,3,1,2,6,6,1,2001.0,2,2,670,5,5,2,180,0,0,0,272000,3,3.0,0,3182,1,9,8,0,True,False,False,True,False,False,False,False,False,False,False,False,False,False,False,False,False,False,False,False,True,False,False,False,False,True,False,False,False,False,False,True,False,False,True,False,False,False,True,False,False,True,True,False,False,False,True,True
85.0,14601,9,584.0,0,4,0,0,1260,578,1838,0,1,1838,0,1838,1,2,0,2,1,0,8,6,1,2006.0,0,3,765,5,5,2,270,68,0,0,315000,4,3.0,68,3676,1,3,3,0,True,False,False,True,False,False,False,False,False,False,False,False,False,False,False,False,False,False,True,False,True,False,False,False,False,False,True,False,False,False,False,True,False,False,True,False,False,False,True,False,False,True,True,False,False,False,True,True
71.41882907887273,11000,8,72.0,2,4,2,4,0,969,969,0,1,997,1288,2285,0,2,1,4,1,2,8,6,1,2000.0,0,3,648,5,5,2,0,56,0,0,248000,3,2.5,56,3254,2,7,7,0,True,False,False,True,False,False,False,False,False,False,False,False,True,False,False,False,False,False,False,False,True,False,False,False,True,True,False,False,False,False,False,True,False,False,True,False,False,False,True,False,False,True,False,True,False,False,True,True
78.0,10140,7,0.0,2,4,0,4,144,379,1650,0,1,1680,0,1680,1,2,0,3,1,2,7,0,1,1998.0,0,2,583,5,5,2,78,73,0,0,213250,3,3.0,73,3330,1,11,10,0,True,False,False,True,False,False,False,False,False,False,False,False,False,False,False,False,False,False,False,False,False,False,False,False,False,False,True,False,False,False,False,True,False,False,False,True,False,False,True,False,False,True,True,False,False,False,True,True
34.0,4058,7,182.0,3,4,2,0,584,0,723,0,1,767,0,767,1,1,0,1,1,3,4,6,0,1998.0,0,1,367,5,5,2,120,40,0,0,133000,0,2.0,40,1490,1,9,9,0,False,False,False,True,False,False,False,False,False,False,False,True,False,False,False,False,False,False,False,False,True,False,False,False,False,True,False,False,False,False,True,False,False,False,True,False,False,False,True,False,False,True,True,False,False,False,True,True
58.0,17104,7,0.0,2,4,2,0,554,100,654,0,1,664,832,1496,1,2,1,3,1,2,7,6,1,2006.0,2,2,426,5,5,2,100,24,0,0,179665,4,3.5,24,2150,2,0,0,1,True,False,False,False,False,False,False,False,False,False,False,False,False,False,False,False,False,False,False,False,True,False,False,False,True,True,False,False,False,False,False,True,False,False,False,True,False,False,True,False,False,True,True,False,False,True,False,False
75.12338022160478,13837,7,178.0,2,2,2,4,1002,0,1204,2,1,1377,806,2183,0,2,1,4,1,2,9,6,0,1988.0,3,3,786,5,5,2,0,0,0,0,229000,0,2.5,0,3387,2,18,18,0,True,False,False,False,False,False,False,False,False,False,False,False,False,False,False,False,False,False,False,False,True,False,False,False,False,True,False,False,False,True,False,False,False,False,True,False,False,False,True,False,False,True,True,False,False,False,True,True
70.0,8737,6,0.0,3,4,2,4,300,765,1065,0,1,915,720,1635,0,1,1,3,1,3,6,6,1,1950.0,3,2,440,5,5,2,0,38,0,0,210000,4,1.5,182,2700,2,84,57,0,True,False,False,False,False,False,False,True,False,False,False,False,False,False,False,False,False,False,False,False,True,False,False,False,False,True,False,False,False,False,False,False,False,True,False,True,False,False,False,False,False,False,False,False,True,False,True,True
54.0,7244,5,0.0,3,2,2,0,619,149,768,0,1,768,0,768,1,1,0,2,1,3,5,6,0,1987.0,3,2,624,5,5,2,104,0,0,0,129500,0,2.0,0,1536,1,37,37,0,True,False,False,True,False,False,False,False,False,False,False,False,False,False,False,False,False,False,False,False,True,False,False,False,False,True,False,False,False,False,False,True,False,False,False,True,False,True,False,False,False,True,False,False,True,False,True,True
49.0,8235,5,0.0,3,2,4,4,180,0,825,4,1,825,0,825,1,1,0,2,1,3,4,6,0,1963.0,2,2,720,5,5,2,140,50,0,0,125000,0,2.0,50,1650,1,53,13,0,False,True,False,False,True,False,False,False,False,False,False,False,False,False,True,False,False,False,False,True,False,False,False,False,False,True,False,False,False,False,True,False,False,False,False,True,False,True,False,False,False,True,False,False,True,False,True,True
75.0,9375,7,0.0,2,4,2,4,0,912,912,0,1,912,1182,2094,0,2,1,4,1,2,8,6,1,2003.0,0,2,615,5,5,2,182,182,0,0,263000,4,2.5,182,3006,2,6,5,0,False,False,False,True,False,False,False,False,False,False,False,False,False,False,False,False,True,False,False,False,True,False,False,False,True,True,False,False,False,False,False,True,False,False,False,True,False,False,True,False,False,True,False,True,False,False,True,True
53.0,4043,6,0.0,3,4,2,4,559,510,1069,4,1,1069,0,1069,0,2,0,2,1,3,4,6,0,1977.0,2,2,440,5,5,2,0,55,0,200,140000,0,2.0,255,2138,1,31,31,0,True,False,False,True,False,False,False,False,False,False,False,False,False,False,False,False,False,False,False,False,True,False,False,False,False,True,False,False,False,False,False,False,False,False,False,True,False,True,False,False,False,True,True,False,False,False,False,False
50.0,6000,5,0.0,3,4,4,4,308,620,928,2,1,928,0,928,0,1,0,3,1,3,5,6,0,1957.0,0,1,288,5,5,2,0,0,0,0,112500,0,1.0,0,1856,1,51,51,0,False,True,False,True,False,False,False,False,False,False,False,False,False,False,True,False,False,False,False,False,True,False,False,False,False,False,True,False,False,False,False,False,False,False,False,True,False,True,False,False,False,False,True,False,False,False,True,True
87.0,11146,8,250.0,2,4,0,0,0,1709,1709,0,1,1717,0,1717,0,2,0,3,1,2,7,6,1,2006.0,2,3,908,5,5,2,169,39,0,0,255500,4,2.0,39,3426,1,3,3,0,True,False,False,False,False,False,False,False,False,False,False,False,False,True,False,False,False,False,False,False,True,False,False,False,False,True,False,False,False,False,False,True,False,False,False,False,True,False,True,False,False,True,True,False,False,False,True,True
67.0,8777,4,0.0,3,4,3,3,0,0,0,0,1,1126,0,1126,0,2,0,2,1,2,5,6,0,2002.0,0,2,520,5,5,0,0,96,0,0,108000,0,2.0,96,1126,1,60,6,0,True,False,False,True,False,False,False,False,True,False,False,False,False,False,False,False,False,False,False,True,False,False,False,False,False,True,False,False,False,False,False,True,False,False,False,True,False,True,False,False,False,True,False,False,True,False,True,True
85.0,10625,7,292.0,2,4,2,4,866,132,998,0,1,1006,1040,2046,1,2,1,3,1,2,8,6,1,2003.0,2,3,871,5,5,2,320,62,0,0,284000,4,3.5,62,3044,2,5,4,0,True,False,False,True,False,False,False,False,False,False,False,False,False,True,False,False,False,False,False,False,True,False,False,False,True,True,False,False,False,False,False,True,False,False,True,False,False,False,True,False,False,True,False,True,False,False,True,True
58.0,6380,5,0.0,3,4,4,4,0,993,993,4,1,1048,0,1048,0,1,0,2,1,3,5,6,1,1922.0,3,1,280,5,5,2,0,0,116,0,113000,4,1.0,116,2041,1,84,56,0,False,True,False,True,False,False,False,True,False,False,False,False,False,False,False,False,False,False,False,False,True,False,False,False,False,True,False,False,False,False,True,False,False,False,False,True,False,False,False,False,False,False,False,False,True,False,True,True
69.0,14850,5,0.0,3,4,4,4,895,197,1092,4,1,1092,0,1092,1,1,0,2,1,3,6,6,1,1957.0,0,1,299,5,5,2,268,0,0,122,141000,3,2.0,122,2184,1,49,49,0,True,False,False,False,False,False,False,False,False,False,False,True,False,False,False,False,False,False,False,False,True,False,False,False,False,True,False,False,False,False,False,False,True,True,False,True,False,True,False,False,False,False,True,False,False,False,True,True
60.0,11040,4,0.0,3,4,4,4,637,0,637,2,1,897,439,1336,0,1,1,3,1,3,7,6,0,1994.0,3,1,570,5,5,2,0,47,120,0,108000,0,1.5,167,1973,2,86,56,0,False,False,False,True,False,False,False,False,False,True,False,False,False,False,False,False,False,False,False,False,True,False,False,False,False,True,False,False,False,False,True,False,False,False,False,True,False,True,False,False,False,True,False,False,False,False,False,True
57.0,21872,7,0.0,3,4,2,1,604,125,729,0,1,729,717,1446,0,2,1,3,1,3,6,6,1,1996.0,3,2,406,5,5,2,264,22,0,0,175000,3,3.0,22,2175,2,12,11,0,True,False,True,False,True,False,False,False,False,False,False,False,False,False,False,False,False,False,False,False,True,False,False,False,True,True,False,False,False,True,False,False,False,False,False,True,False,False,True,False,False,True,True,False,False,False,True,True
61.22837538910153,3196,7,18.0,2,4,2,1,0,1374,1374,0,1,1557,0,1557,0,2,0,2,1,2,7,6,1,2003.0,0,2,420,5,5,2,143,20,0,0,234000,3,2.0,20,2931,1,3,2,0,True,False,False,True,False,False,False,False,False,False,False,False,False,False,False,False,False,False,False,False,True,False,False,False,False,True,False,False,False,False,False,True,False,False,True,False,False,False,True,False,False,True,True,False,False,False,True,True
71.86410646331814,11341,5,180.0,3,4,2,4,1302,90,1392,4,1,1392,0,1392,1,1,1,3,1,3,5,4,1,1957.0,3,2,528,5,5,2,0,0,0,95,121500,4,2.5,95,2784,1,53,14,0,True,False,False,False,False,False,False,False,False,False,False,False,False,False,False,True,False,False,False,False,True,False,False,False,False,False,True,False,False,False,False,False,True,True,True,False,False,True,False,False,False,True,False,False,True,False,True,True
77.0,10010,5,0.0,3,4,2,0,1071,195,1389,2,1,1389,0,1389,1,1,0,2,1,3,6,6,1,1975.0,2,2,418,5,5,2,240,38,0,0,170000,3,2.0,38,2778,1,32,31,0,True,False,False,True,False,False,False,False,False,False,False,False,False,False,False,False,False,False,False,False,True,False,False,False,False,True,False,False,False,True,False,False,False,False,False,True,False,True,False,False,False,True,True,False,False,False,True,True
63.0,13907,5,0.0,3,4,4,4,290,706,996,0,1,996,0,996,1,1,0,3,1,3,6,6,1,0.0,1,0,0,3,3,2,144,0,0,0,108000,4,2.0,0,1992,1,68,39,0,True,False,False,True,False,False,False,False,True,False,False,False,False,False,False,False,False,False,False,False,True,False,False,False,False,True,False,False,False,False,False,False,False,False,False,True,False,True,False,False,False,True,False,False,False,False,True,True
66.0,21780,6,0.0,3,4,2,2,0,1163,1163,0,1,1163,511,1674,0,2,0,4,1,3,8,6,1,1955.0,0,2,396,5,5,0,72,36,0,144,185000,4,2.0,180,2837,2,90,58,0,True,False,False,True,False,False,False,False,True,False,False,False,False,False,False,False,False,False,False,False,True,False,False,False,False,True,False,False,False,False,False,False,True,True,False,True,False,False,False,False,False,True,False,False,True,False,True,True
74.48223301995465,13346,7,0.0,2,4,2,4,728,367,1095,0,1,1166,1129,2295,1,2,1,4,1,2,9,6,1,1992.0,2,2,590,5,5,2,0,40,0,0,268000,3,3.5,40,3390,2,14,6,0,True,False,False,False,False,True,False,False,False,False,False,False,True,False,False,False,False,False,False,False,True,False,False,False,True,True,False,False,False,True,False,False,False,False,False,True,False,False,True,False,False,True,True,False,False,False,True,True
66.0,6858,6,0.0,3,4,2,4,0,806,806,4,0,841,806,1647,1,1,1,4,1,1,6,6,0,1920.0,3,1,216,5,5,2,0,66,136,0,128000,0,2.5,202,2453,2,95,60,0,True,False,False,True,False,False,False,False,False,False,False,False,False,False,False,False,False,False,False,False,True,False,False,False,True,True,False,False,False,False,False,False,True,True,False,True,False,False,True,False,True,False,False,False,True,False,True,True
77.0,11198,9,245.0,2,4,2,4,0,1122,1122,0,1,1134,1370,2504,0,2,1,4,1,0,11,6,1,2005.0,0,3,656,5,5,2,144,39,0,0,325000,4,2.5,39,3626,2,3,1,0,True,False,False,False,False,False,False,False,False,False,False,False,False,False,False,False,False,True,False,False,True,False,False,False,True,False,True,False,False,False,False,True,False,False,True,False,False,False,True,False,False,True,False,True,False,False,True,True
70.0,10171,7,168.0,2,4,2,4,2,1515,1517,0,1,1535,0,1535,0,2,0,3,1,2,7,6,0,2004.0,2,2,532,5,5,2,0,0,0,0,214000,0,2.0,0,3052,1,6,6,0,True,False,False,False,False,False,False,False,False,False,False,False,False,True,False,False,False,False,False,False,True,False,False,False,False,True,False,False,False,False,False,True,False,False,True,False,False,False,True,False,False,True,True,False,False,False,True,True
79.0,12327,8,0.0,2,4,2,1,1441,55,1496,0,1,1496,636,2132,1,1,1,1,1,2,5,3,1,1983.0,0,2,612,2,5,2,349,40,0,0,316600,4,2.5,40,3628,2,26,0,0,True,False,False,False,False,False,False,False,False,False,False,False,False,False,False,False,False,False,False,False,True,False,False,False,False,True,False,False,False,False,False,False,True,True,False,True,False,True,False,False,False,True,False,True,False,False,True,True
66.23741951441706,7032,5,0.0,3,4,2,1,943,0,943,4,1,943,0,943,1,1,0,2,1,3,4,6,2,1979.0,3,2,600,5,5,2,42,0,0,0,135960,3,2.0,0,1886,1,27,27,0,True,False,False,False,False,False,False,False,False,False,False,True,False,False,False,False,False,False,False,False,True,False,True,False,False,True,False,False,False,False,True,False,False,False,False,True,False,True,False,False,False,True,False,False,True,False,True,True
74.0,13101,5,108.0,3,4,4,4,231,1497,1728,4,1,1728,0,1728,0,2,0,6,2,3,10,6,0,1987.0,3,2,576,5,5,2,0,0,0,0,142600,0,2.0,0,3456,1,43,43,0,True,False,False,False,False,False,False,False,False,False,False,True,False,False,False,False,False,False,False,False,True,False,True,False,False,True,False,False,False,True,False,False,False,False,True,False,False,True,False,False,False,True,False,False,True,False,True,True
60.0,7332,6,207.0,3,4,4,4,414,450,864,0,1,864,0,864,1,1,0,2,1,2,4,6,0,1959.0,3,1,288,5,5,2,168,0,0,0,120000,0,2.0,0,1728,1,47,47,0,True,False,False,True,False,False,False,False,False,False,False,True,False,False,False,False,False,False,False,False,True,False,False,False,False,True,False,False,False,False,False,False,False,False,True,False,False,True,False,False,False,True,True,False,False,False,True,False
83.0,13159,7,0.0,3,4,0,0,0,846,846,2,1,846,846,1692,0,2,1,3,1,2,6,6,0,2009.0,2,2,650,5,5,2,208,114,0,0,224500,0,2.5,114,2538,2,0,0,1,True,False,False,False,True,False,False,False,False,False,False,False,False,False,False,False,False,False,True,False,True,False,False,False,True,True,False,False,False,False,False,True,False,False,False,True,False,False,True,False,False,True,True,False,False,True,False,False
76.0,9967,7,0.0,3,4,2,4,0,384,384,0,1,774,656,1430,0,2,1,3,1,3,8,6,1,2000.0,2,2,400,5,5,2,100,0,0,0,170000,3,2.5,0,1814,2,7,7,0,True,False,False,False,False,False,False,False,False,False,False,False,False,False,False,False,False,False,False,False,True,False,False,False,False,True,False,False,False,False,False,True,False,False,False,True,False,False,True,False,False,True,False,True,False,False,True,True
70.0,10500,5,82.0,3,4,4,0,349,23,372,4,1,576,533,1109,0,1,0,3,1,3,5,6,0,1971.0,3,1,288,5,5,2,35,0,0,0,139000,0,1.5,0,1481,2,36,2,0,True,False,False,True,False,False,False,False,False,False,False,True,False,False,False,False,False,False,False,False,True,False,False,False,False,False,False,False,False,False,True,False,False,False,True,False,False,True,False,False,False,True,False,True,False,False,True,True
80.0,8480,5,0.0,3,4,4,4,442,390,832,4,1,832,384,1216,0,1,0,2,1,3,6,6,0,1947.0,3,1,336,5,5,2,158,0,102,0,118500,0,1.0,102,2048,2,61,58,0,True,False,False,True,False,False,False,False,False,False,False,True,False,False,False,False,False,False,False,False,True,False,False,False,False,True,False,False,False,False,True,False,False,False,False,True,False,True,False,False,False,True,False,False,True,False,False,False
52.0,6292,7,0.0,3,4,4,4,0,861,861,2,1,877,600,1477,0,2,0,3,1,3,6,6,1,1928.0,3,1,216,5,5,2,0,50,0,0,145000,4,2.5,50,2338,2,81,59,0,True,False,False,True,False,False,False,False,False,False,False,False,False,False,False,False,False,False,False,False,True,False,False,False,False,True,False,False,False,False,False,False,True,True,False,True,False,False,False,False,False,True,False,False,True,False,True,True
96.0,11777,5,97.0,3,4,4,0,328,285,1164,0,1,1320,0,1320,1,1,0,3,1,3,6,6,2,1966.0,2,2,564,5,5,2,160,68,240,0,164500,2,2.0,308,2484,1,40,40,0,True,False,False,False,False,False,False,False,False,False,False,False,False,False,False,True,False,False,False,False,True,False,False,False,False,True,False,False,False,False,False,True,False,False,True,False,False,True,False,False,False,True,True,False,False,False,True,False
34.0,3604,7,0.0,2,4,2,4,0,689,689,0,1,703,689,1392,0,2,0,2,1,2,5,6,0,2007.0,3,2,540,5,5,2,0,102,0,0,146000,0,2.0,102,2081,2,1,1,0,False,False,False,True,False,False,False,False,False,False,False,False,False,False,False,False,True,False,False,False,True,False,False,False,True,True,False,False,False,False,False,True,False,False,False,True,False,False,True,False,False,True,False,False,True,False,True,False
81.0,12150,5,335.0,3,4,4,4,0,1050,1050,0,0,1050,745,1795,0,2,0,4,1,3,7,6,0,1954.0,3,1,352,1,5,2,0,0,0,0,131500,0,2.0,0,2845,2,54,54,0,False,True,False,True,False,False,False,False,False,False,False,False,False,False,True,False,False,False,False,False,True,False,False,False,False,True,False,False,False,False,True,False,False,False,True,False,False,False,False,False,True,False,True,False,False,False,True,True
76.10011771006569,14585,6,85.0,3,4,4,4,594,331,1144,0,1,1429,0,1429,0,1,0,3,1,2,7,6,2,1960.0,3,2,572,5,5,2,216,110,0,0,181900,4,1.5,110,2573,1,47,20,0,True,False,False,False,False,True,False,False,False,False,False,True,False,False,False,False,False,False,False,False,True,False,False,False,False,True,False,False,False,False,False,False,True,True,True,False,False,True,False,False,False,True,True,False,False,False,True,True
98.0,12704,8,306.0,0,4,0,4,0,2042,2042,0,1,2042,0,2042,0,2,1,3,1,0,8,6,1,2009.0,2,3,1390,5,5,2,0,90,0,0,253293,4,2.5,90,4084,1,1,0,0,True,False,False,True,False,False,False,False,False,False,False,False,False,True,False,False,False,False,False,False,True,False,False,False,False,False,True,False,False,False,False,True,False,False,True,False,False,False,True,False,False,True,True,False,False,True,False,False
81.0,11841,6,104.0,3,2,2,0,816,0,816,4,1,816,0,816,1,1,0,3,1,3,5,6,0,0.0,1,0,0,3,3,2,0,32,0,0,118500,0,2.0,32,1632,1,17,17,0,True,False,False,True,False,False,False,False,True,False,False,False,False,False,False,False,False,False,False,False,True,False,True,False,False,True,False,False,False,True,False,False,False,False,True,False,False,True,False,False,False,True,False,False,False,False,True,True
75.0,13500,10,0.0,0,0,4,4,0,1237,1237,2,1,1521,1254,2775,0,3,1,3,1,2,9,6,1,1988.0,3,2,880,2,5,2,105,502,0,0,325000,4,3.5,502,4012,2,115,8,0,False,True,False,True,False,False,False,False,False,False,False,False,False,False,True,False,False,False,False,False,False,False,False,False,False,True,False,False,False,False,False,False,True,True,False,True,False,False,False,False,False,True,False,False,True,False,True,True
51.0,6120,4,0.0,3,4,4,4,0,884,884,0,1,989,584,1573,0,1,0,3,1,2,6,6,0,1935.0,3,1,240,5,5,2,0,0,54,120,133000,0,1.0,174,2457,2,74,14,0,False,True,False,True,False,False,False,True,False,False,False,False,False,False,False,False,False,False,False,False,True,False,False,False,False,True,False,False,False,False,False,False,False,False,False,True,False,False,False,False,False,True,False,False,True,False,True,True
88.0,11443,8,208.0,2,4,0,1,1460,408,1868,0,1,2028,0,2028,1,2,0,2,1,2,7,6,2,2005.0,2,3,880,5,5,2,326,66,0,0,369900,4,3.0,66,3896,1,1,0,0,True,False,False,True,False,False,False,False,False,False,False,False,False,False,False,False,False,False,True,False,True,False,False,False,False,False,True,False,False,False,False,True,False,False,True,False,False,False,True,False,False,True,True,False,False,True,False,False
55.0,10267,6,0.0,3,2,4,2,210,0,816,0,1,838,0,838,1,1,0,2,1,1,5,6,0,1961.0,0,1,275,5,5,0,0,0,112,0,130000,0,2.0,112,1654,1,90,8,0,True,False,False,True,False,False,False,True,False,False,False,False,False,False,False,False,False,False,False,False,False,False,False,False,False,True,False,False,False,False,False,False,False,False,False,True,False,False,False,False,False,True,False,False,True,False,True,True
74.0,8740,5,0.0,3,4,4,0,672,168,840,4,1,860,0,860,1,1,0,2,1,3,4,6,0,1996.0,3,2,528,5,5,2,0,0,0,0,137000,0,2.0,0,1700,1,27,27,0,True,False,False,False,False,False,False,False,False,False,False,False,False,False,False,True,False,False,False,False,True,False,False,False,False,False,True,False,False,True,False,False,False,False,False,True,False,True,False,False,False,True,False,False,True,False,True,True
65.0,25095,5,0.0,3,4,4,1,1324,113,1437,0,1,1473,0,1473,2,1,0,1,1,0,5,6,2,1968.0,3,1,452,5,5,2,0,48,0,60,143000,4,3.0,108,2910,1,41,6,0,True,False,False,False,False,False,False,False,False,False,False,False,False,False,False,False,False,False,False,False,True,False,False,False,False,False,False,False,False,False,False,False,True,True,False,True,False,True,False,False,False,True,True,False,False,False,True,False
50.0,9100,5,0.0,3,4,4,4,0,742,742,4,1,779,0,935,0,1,0,2,1,3,4,6,0,1988.0,3,1,308,5,5,1,0,0,0,0,79500,0,1.0,0,1521,1,78,48,0,False,True,False,True,False,False,False,True,False,False,False,False,False,False,False,False,False,False,False,False,False,False,False,False,False,True,False,False,False,False,False,True,False,False,False,True,False,False,False,False,False,False,False,False,True,False,True,True
64.0,8320,7,0.0,2,4,2,4,490,280,770,0,1,770,812,1582,0,2,1,3,1,2,6,6,0,2004.0,2,2,520,5,5,2,0,45,0,0,185900,0,2.5,45,2352,2,4,4,0,True,False,False,True,False,False,False,False,False,False,False,False,False,False,False,False,False,False,False,False,True,False,False,False,True,True,False,False,False,False,False,True,False,False,False,True,False,False,True,False,False,True,True,False,False,False,True,True
97.0,13478,10,420.0,0,4,0,1,1338,384,1722,0,1,1728,568,2296,1,2,1,3,1,0,10,6,1,2008.0,2,3,842,5,5,2,382,274,0,0,451950,4,3.5,274,4018,2,1,1,0,True,False,False,False,False,False,False,False,False,False,False,False,False,True,False,False,False,False,False,False,True,False,False,False,True,True,False,False,True,False,False,False,False,False,False,False,True,False,True,False,False,True,False,True,False,False,False,True
60.0,6600,5,0.0,3,2,4,4,816,0,816,0,1,816,0,816,1,1,0,2,1,3,4,6,0,1985.0,0,2,816,5,5,2,0,0,0,0,138000,0,2.0,0,1632,1,26,5,0,True,False,False,True,False,False,False,False,False,False,False,False,False,False,False,False,False,False,False,False,True,False,False,False,False,True,False,False,False,True,False,False,False,False,False,True,False,False,True,False,False,True,False,False,True,False,True,True
62.84626007921256,4435,6,170.0,2,4,2,0,685,163,848,0,1,848,0,848,1,1,0,1,1,2,4,6,0,2003.0,0,2,420,5,5,2,140,0,0,0,140000,0,2.0,0,1696,1,6,6,0,False,True,False,True,False,False,False,False,False,False,False,False,False,False,False,False,False,False,False,False,True,False,False,False,False,True,False,False,False,False,False,True,False,False,True,False,False,False,True,False,False,True,True,False,False,False,True,True
88.0,7990,5,0.0,3,4,2,4,0,924,924,4,1,924,0,924,0,1,0,3,1,3,5,6,0,1981.0,3,1,280,5,5,2,0,0,0,0,110000,0,1.0,0,1848,1,33,33,0,True,False,False,False,False,False,False,False,False,False,False,False,False,False,False,False,False,False,False,False,True,False,False,False,False,False,True,False,False,True,False,False,False,False,False,True,False,True,False,False,False,True,False,False,True,False,True,True
69.0,11302,8,238.0,2,4,2,1,1422,392,1814,0,1,1826,0,1826,1,2,0,3,1,2,7,6,1,2005.0,0,3,758,5,5,2,180,75,0,120,319000,3,3.0,195,3640,1,1,0,0,True,False,False,False,False,False,False,False,False,False,False,False,False,False,False,False,False,True,False,False,True,False,False,False,False,True,False,False,False,False,False,True,False,False,True,False,False,False,True,False,False,True,True,False,False,True,False,False
60.0,3600,6,0.0,3,4,4,4,0,684,684,0,0,684,684,1368,0,1,0,3,1,3,7,6,0,1930.0,3,1,216,5,1,0,0,158,0,0,114504,0,1.0,158,2052,2,96,13,0,False,True,False,True,False,False,False,False,False,False,False,False,False,False,True,False,False,False,False,False,True,False,False,False,True,True,False,False,False,False,False,True,False,False,False,True,False,True,False,False,False,False,False,False,True,False,True,True
53.0,3922,7,72.0,2,4,0,0,0,1258,1258,0,1,1402,0,1402,0,0,2,2,1,2,7,6,1,2006.0,0,3,648,5,5,2,120,16,0,0,194201,4,2.0,16,2660,1,1,0,0,True,False,False,True,False,False,False,False,False,False,False,False,False,False,False,False,False,False,False,False,True,False,False,False,False,True,False,False,False,False,False,True,False,False,True,False,False,False,True,False,False,True,True,False,False,True,False,False
80.0,12984,5,459.0,3,4,2,2,1283,0,1430,0,1,1647,0,1647,1,2,0,3,1,2,7,6,1,1977.0,0,2,621,5,5,2,0,0,0,0,217500,3,3.0,0,3077,1,29,29,0,True,False,False,True,False,False,False,False,False,False,False,False,False,False,False,False,False,False,False,False,True,False,False,False,False,True,False,False,False,False,False,False,False,False,True,False,False,True,False,False,False,True,True,False,False,False,True,True
24.0,1950,6,0.0,3,2,2,4,81,23,716,4,1,716,840,1556,1,2,1,3,1,3,6,6,1,1980.0,0,2,452,5,5,2,161,0,0,0,151000,3,3.5,0,2272,2,28,28,0,False,True,False,True,False,False,False,False,False,False,False,False,False,False,False,False,False,False,False,False,True,False,False,True,True,True,False,False,False,False,True,False,False,False,False,True,False,True,False,False,False,True,True,False,False,False,False,True
74.0,10927,8,280.0,2,4,2,0,546,512,1058,0,1,1058,846,1904,1,2,1,3,1,0,8,6,1,2003.0,0,2,736,5,5,2,179,60,0,0,275000,4,3.5,60,2962,2,1,1,0,True,False,False,True,False,False,False,False,False,False,False,False,False,True,False,False,False,False,False,False,True,False,False,False,True,True,False,False,False,False,False,True,False,False,True,False,False,False,True,False,False,True,False,True,False,False,True,True
50.0,9000,6,0.0,3,2,4,4,0,780,780,4,1,780,595,1375,0,1,1,3,1,2,6,6,1,1979.0,3,1,544,5,5,1,0,162,0,126,141000,4,1.5,288,2155,2,70,57,0,False,True,False,True,False,False,False,False,False,True,False,False,False,False,False,False,False,False,False,False,True,False,False,False,False,True,False,False,False,False,False,False,True,True,False,True,False,False,True,False,False,True,False,False,True,False,True,True
80.0,10041,8,0.0,2,4,2,2,789,119,908,0,1,927,988,1915,1,2,1,3,1,2,8,6,1,1992.0,0,2,506,5,5,2,120,150,0,0,220000,3,3.5,150,2823,2,14,14,0,True,False,False,False,False,False,False,False,False,False,False,False,False,False,False,False,False,False,False,False,True,False,False,False,True,True,False,False,False,True,False,False,False,False,False,True,False,False,True,False,False,True,True,False,False,False,True,False
30.0,3182,7,0.0,2,4,2,4,0,600,600,0,1,600,600,1200,0,2,1,2,1,2,4,6,0,2004.0,2,2,480,5,5,2,0,172,0,0,151000,0,2.5,172,1800,2,6,5,0,False,False,False,True,False,False,False,False,False,False,False,False,False,False,False,False,True,False,False,False,True,False,False,False,True,True,False,False,False,False,True,False,False,False,False,True,False,False,True,False,False,True,False,False,True,False,True,True
88.0,12803,7,99.0,2,4,2,2,922,572,1494,0,1,1494,0,1494,1,2,0,3,1,2,6,6,1,2002.0,2,2,530,5,5,2,192,36,0,0,221000,3,3.0,36,2988,1,6,6,0,True,False,False,False,False,False,False,False,False,False,False,False,False,False,False,False,False,False,False,False,True,False,False,False,False,True,False,False,False,False,False,True,False,False,True,False,False,False,True,False,False,True,True,False,False,False,True,True
85.0,13600,7,176.0,3,4,4,4,454,314,768,4,1,1186,800,1986,0,2,1,3,1,3,7,6,3,1965.0,3,2,486,5,5,2,0,42,0,189,205000,2,2.5,231,2754,2,44,19,0,True,False,False,True,False,False,False,False,False,False,False,True,False,False,False,False,False,False,False,False,True,False,False,False,True,True,False,False,False,True,False,False,False,False,True,False,False,True,False,False,False,True,True,False,False,False,True,True
82.0,12464,5,0.0,3,2,2,4,732,308,1040,2,1,1040,0,1040,1,1,0,3,1,2,6,6,0,2000.0,3,2,576,5,5,2,168,0,0,0,152000,0,2.0,0,2080,1,13,13,0,True,False,True,False,False,False,False,False,False,False,False,False,False,False,False,False,False,False,False,False,True,False,False,False,False,True,False,False,False,False,False,True,False,False,False,True,False,False,True,False,False,True,False,False,True,False,True,True
78.0,7800,5,0.0,3,2,4,4,603,293,896,0,1,1112,896,2008,1,3,0,3,1,0,8,6,0,1948.0,3,1,230,5,5,2,103,0,0,0,225000,0,4.0,0,2904,2,58,4,0,True,False,False,True,False,False,False,False,True,False,False,False,False,False,False,False,False,False,False,False,True,False,False,False,True,True,False,False,False,False,True,False,False,False,False,True,False,True,False,False,False,True,True,False,False,False,True,True
78.0,12168,8,0.0,3,4,2,2,428,537,965,4,1,1940,1254,3194,0,2,1,4,1,3,10,6,2,1934.0,3,2,380,5,5,2,0,0,0,0,359100,4,2.5,0,4159,2,73,9,0,True,False,False,True,True,False,False,False,False,False,False,False,False,False,False,False,False,False,False,False,True,False,False,False,True,True,False,False,False,False,False,False,False,True,False,True,False,False,True,False,False,True,False,False,False,False,True,False
61.0,7943,4,192.0,3,1,4,2,903,126,1029,2,1,1029,0,1029,1,1,0,3,1,3,5,6,0,1961.0,3,1,261,5,5,2,64,0,39,0,118500,0,2.0,39,2058,1,46,46,0,True,False,False,True,False,False,False,False,False,False,False,False,False,False,False,True,False,False,False,True,False,False,False,False,False,True,False,False,False,False,False,True,False,False,False,False,False,True,False,False,False,True,True,False,False,False,True,True
71.48411901794097,11050,9,204.0,2,4,0,2,904,536,1440,0,1,1476,677,2153,1,2,1,3,1,0,8,6,2,2000.0,0,3,736,5,5,2,253,142,0,0,313000,5,3.5,142,3593,2,9,9,0,True,False,False,True,False,False,False,False,False,False,False,False,False,False,False,False,False,False,False,False,False,False,False,False,True,False,True,False,False,False,False,True,False,False,True,False,False,False,True,False,False,True,True,False,False,False,True,True
70.62882081614701,10395,6,233.0,3,4,2,0,605,427,1032,4,1,1032,0,1032,0,2,0,3,1,3,6,6,1,1978.0,3,2,564,5,5,2,0,0,0,0,148000,3,2.5,0,2064,1,29,29,0,True,False,False,False,False,False,False,False,False,False,False,False,False,False,False,False,False,False,False,False,True,False,False,False,False,True,False,False,False,True,False,False,False,False,True,False,False,True,False,False,False,True,True,False,False,False,True,True
72.57446100038062,11885,8,108.0,2,4,2,0,990,309,1299,0,1,1299,573,1872,1,2,1,3,1,0,7,6,1,2001.0,2,2,531,5,5,2,160,122,0,0,261500,3,3.5,122,3171,2,8,8,0,True,False,False,True,False,False,False,False,False,False,False,False,False,False,False,False,False,False,False,False,True,False,False,False,True,True,False,False,False,False,False,True,False,False,True,False,False,False,True,False,False,True,False,True,False,False,True,True
70.0,8402,5,0.0,3,4,2,4,206,914,1120,0,1,1120,0,1120,0,1,0,3,1,3,6,6,0,0.0,1,0,0,3,3,2,0,30,0,0,147000,0,1.0,30,2240,1,0,0,1,True,False,False,True,False,False,False,False,False,False,False,False,False,False,False,False,False,False,False,True,False,False,False,False,False,True,False,False,False,False,False,True,False,False,False,True,False,False,True,False,False,True,False,False,False,True,False,False
21.0,1491,4,0.0,3,4,2,0,150,0,630,0,1,630,0,630,1,1,0,1,1,3,3,6,0,0.0,1,0,0,3,3,2,96,24,0,0,75500,0,2.0,24,1260,1,38,38,0,False,True,False,True,False,False,False,False,False,False,True,False,False,False,False,False,False,False,False,False,True,False,False,False,False,True,False,False,True,False,False,False,False,False,False,True,False,True,False,False,False,True,False,False,False,False,True,True
80.0,8800,6,156.0,3,2,4,1,763,173,936,0,1,1054,0,1054,1,1,0,3,1,2,6,6,0,1963.0,2,2,480,5,5,2,120,0,0,0,137500,0,2.0,0,1990,1,47,47,0,True,False,False,True,False,False,False,False,False,False,False,True,False,False,False,False,False,False,False,True,False,False,False,False,False,True,False,False,False,False,True,False,False,False,True,False,False,False,True,False,False,True,True,False,False,False,True,False
67.31992670416851,7861,6,0.0,2,4,2,4,457,326,783,0,1,807,702,1509,1,2,1,3,1,2,7,6,1,2002.0,0,2,393,5,5,2,100,75,0,0,183200,4,3.5,75,2292,2,4,3,0,True,False,False,False,False,False,False,False,False,False,False,False,False,False,False,False,False,False,False,False,True,False,False,False,True,True,False,False,False,False,False,True,False,False,False,True,False,False,True,False,False,True,True,False,False,False,True,True
59.0,7227,6,0.0,3,4,4,4,0,832,832,2,1,832,0,832,0,1,0,2,1,2,4,6,0,1962.0,3,2,528,5,5,2,0,0,0,0,105500,0,1.0,0,1664,1,54,54,0,True,False,False,True,True,False,False,False,False,False,False,True,False,False,False,False,False,False,False,False,False,False,False,False,False,True,False,False,False,False,True,False,False,False,False,True,False,True,False,False,False,True,False,False,True,False,True,True
90.0,11694,9,452.0,0,4,0,0,48,1774,1822,0,1,1828,0,1828,0,2,0,3,1,2,9,6,1,2007.0,3,3,774,5,5,2,0,108,0,260,314813,4,2.0,368,3650,1,0,0,1,True,False,False,True,False,False,False,False,False,False,False,False,False,True,False,False,False,False,False,False,True,False,False,False,False,False,True,False,True,False,False,False,False,False,True,False,False,False,True,False,False,True,True,False,False,True,False,False
85.0,12244,8,226.0,2,4,2,1,871,611,1482,0,1,1482,780,2262,1,2,1,4,1,2,10,6,2,2003.0,0,3,749,5,5,2,168,0,0,0,305000,4,3.5,0,3744,2,5,5,0,True,False,False,True,False,False,False,False,False,False,False,False,False,False,False,False,False,False,True,False,True,False,False,False,True,False,True,False,False,False,False,True,False,False,False,False,True,False,True,False,False,True,True,False,False,False,True,True
45.0,8248,3,0.0,3,4,4,4,41,823,864,4,0,864,0,864,1,1,0,2,1,3,5,6,0,0.0,1,0,0,3,3,0,0,0,100,0,67000,0,2.0,100,1728,1,94,58,0,True,False,False,True,False,False,False,False,True,False,False,False,False,False,False,False,False,False,False,False,True,False,False,False,False,True,False,False,False,False,False,False,False,False,False,True,False,False,False,False,True,False,False,False,False,False,True,True
90.0,10800,6,0.0,3,4,4,4,956,384,1522,4,1,1548,1066,2614,0,2,1,4,1,3,9,6,1,1974.0,2,2,624,5,5,2,38,243,0,0,240000,3,2.5,243,4136,2,34,11,0,True,False,False,True,False,False,False,False,False,False,False,False,False,False,False,False,False,False,False,False,True,False,False,False,True,True,False,False,False,True,False,False,False,False,False,True,False,True,False,False,False,True,True,False,False,False,True,True
71.0,7064,5,153.0,3,4,4,4,560,420,980,4,1,980,0,980,0,1,0,3,1,3,6,6,0,1986.0,3,2,484,5,5,2,192,0,0,0,135000,0,1.0,0,1960,1,32,32,0,True,False,False,True,False,False,False,False,False,False,False,False,False,False,False,True,False,False,False,False,True,False,False,False,False,True,False,False,False,False,False,False,False,False,True,False,False,True,False,False,False,True,False,False,True,False,True,True
59.819418504008866,2117,6,513.0,2,4,2,4,420,336,756,0,1,756,756,1512,0,2,1,2,1,2,4,6,1,2000.0,3,2,440,5,5,2,0,32,0,0,168500,3,2.5,32,2268,2,7,7,0,False,False,False,True,False,False,False,False,False,False,False,False,False,False,False,False,True,False,False,False,True,False,False,False,True,True,False,False,False,False,True,False,False,False,True,False,False,False,True,False,False,True,False,False,True,False,True,True
80.0,10400,6,288.0,3,4,4,4,247,485,732,2,1,1012,778,1790,1,1,2,4,1,3,8,3,1,1972.0,2,2,484,5,5,2,148,0,0,147,165150,3,3.0,147,2522,2,34,34,0,True,False,False,True,False,False,False,False,False,False,False,False,False,False,False,False,False,False,False,False,True,False,False,False,True,True,False,False,False,False,False,True,False,False,False,True,False,True,False,False,False,True,True,False,False,False,True,True
87.0,10000,6,261.0,3,4,4,4,0,1116,1116,4,1,1116,0,1116,0,1,1,3,1,3,5,6,0,1962.0,3,2,440,5,5,2,0,0,0,385,160000,0,1.5,385,2232,1,48,48,0,True,False,False,False,False,False,False,False,False,False,False,True,False,False,False,False,False,False,False,False,True,False,False,False,False,False,True,False,False,False,False,False,True,True,True,False,False,True,False,False,False,True,True,False,False,False,True,True
73.17121104346435,12342,5,0.0,3,4,4,4,0,978,978,4,1,1422,0,1422,0,1,0,3,1,3,6,2,1,1960.0,2,1,286,5,5,2,0,0,36,0,139900,3,1.0,36,2400,1,47,29,0,True,False,False,False,False,False,False,False,False,False,False,True,False,False,False,False,False,False,False,False,True,False,False,False,False,False,True,False,False,False,False,False,True,True,False,True,False,True,False,False,False,True,True,False,False,False,True,True
80.0,9600,6,164.0,3,4,4,0,674,350,1156,0,1,1520,0,1520,1,1,0,3,1,3,7,6,2,1955.0,2,1,364,5,5,2,0,0,189,0,153000,4,2.0,189,2676,1,55,38,0,True,False,False,True,False,False,False,False,False,False,False,True,False,False,False,False,False,False,False,False,True,False,False,False,False,True,False,False,False,False,False,False,False,False,True,False,False,True,False,False,False,True,False,False,False,False,True,True
70.0,11606,5,192.0,3,4,2,0,650,390,1040,4,1,1040,1040,2080,0,1,2,5,1,1,9,6,2,1969.0,3,2,504,5,5,2,335,0,0,0,135000,3,2.5,0,3120,2,38,38,0,True,False,False,False,True,False,False,False,False,False,False,True,False,False,False,False,False,False,False,False,True,False,False,False,True,True,False,False,False,False,False,False,False,False,True,False,False,False,True,False,False,True,True,False,False,False,True,False
82.0,9020,6,259.0,3,4,4,1,624,288,1248,4,1,1350,0,1350,1,1,1,3,1,3,6,6,0,1964.0,2,2,520,5,5,2,176,0,0,0,168500,0,2.5,0,2598,1,44,44,0,True,False,False,True,False,False,False,False,False,False,False,True,False,False,False,False,False,False,False,True,False,False,False,False,False,True,False,True,False,False,False,False,False,True,True,False,False,True,False,False,False,True,True,False,False,False,True,True
50.0,9000,5,0.0,3,4,1,4,0,636,636,4,1,1089,661,1750,0,1,0,3,1,0,8,6,0,1937.0,3,1,240,1,4,0,0,0,293,0,124000,0,1.0,293,2386,2,126,15,0,False,True,False,True,False,False,False,False,False,False,False,False,False,False,True,False,False,False,False,False,False,False,False,False,True,True,False,False,False,False,False,True,False,False,False,True,False,False,False,False,False,False,False,False,True,False,True,False
34.0,4590,8,108.0,2,4,2,2,24,1530,1554,0,1,1554,0,1554,0,2,0,2,1,2,6,6,1,2006.0,2,2,627,5,5,2,156,73,0,0,209500,4,2.0,73,3108,1,1,1,0,True,False,False,True,False,False,False,False,False,False,False,False,False,True,False,False,False,False,False,False,True,False,False,True,False,True,False,False,False,False,False,True,False,False,False,False,True,False,True,False,False,True,True,False,False,False,True,True
85.0,11900,7,209.0,3,2,4,4,822,564,1386,4,1,1411,0,1411,0,2,0,3,1,3,6,6,1,1977.0,0,2,544,5,5,2,192,0,0,0,82500,3,2.0,0,2797,1,32,32,0,True,False,False,True,False,False,False,False,False,False,False,False,False,False,False,False,False,False,False,False,True,False,False,False,False,False,True,False,False,False,False,False,False,False,True,False,False,True,False,False,False,True,True,False,False,False,True,False
80.0,9250,5,0.0,3,4,4,4,480,108,1056,4,1,1056,0,1056,0,1,0,3,1,3,6,6,0,1954.0,3,1,260,5,5,2,390,0,0,0,139400,0,1.5,0,2112,1,53,2,0,True,False,False,True,False,False,False,False,False,False,False,True,False,False,False,False,False,False,False,False,True,False,False,False,False,True,False,False,False,False,False,False,True,True,False,True,False,True,False,False,False,True,True,False,False,False,True,True
64.0,6979,6,0.0,3,4,4,4,1056,0,1056,2,1,1056,0,1056,2,0,0,0,2,3,4,6,0,1980.0,3,2,576,5,5,2,264,56,0,0,144000,0,2.0,56,2112,1,30,30,0,True,False,False,True,False,False,False,False,False,False,False,False,False,False,True,False,False,False,False,False,True,False,True,False,False,True,False,False,False,False,False,False,False,False,False,True,False,True,False,False,False,True,False,False,True,False,True,True
51.0,6120,2,0.0,1,1,4,4,0,264,264,1,0,800,0,800,0,1,0,1,1,1,4,0,1,0.0,1,0,0,3,3,0,0,0,0,0,60000,1,1.0,0,1064,1,73,59,0,False,True,False,True,False,False,False,True,False,False,False,False,False,False,False,False,False,False,False,False,True,False,False,False,False,True,False,False,False,False,False,False,False,False,False,True,False,False,False,False,False,False,False,False,False,False,False,True
50.0,6000,5,0.0,3,4,4,4,0,811,811,4,1,811,576,1387,0,2,0,3,2,2,7,6,0,1954.0,3,1,256,5,5,2,0,0,0,0,93000,0,2.0,0,2198,2,55,55,0,False,True,False,True,False,False,False,False,False,False,False,False,False,False,True,False,False,False,False,False,True,True,False,False,False,True,False,False,False,False,False,False,True,True,False,True,False,True,False,False,False,False,False,True,False,False,True,True
67.0,8777,5,0.0,3,4,1,4,0,796,796,2,1,796,0,796,0,1,0,2,1,3,4,6,0,0.0,1,0,0,3,3,1,328,0,164,0,85000,0,1.0,164,1592,1,98,58,0,True,False,False,True,False,False,False,False,True,False,False,False,False,False,False,False,False,False,False,True,False,False,False,False,False,True,False,False,False,False,True,False,False,True,False,True,False,True,False,False,False,False,False,False,False,False,True,True
53.0,3982,8,0.0,2,4,2,0,1154,366,1520,0,1,1567,0,1567,1,2,0,1,1,0,7,6,1,2006.0,0,3,648,5,5,2,312,0,0,0,264561,4,3.0,0,3087,1,0,0,1,True,False,False,True,False,False,False,False,False,False,False,False,False,False,False,False,False,False,False,False,True,False,False,False,False,False,True,False,False,False,False,True,False,False,False,True,False,False,True,False,False,True,True,False,False,True,False,False
62.0,12677,8,472.0,0,4,0,1,1218,300,1518,0,1,1518,0,1518,0,1,1,1,1,0,6,6,1,2003.0,2,2,588,5,5,2,185,140,0,0,274000,4,1.5,140,3036,1,5,4,0,True,False,False,False,False,False,False,False,False,False,False,False,False,True,False,False,False,False,False,False,True,False,False,False,False,False,True,False,False,False,True,False,False,False,True,False,False,False,True,False,False,True,True,False,False,False,True,True
66.26092389248161,7050,7,0.0,2,4,2,4,738,319,1057,0,1,1057,872,1929,1,2,1,3,1,2,7,6,1,2001.0,0,2,650,5,5,2,0,235,0,0,226000,3,3.5,235,2986,2,6,6,0,False,False,False,True,False,False,False,False,False,False,False,False,False,False,False,False,True,False,False,False,True,False,False,False,True,True,False,False,False,False,False,True,False,False,False,True,False,False,True,False,False,True,True,False,False,False,True,True
75.0,13860,8,0.0,2,4,2,1,1410,542,1952,2,1,2000,704,2704,1,2,1,4,1,0,9,6,3,1972.0,0,2,538,5,5,2,269,111,0,0,345000,3,3.5,111,4656,2,37,14,0,True,False,False,True,False,False,False,False,False,False,False,True,False,False,False,False,False,False,False,False,True,False,False,False,False,True,False,False,False,False,False,False,False,True,False,True,False,True,False,False,False,True,True,False,False,False,True,True
80.0,10793,5,263.0,3,4,4,4,493,0,780,0,1,780,840,1620,0,2,1,4,1,3,7,2,0,1969.0,0,2,462,5,5,2,208,0,0,0,152000,0,2.5,0,2400,2,38,38,0,True,False,False,True,False,False,False,False,False,False,False,False,False,False,False,False,False,False,False,False,False,False,False,False,True,False,False,False,False,False,False,False,False,False,True,False,False,True,False,False,False,True,True,False,False,False,True,True
85.0,9187,9,162.0,0,4,0,2,1121,645,1766,0,1,1766,0,1766,1,2,1,2,1,0,7,6,1,2009.0,0,3,478,5,5,2,195,130,0,0,370878,4,3.5,130,3532,1,0,0,1,False,False,False,True,False,False,False,False,False,False,False,False,False,False,False,False,True,False,False,False,True,False,False,False,False,True,False,False,True,False,False,False,False,False,False,False,True,False,True,False,False,True,True,False,False,True,False,False
70.80510365163126,10530,6,0.0,3,4,4,4,282,664,981,4,1,981,0,981,1,1,1,3,1,3,5,6,0,1979.0,3,2,576,5,5,2,0,312,40,0,143250,0,2.5,352,1962,1,36,36,0,True,False,False,False,False,False,False,False,False,False,False,True,False,False,False,False,False,False,False,False,True,False,False,False,False,False,True,False,False,False,False,False,False,False,False,True,False,True,False,False,False,True,False,False,True,False,True,True
60.0,7200,5,0.0,3,4,3,3,0,0,0,2,1,1048,0,1048,0,1,0,3,1,3,7,2,0,1950.0,3,2,420,5,5,2,0,27,0,0,98300,0,1.0,27,1048,1,58,58,0,True,False,False,True,False,False,False,False,False,False,False,True,False,False,False,False,False,False,False,False,True,False,False,False,False,False,True,False,False,False,True,False,False,False,False,True,False,True,False,False,False,True,False,False,True,False,True,True
85.0,10452,6,216.0,3,4,4,2,500,594,1094,0,1,1094,0,1094,0,1,0,3,1,3,5,6,2,1953.0,2,2,495,5,5,2,0,0,0,287,155000,4,1.0,287,2188,1,55,55,0,True,False,False,False,False,False,False,False,True,False,False,False,False,False,False,False,False,False,False,False,True,False,False,False,False,False,True,False,False,False,False,False,True,True,False,False,True,True,False,False,False,True,True,False,False,False,True,True
70.0,7700,6,351.0,3,4,4,4,0,756,756,4,1,1051,788,1839,0,1,1,4,1,3,7,6,1,1966.0,3,2,442,5,5,2,0,124,216,0,155000,3,1.5,340,2595,2,44,44,0,True,False,False,True,False,False,False,False,False,False,False,True,False,False,False,False,False,False,False,False,False,False,False,False,True,True,False,False,False,False,True,False,False,False,True,False,False,True,False,False,False,True,True,False,False,False,True,True
21.0,1936,4,0.0,3,4,2,0,131,0,630,2,1,630,0,630,1,1,0,1,1,3,3,6,0,0.0,1,0,0,3,3,2,0,0,0,0,84500,0,2.0,0,1260,1,37,37,0,False,True,False,True,False,False,False,False,False,False,True,False,False,False,False,False,False,False,False,False,True,False,False,True,False,True,False,False,True,False,False,False,False,False,False,True,False,True,False,False,False,True,False,False,False,False,True,True
65.0,8125,7,0.0,2,4,2,4,0,813,813,0,1,822,843,1665,0,2,1,3,1,2,7,6,0,2007.0,2,2,562,5,5,2,0,0,0,0,205950,0,2.5,0,2478,2,1,1,0,False,False,False,True,False,False,False,False,False,False,False,False,False,False,False,False,True,False,False,False,True,False,False,False,True,True,False,False,True,False,False,False,False,False,False,True,False,False,True,False,False,True,True,False,False,False,True,True
60.0,9084,4,0.0,3,4,4,2,0,755,755,4,1,755,755,1510,1,1,0,4,1,3,7,6,1,1940.0,3,1,296,1,4,1,120,0,0,0,108000,4,2.0,0,2265,2,69,59,0,True,False,False,True,False,False,False,False,True,False,False,False,False,False,False,False,False,False,False,False,False,False,False,False,True,True,False,False,False,False,True,False,False,False,False,True,False,True,False,False,False,True,False,False,True,False,True,True
70.0,8750,7,0.0,2,4,2,4,0,880,880,0,1,909,807,1716,0,2,1,2,1,2,7,6,1,1996.0,2,2,512,5,5,2,0,120,0,0,191000,3,2.5,120,2596,2,13,13,0,True,False,False,True,False,False,False,False,False,False,False,False,False,False,False,False,False,False,False,False,True,False,False,False,True,True,False,False,False,False,False,True,False,False,False,True,False,False,True,False,False,True,True,False,False,False,True,True
60.0,10320,6,0.0,3,4,4,4,0,756,756,0,1,756,713,1469,0,1,0,3,1,3,7,6,0,1906.0,3,1,216,5,5,2,57,0,239,0,135000,0,1.0,239,2225,2,102,13,0,False,True,False,True,False,False,False,False,False,True,False,False,False,False,False,False,False,False,False,False,True,False,False,False,False,True,False,False,False,False,True,False,False,False,False,True,False,True,False,False,False,True,False,False,True,False,True,True
91.0,10437,8,660.0,2,2,2,1,1696,413,2109,0,1,2113,0,2113,1,2,1,2,1,2,7,6,1,1995.0,0,3,839,5,5,2,236,46,0,0,350000,3,3.5,46,4222,1,13,13,0,True,False,False,False,False,False,False,False,False,False,False,False,True,False,False,False,False,False,False,False,True,False,False,False,False,False,True,False,False,False,True,False,False,False,True,False,False,False,True,False,False,True,True,False,False,False,True,True
21.0,1680,6,381.0,3,4,4,4,0,525,525,4,1,525,567,1092,0,1,1,3,1,3,6,6,0,1971.0,3,1,264,5,5,2,0,0,0,0,88000,0,1.5,0,1617,2,39,39,0,False,True,False,True,False,False,True,False,False,False,False,False,False,False,False,False,False,False,False,False,True,False,False,True,True,True,False,False,False,True,False,False,False,False,True,False,False,True,False,False,False,True,False,False,True,False,True,False
72.0,10007,5,54.0,2,4,4,4,806,247,1053,0,1,1053,0,1053,1,1,1,3,1,2,5,6,0,1959.0,2,1,312,5,5,2,0,0,0,0,145500,0,2.5,0,2106,1,49,2,0,True,False,False,False,False,False,False,False,False,False,False,True,False,False,False,False,False,False,False,False,True,False,False,False,False,True,False,False,False,True,False,False,False,False,True,False,False,True,False,False,False,True,True,False,False,False,True,True
60.0,7200,7,0.0,3,1,2,4,0,776,776,4,1,851,651,1502,0,1,1,3,1,3,6,6,1,1931.0,2,1,270,5,5,1,0,0,112,0,149000,4,1.5,112,2278,2,77,8,0,True,False,False,True,True,False,False,False,False,False,False,False,False,False,False,False,False,False,False,False,True,False,False,False,True,True,False,False,False,False,False,False,False,False,False,True,False,False,False,False,False,True,True,False,False,False,True,True
78.0,17503,6,0.0,3,4,4,4,0,912,912,4,1,912,546,1458,0,1,0,3,1,3,6,6,1,1948.0,3,1,330,5,5,2,192,0,0,0,97500,4,1.5,0,2370,2,62,60,0,True,False,False,True,False,False,False,False,False,False,False,True,False,False,False,False,False,False,False,False,False,False,False,False,False,True,False,False,False,False,False,True,False,False,False,True,False,True,False,False,False,True,True,False,False,False,True,False
75.0,9937,5,0.0,3,2,4,4,637,849,1486,0,1,1486,0,1486,1,1,0,3,1,3,7,6,0,1968.0,0,2,480,5,5,2,0,0,0,0,167000,0,2.0,0,2972,1,45,10,0,True,False,False,True,False,False,False,False,True,False,False,False,False,False,False,False,False,False,False,False,True,False,False,False,False,False,True,False,False,False,True,False,False,False,False,True,False,False,True,False,False,True,False,False,True,False,True,True
73.22605459228167,12384,7,233.0,3,4,2,4,0,793,793,4,1,1142,793,1935,0,2,1,3,1,3,7,6,1,1976.0,2,2,550,5,5,2,0,113,252,0,197900,3,2.5,365,2728,2,31,31,0,True,False,False,True,False,True,False,False,False,False,False,False,False,False,False,False,False,False,False,False,True,False,False,False,True,True,False,False,False,False,False,False,False,False,True,False,False,True,False,False,False,True,True,False,False,False,True,True
52.0,46589,8,528.0,2,4,2,4,1361,88,1629,0,1,1686,762,2448,1,2,1,4,1,2,8,6,1,1994.0,2,3,711,5,5,2,517,76,0,0,402000,3,3.5,76,4077,2,15,4,0,True,False,True,False,False,True,False,False,False,False,False,False,True,False,False,False,False,False,False,False,True,False,False,False,True,False,True,False,False,False,False,True,False,False,True,False,False,False,True,False,False,True,True,False,False,False,True,True
120.0,13560,6,216.0,3,4,1,4,0,1392,1392,2,1,1392,0,1392,1,1,0,2,1,3,5,1,2,1968.0,2,2,576,5,5,2,0,0,240,0,110000,3,2.0,240,2784,1,41,41,0,True,False,False,True,False,False,False,False,False,False,False,True,False,False,False,False,False,False,False,False,True,False,False,False,False,False,True,False,False,False,False,False,True,True,True,False,False,True,False,False,False,True,True,False,False,False,True,True
90.0,10012,4,0.0,3,4,2,0,920,38,1138,4,1,1181,0,1181,1,2,0,3,1,3,6,6,0,1974.0,2,2,588,5,5,2,0,0,180,0,137500,0,3.0,180,2319,1,36,36,0,True,False,False,True,False,False,False,False,True,False,False,False,False,False,False,False,False,False,False,False,True,False,False,False,False,True,False,False,False,False,False,False,False,False,False,True,False,True,False,False,False,True,False,False,True,False,True,True
49.0,20896,8,0.0,2,4,0,2,1721,356,2077,0,1,2097,0,2097,1,1,1,1,1,0,8,6,1,2005.0,0,3,1134,5,5,2,192,267,0,0,423000,5,2.5,267,4174,1,1,0,0,True,False,True,False,False,True,False,False,False,False,False,False,False,False,False,False,True,False,False,False,False,False,False,False,False,True,False,False,False,False,False,True,False,False,False,True,False,False,True,False,False,True,True,False,False,True,False,False
106.0,11194,8,40.0,2,4,2,4,0,1406,1406,0,1,1454,482,1936,0,2,1,3,1,2,7,6,1,2000.0,2,2,504,5,5,2,188,124,0,0,230500,3,2.5,124,3342,2,6,6,0,True,False,False,False,False,False,False,False,False,False,False,False,False,False,False,False,False,False,False,False,True,False,False,False,True,True,False,False,False,False,False,True,False,False,True,False,False,False,True,False,False,True,True,False,False,False,True,True
81.14703000004079,18450,6,113.0,3,2,2,4,187,111,1021,4,1,1465,915,2380,0,2,1,3,1,3,7,5,1,1965.0,3,2,596,5,5,2,0,265,0,0,129000,1,2.5,265,3401,2,42,28,0,True,False,False,False,False,False,False,False,False,False,False,True,False,False,False,False,False,False,False,False,True,False,False,False,True,False,False,False,False,False,False,False,False,False,False,False,False,True,False,False,False,True,False,False,False,False,True,False
65.0,8125,6,258.0,3,4,2,4,1138,270,1408,0,1,1679,0,1679,1,2,0,3,1,2,7,6,1,1994.0,2,2,575,5,5,2,224,42,0,0,193500,2,3.0,42,3087,1,14,10,0,True,False,False,True,False,False,False,False,False,False,False,False,False,False,False,False,False,False,False,False,True,False,False,False,False,True,False,False,False,True,False,False,False,False,True,False,False,False,True,False,False,True,True,False,False,False,True,True
75.5647402097061,14175,5,0.0,3,4,4,4,988,200,1188,2,1,1437,0,1437,1,1,1,3,1,3,6,3,1,1999.0,3,2,576,5,5,2,304,0,0,0,168000,3,2.5,0,2625,1,50,19,0,True,False,False,True,False,False,False,False,False,False,False,False,False,False,False,True,False,False,False,False,True,False,False,False,False,True,False,False,True,False,False,False,False,True,False,True,False,True,False,False,False,True,False,False,True,False,True,True
80.0,11600,4,0.0,3,4,1,4,0,700,700,0,1,1180,0,1180,0,1,0,2,1,1,5,6,1,1922.0,3,1,252,5,1,2,0,0,67,0,137500,4,1.0,67,1880,1,84,56,0,True,False,False,True,False,False,False,False,False,False,False,False,False,False,False,False,False,False,False,False,True,False,False,False,False,True,False,False,False,False,True,False,False,False,False,True,False,False,False,False,False,True,False,False,True,False,True,True
64.0,8633,6,0.0,2,4,2,4,193,545,738,0,1,738,738,1476,1,2,1,3,1,2,7,6,0,2005.0,0,2,540,5,5,2,100,35,0,0,173500,0,3.5,35,2214,2,4,4,0,True,False,False,True,False,False,False,False,False,False,False,False,False,False,False,False,False,False,False,False,True,False,False,False,True,True,False,False,False,False,False,True,False,False,False,True,False,False,True,False,False,True,True,False,False,False,True,True
54.0,6629,6,0.0,3,2,4,4,551,121,672,4,0,697,672,1369,1,2,0,3,1,3,6,6,0,1930.0,3,1,300,5,5,2,147,0,0,0,103600,0,3.0,0,2041,2,84,59,0,False,False,False,True,False,False,False,False,True,False,False,False,False,False,False,False,False,False,False,False,False,False,False,False,True,False,False,False,False,False,False,False,True,True,False,True,False,False,False,False,False,True,False,False,True,False,True,True
71.74527877421394,11250,6,0.0,2,4,2,4,767,441,1208,4,1,1208,0,1208,1,1,1,3,1,3,6,6,1,1977.0,2,2,546,5,5,2,198,42,0,0,165000,3,2.5,42,2416,1,29,29,0,True,False,False,False,False,False,False,False,False,False,False,False,False,False,False,False,False,False,False,False,True,False,False,False,False,True,False,False,False,False,False,False,False,False,False,True,False,True,False,False,False,True,True,False,False,False,True,True
110.0,14442,6,106.0,3,4,4,4,1186,291,1477,0,1,1839,0,1839,1,2,0,3,1,2,7,6,2,1957.0,0,2,416,5,5,2,0,87,0,200,257500,3,3.0,287,3316,1,50,3,0,True,False,False,True,False,False,False,False,False,False,False,False,False,False,False,False,False,False,False,False,True,False,False,False,False,False,True,False,True,False,False,False,False,False,True,False,False,False,True,False,False,True,True,False,False,False,True,True
80.0,9200,6,0.0,3,4,4,4,892,244,1136,4,1,1136,0,1136,1,1,0,3,1,3,5,6,1,1965.0,2,1,384,5,5,2,426,0,0,0,140000,4,2.0,0,2272,1,43,43,0,True,False,False,True,False,False,False,False,False,False,False,True,False,False,False,False,False,False,False,False,True,False,False,False,False,True,False,False,False,True,False,False,False,False,False,True,False,True,False,False,False,True,True,False,False,False,True,True
24.0,2289,6,0.0,3,4,4,4,311,544,855,4,1,855,586,1441,0,2,1,3,1,3,7,6,1,1978.0,3,2,440,5,5,2,28,0,0,0,148500,3,2.5,0,2296,2,31,31,0,True,False,False,True,False,False,False,False,False,False,False,False,False,False,False,False,False,False,False,False,True,False,False,True,True,True,False,False,False,False,False,False,False,False,False,True,False,True,False,False,False,True,True,False,False,False,True,True
60.0,9600,4,0.0,3,4,4,4,0,1095,1095,1,0,1095,679,1774,1,2,0,4,2,3,8,3,0,1920.0,3,3,779,1,1,0,0,0,90,0,87000,0,3.0,90,2869,2,106,56,0,False,True,False,True,False,False,False,False,False,False,False,False,False,False,True,False,False,False,False,False,True,False,False,False,True,True,False,False,False,False,False,False,False,False,False,True,False,False,False,False,False,True,False,False,False,False,True,True
52.0,9022,5,0.0,2,4,4,4,0,768,768,0,1,792,0,792,0,1,0,2,1,2,5,6,0,1924.0,3,1,240,1,1,0,316,0,120,0,109500,0,1.0,120,1560,1,85,3,0,True,False,False,True,False,False,False,False,False,False,False,False,False,False,True,False,False,False,False,False,True,False,False,False,False,True,False,False,False,False,False,True,False,False,False,True,False,False,False,False,False,True,False,False,True,False,True,True
80.0,11844,8,464.0,2,4,0,2,0,2046,2046,0,1,2046,0,2046,0,2,1,3,1,2,7,6,1,2008.0,0,3,834,5,5,2,322,82,0,0,372500,4,2.5,82,4092,1,1,1,0,True,False,False,False,False,False,False,False,False,False,False,False,False,False,False,False,False,True,False,False,True,False,False,False,False,False,True,False,False,False,False,True,False,False,False,False,True,False,True,False,False,True,True,False,False,True,False,False
70.04121136453283,9945,5,57.0,3,4,4,4,827,161,988,4,1,988,0,988,1,1,0,3,1,3,5,6,0,1963.0,3,2,572,5,5,2,0,0,0,0,128500,0,2.0,0,1976,1,46,46,0,True,False,False,False,False,False,False,False,False,False,False,False,False,False,False,True,False,False,False,False,True,False,False,False,False,False,True,False,False,False,False,False,True,True,True,False,False,True,False,False,False,True,False,False,True,False,True,True
50.0,8012,6,0.0,3,4,2,4,543,261,923,4,1,923,0,923,0,2,0,2,1,3,5,6,1,1980.0,2,1,264,5,5,2,80,0,0,0,143000,3,2.0,0,1846,1,30,30,0,True,False,False,True,False,False,False,False,False,False,False,False,False,False,False,False,False,False,False,False,True,False,False,False,False,True,False,False,False,False,False,False,False,False,False,True,False,True,False,False,False,True,True,False,False,False,True,True
55.0,4500,5,0.0,3,4,4,4,182,611,793,0,1,848,672,1520,0,1,0,3,1,3,6,6,0,1968.0,3,1,281,5,5,2,0,0,56,0,159434,0,1.0,56,2313,2,77,9,0,False,False,True,False,False,False,False,False,False,False,False,False,False,False,False,False,False,False,False,False,True,False,False,False,False,True,False,False,False,False,False,True,False,False,False,True,False,False,False,False,False,True,False,False,True,False,True,False
60.824883565659796,2887,6,0.0,3,4,2,2,1003,288,1291,0,1,1291,0,1291,1,1,0,2,1,2,6,6,1,1996.0,3,2,431,5,5,2,307,0,0,0,173000,4,2.0,0,2582,1,12,11,0,True,False,False,True,True,False,False,False,False,False,False,False,False,False,False,False,False,False,False,False,True,False,False,False,False,True,False,False,False,False,False,False,True,True,False,True,False,False,True,False,False,True,True,False,False,False,True,True
90.0,11248,9,215.0,2,4,2,0,1059,567,1626,0,1,1668,0,1668,1,2,0,3,1,2,7,6,1,2002.0,0,3,702,5,5,2,257,45,0,0,285000,3,3.0,45,3294,1,5,5,0,True,False,False,False,False,False,False,False,False,False,False,False,False,False,False,False,False,False,False,False,True,False,False,False,False,False,True,False,False,False,False,True,False,False,False,False,True,False,True,False,False,True,True,False,False,False,True,True
58.0,16770,7,30.0,2,4,2,4,0,1195,1195,2,1,1195,644,1839,0,2,1,4,1,3,7,6,0,1998.0,0,2,486,5,5,2,0,81,0,0,221000,0,2.5,81,3034,2,12,12,0,True,False,True,False,False,True,False,False,False,False,False,False,True,False,False,False,False,False,False,False,True,False,False,False,True,True,False,False,False,False,False,True,False,False,True,False,False,False,True,False,False,True,True,False,False,False,True,True
63.664995915128316,5062,7,0.0,2,4,2,2,828,180,1190,2,1,1190,900,2090,1,2,0,3,1,2,6,2,1,1984.0,0,2,577,5,5,2,219,0,0,0,207500,3,3.0,0,3280,2,23,23,0,True,False,False,False,False,True,False,False,False,False,False,False,False,False,False,False,False,True,False,False,True,False,False,False,True,True,False,False,False,True,False,False,False,False,False,True,False,True,False,False,False,True,True,False,False,False,True,True
84.0,10207,7,0.0,2,4,2,4,0,874,874,0,1,874,887,1761,0,3,0,3,1,2,7,6,0,2007.0,0,2,578,5,5,2,144,105,0,0,227875,0,3.0,105,2635,2,0,0,1,False,False,False,True,False,False,False,False,False,False,False,False,False,False,False,False,True,False,False,False,True,False,False,False,True,True,False,False,False,False,False,True,False,False,False,True,False,False,True,False,False,True,True,False,False,True,False,False
63.721145262727006,5105,7,0.0,2,4,2,4,239,312,551,0,1,551,551,1102,0,2,1,2,1,2,4,6,0,2004.0,3,2,480,5,5,2,0,60,0,0,148800,0,2.5,60,1653,2,3,3,0,False,False,True,False,False,False,False,False,False,False,False,False,False,False,False,False,True,False,False,False,True,False,False,False,True,True,False,False,False,False,True,False,False,False,False,True,False,False,True,False,False,True,False,False,True,False,True,True
60.0,8089,8,0.0,2,4,2,0,945,474,1419,0,1,1419,0,1419,1,2,0,2,1,2,7,6,1,2007.0,2,2,567,5,5,2,140,0,0,0,392000,4,3.0,0,2838,1,0,0,1,True,False,False,True,True,False,False,False,False,False,False,False,False,False,False,False,False,True,False,False,True,False,False,False,False,True,False,False,False,False,True,False,False,False,True,False,False,False,True,False,False,True,True,False,False,True,False,False
61.0,7577,6,256.0,2,4,2,0,20,1342,1362,0,1,1362,0,1362,0,2,0,2,1,2,6,6,1,2005.0,2,2,460,5,5,2,192,28,0,0,194700,4,2.0,28,2724,1,2,1,0,True,False,False,False,False,False,False,False,False,False,False,False,False,True,False,False,False,False,False,False,True,False,False,False,False,True,False,False,False,False,False,True,False,False,False,False,True,False,True,False,False,True,True,False,False,False,True,True
62.834507890180284,4426,6,147.0,2,4,2,1,697,151,848,0,1,848,0,848,1,1,0,1,1,2,3,6,1,2004.0,2,2,420,5,5,2,149,0,0,0,141000,3,2.0,0,1696,1,4,4,0,False,True,False,True,False,False,False,False,False,False,False,False,False,False,False,False,False,False,False,False,True,False,False,False,False,True,False,False,False,False,False,True,False,False,True,False,False,False,True,False,False,True,True,False,False,False,True,True
42.0,26178,7,293.0,2,4,2,1,965,245,1210,0,1,1238,1281,2519,1,2,1,4,1,2,9,6,2,1989.0,2,2,628,5,5,2,320,27,0,0,335000,4,3.5,27,3729,2,17,16,0,True,False,False,False,False,False,False,False,False,False,False,False,False,False,False,False,False,False,True,False,True,False,False,False,True,False,True,False,False,False,True,False,False,False,True,False,False,False,True,False,False,True,True,False,False,False,True,True
60.0,5400,5,0.0,3,4,4,4,0,1073,1073,0,1,1073,0,1073,0,1,0,2,1,3,4,6,0,1968.0,3,1,326,5,5,2,0,0,112,0,108480,0,1.0,112,2146,1,85,38,0,True,False,False,True,False,False,False,False,False,False,False,False,False,False,True,False,False,False,False,False,True,False,False,False,False,True,False,False,False,False,True,False,False,False,False,True,False,False,False,False,False,True,False,False,True,False,True,False
51.0,6120,5,0.0,3,1,4,4,0,927,927,4,1,1067,472,1539,0,1,1,3,1,3,5,6,0,1995.0,3,2,576,5,5,2,112,0,0,0,141500,0,1.5,0,2466,2,73,59,0,False,True,False,True,False,False,False,True,False,False,False,False,False,False,False,False,False,False,False,False,True,False,False,False,False,True,False,False,False,False,False,False,True,True,False,True,False,False,False,False,False,True,False,False,True,False,True,True
54.0,13811,6,72.0,3,4,2,4,980,92,1112,2,1,1137,0,1137,1,2,0,2,1,2,5,6,1,1987.0,3,2,551,5,5,2,125,0,0,0,176000,3,3.0,0,2249,1,19,19,0,True,False,False,False,False,False,False,False,False,False,False,False,False,False,False,False,False,False,True,False,True,False,False,False,False,True,False,False,False,True,False,False,False,False,True,False,False,True,False,False,False,True,True,False,False,False,True,True
50.0,6000,5,0.0,3,4,4,4,616,0,616,2,1,616,0,616,0,1,0,2,1,3,4,6,0,1921.0,3,1,205,5,5,2,0,0,129,0,89000,0,1.0,129,1232,1,85,56,0,False,True,False,True,False,False,False,True,False,False,False,False,False,False,False,False,False,False,False,False,True,False,False,False,False,True,False,False,False,False,False,False,True,False,False,True,False,True,False,False,False,True,False,False,True,False,True,True
57.0,6420,5,0.0,3,4,0,2,210,219,980,1,1,1148,0,1148,0,1,0,2,1,3,6,6,0,1952.0,3,1,308,5,5,2,0,0,0,0,123500,0,1.5,0,2128,1,54,54,0,True,False,False,False,False,False,False,False,True,False,False,False,False,False,False,False,False,False,False,False,True,False,False,False,False,True,False,False,False,False,False,False,True,True,False,True,False,False,True,False,False,False,False,False,True,False,True,True
65.0,8450,5,0.0,3,2,4,4,553,224,894,0,1,894,0,894,1,1,0,3,1,3,5,6,1,1973.0,3,1,336,5,5,2,416,144,0,0,138500,4,2.0,144,1788,1,45,1,0,True,False,False,True,False,False,False,False,False,False,False,False,False,False,False,True,False,False,False,False,False,False,False,False,False,True,False,False,False,False,True,False,False,False,False,True,False,True,False,False,False,True,False,False,True,False,True,True
59.0,4282,7,0.0,2,4,2,2,16,1375,1391,0,1,1391,0,1391,0,2,0,2,1,2,5,6,0,2004.0,2,2,530,5,5,2,156,158,0,0,196000,0,2.0,158,2782,1,4,4,0,False,False,True,False,False,False,False,False,False,False,False,False,False,False,False,False,True,False,False,False,True,False,False,False,False,True,False,False,False,False,True,False,False,False,False,True,False,False,True,False,False,True,True,False,False,False,True,True
85.0,14331,8,630.0,2,4,0,1,1274,526,1800,0,1,1800,0,1800,1,2,0,3,1,2,7,6,1,2002.0,0,3,765,5,5,2,270,78,0,0,312500,4,3.0,78,3600,1,4,4,0,True,False,False,True,False,False,False,False,False,False,False,False,False,False,False,False,False,False,True,False,True,False,False,False,False,False,True,False,False,False,False,True,False,False,True,False,False,False,True,False,False,True,True,False,False,False,True,True
80.0,9600,7,168.0,3,4,4,4,0,1164,1164,4,1,1164,0,1164,0,1,1,3,1,3,6,6,0,1969.0,3,2,528,5,5,2,0,0,0,0,140000,0,1.5,0,2328,1,37,37,0,True,False,False,True,False,False,False,False,False,False,False,False,False,False,False,False,False,False,False,False,True,False,False,False,False,False,True,False,False,True,False,False,False,False,True,False,False,True,False,False,False,True,True,False,False,False,False,True
82.0,12438,8,466.0,0,4,0,4,0,1234,1234,0,1,1264,1312,2576,0,2,1,4,1,0,10,6,1,2006.0,0,3,666,5,5,2,324,100,0,0,361919,4,2.5,100,3810,2,0,0,1,True,False,False,False,False,False,False,False,False,False,False,False,False,False,False,False,False,True,False,False,True,False,False,False,True,False,True,False,False,False,False,True,False,False,True,False,False,False,True,False,False,True,False,True,False,True,False,False
76.0,7630,5,0.0,3,2,2,4,0,360,360,2,1,1032,780,1812,0,2,0,4,2,2,8,6,1,1999.0,3,2,672,5,5,0,344,0,40,0,140000,1,2.0,40,2172,2,110,14,0,False,True,False,True,False,False,False,False,False,False,False,False,False,False,True,False,False,False,False,True,False,True,False,False,True,True,False,False,False,False,False,False,True,True,False,True,False,False,False,False,False,True,False,False,True,False,True,True
70.0,8400,7,109.0,2,4,2,0,712,761,1473,0,1,1484,0,1484,1,2,0,3,1,2,7,6,0,2004.0,2,2,606,5,5,2,0,35,0,0,213000,0,3.0,179,2957,1,6,5,0,True,False,False,True,False,False,False,False,False,False,False,False,False,False,False,False,False,False,False,False,True,False,False,False,False,True,False,False,False,False,False,True,False,False,True,False,False,False,True,False,False,True,True,False,False,False,True,True
70.0,5600,4,0.0,1,1,3,3,0,0,0,1,0,372,720,1092,0,2,0,3,2,1,7,4,0,0.0,1,0,0,3,3,0,0,0,0,0,55000,0,2.0,0,1092,2,80,60,0,False,True,False,True,False,False,False,False,False,True,False,False,False,False,False,False,False,False,False,False,True,True,False,False,True,False,True,False,False,False,False,True,False,False,False,True,False,False,False,True,False,True,False,False,False,False,True,True
48.0,6240,8,176.0,2,4,2,4,863,461,1324,0,1,1324,0,1324,1,2,0,2,1,2,6,6,1,2006.0,0,2,550,5,5,2,192,38,0,0,254000,4,3.0,38,2648,1,3,3,0,True,False,False,True,False,False,False,False,False,False,False,False,False,True,False,False,False,False,False,False,True,False,False,False,False,False,True,False,False,False,True,False,False,False,True,False,False,False,True,False,False,True,True,False,False,False,True,True
65.0,9018,7,0.0,2,4,2,0,0,728,728,0,1,728,728,1456,0,2,1,3,1,2,8,6,1,2007.0,0,2,400,5,5,2,100,24,0,0,179540,4,2.5,24,2184,2,0,0,1,True,False,False,False,False,False,False,False,False,False,False,False,False,False,False,False,False,False,False,False,True,False,False,False,True,False,True,False,False,False,False,True,False,False,False,True,False,False,True,False,False,True,True,False,False,True,False,False
66.40717335599447,7162,5,41.0,3,4,4,4,0,876,876,4,1,904,0,904,0,1,0,3,1,3,6,6,0,1966.0,3,1,408,5,5,2,0,0,0,0,109900,0,1.0,0,1780,1,42,42,0,True,False,False,False,False,False,False,False,False,False,False,False,False,False,False,True,False,False,False,False,True,False,False,False,False,True,False,False,False,True,False,False,False,False,False,False,False,False,True,False,False,True,True,False,False,False,True,False
56.0,4130,3,0.0,2,4,4,4,0,270,270,2,1,729,0,729,0,1,0,2,1,3,5,1,0,0.0,1,0,0,3,3,0,0,0,0,0,52000,0,1.0,0,999,1,73,5,0,True,False,False,False,False,False,False,True,False,False,False,False,False,False,False,False,False,False,False,False,True,False,False,False,False,True,False,False,False,False,False,True,False,False,False,True,False,True,False,False,False,True,False,False,False,False,True,True
66.0,8712,4,0.0,3,4,4,2,0,859,859,2,1,859,319,1178,0,1,0,2,1,3,7,6,0,1964.0,2,1,384,5,5,0,68,0,98,0,102776,0,1.0,98,2037,2,110,60,0,False,False,False,True,True,False,False,False,False,True,False,False,False,False,False,False,False,False,False,False,True,False,False,False,False,True,False,False,False,False,True,False,False,False,False,True,False,False,False,False,False,True,False,False,True,False,True,False
40.0,4671,8,0.0,2,4,2,2,767,461,1228,2,1,1228,0,1228,1,2,0,2,1,2,5,6,1,1988.0,0,2,472,5,5,2,168,120,0,0,189000,4,3.0,120,2456,1,20,19,0,True,False,False,False,True,False,False,False,False,False,False,False,False,False,False,False,False,True,False,False,True,False,False,False,False,True,False,False,False,True,False,False,False,False,False,True,False,False,True,False,False,True,True,False,False,False,True,True
60.0,9873,4,160.0,3,4,4,0,789,171,960,4,0,960,0,960,1,1,0,3,1,3,6,6,0,1970.0,3,2,576,5,5,2,0,288,0,0,129000,0,2.0,288,1920,1,36,36,0,True,False,False,True,False,False,False,True,False,False,False,False,False,False,False,False,False,False,False,False,False,True,False,False,False,True,False,False,False,True,False,False,False,False,True,False,False,True,False,False,False,True,False,False,True,False,True,True
74.70552461156804,13517,6,289.0,2,4,4,4,533,192,725,0,1,725,754,1479,0,2,1,3,1,2,6,6,0,1976.0,2,2,475,5,5,2,0,44,0,0,130500,0,2.5,44,2204,2,34,5,0,True,False,False,False,False,True,False,False,False,False,False,False,False,False,False,True,False,False,False,False,False,False,False,False,True,True,False,False,False,True,False,False,False,False,True,False,False,True,False,False,False,True,True,False,False,False,True,True
78.0,10140,6,174.0,3,4,2,4,0,1064,1064,4,1,1350,0,1350,0,2,0,3,1,3,7,6,1,1974.0,2,2,478,5,5,2,0,0,0,0,165000,3,2.0,0,2414,1,35,35,0,True,False,False,True,False,False,False,False,False,False,False,False,False,False,False,False,False,False,False,False,True,False,False,False,False,False,True,False,False,True,False,False,False,False,True,False,False,True,False,False,False,True,True,False,False,False,True,True
60.0,10800,7,0.0,3,2,4,4,0,718,718,0,1,1576,978,2554,0,1,1,3,1,3,8,6,0,1996.0,3,2,704,5,5,1,0,48,143,0,159500,0,1.5,191,3272,2,117,9,0,False,True,False,True,False,False,False,False,False,False,False,False,False,False,True,False,False,False,False,False,True,False,False,False,True,True,False,False,False,False,False,False,True,False,False,True,False,False,False,False,False,True,False,False,True,False,True,True
80.0,10000,5,0.0,3,4,2,4,1084,92,1176,2,1,1178,0,1178,0,1,1,3,1,2,5,6,1,1973.0,3,2,439,5,5,2,224,0,0,0,157000,2,2.0,0,2354,1,35,8,0,True,False,False,True,False,False,False,False,False,False,False,False,False,False,False,False,False,False,False,False,True,False,False,False,False,True,False,False,False,True,False,False,False,False,False,True,False,True,False,False,False,True,True,False,False,False,True,True
96.0,10542,7,651.0,2,4,2,1,1173,138,1311,0,1,1325,1093,2418,1,2,1,3,1,2,9,6,1,1993.0,2,3,983,5,5,2,250,154,216,0,341000,3,3.5,370,3729,2,15,14,0,True,False,False,True,False,False,False,False,False,False,False,False,True,False,False,False,False,False,False,False,True,False,False,False,True,False,True,False,False,False,False,False,True,False,True,False,False,False,True,False,False,True,True,False,False,False,True,True
69.0,9920,5,0.0,3,4,2,1,523,448,971,4,1,971,0,971,0,1,1,3,1,3,5,6,1,1969.0,3,1,300,5,5,2,0,0,0,0,128500,1,1.5,0,1942,1,37,37,0,True,False,False,False,False,False,False,False,False,False,False,False,False,False,False,False,False,False,False,False,True,False,False,False,False,True,False,False,False,True,False,False,False,False,False,True,False,True,False,False,False,True,True,False,False,False,True,True
65.62499988595694,6563,8,0.0,2,4,2,1,1148,594,1742,4,1,1742,0,1742,1,2,0,2,1,2,5,6,1,1985.0,2,2,564,5,5,2,114,28,234,0,275000,3,3.0,262,3484,1,21,21,0,True,False,False,False,False,True,False,False,False,False,False,False,False,False,False,False,False,True,False,False,True,False,False,False,False,True,False,False,False,True,False,False,False,False,False,True,False,False,True,False,False,True,True,False,False,False,True,True
62.834507890180284,4426,6,169.0,2,4,2,0,662,186,848,0,1,848,0,848,1,1,0,1,1,2,3,6,0,2004.0,2,2,420,5,5,2,160,0,0,0,143000,0,2.0,0,1696,1,6,6,0,False,True,False,True,False,False,False,False,False,False,False,False,False,False,False,False,False,False,False,False,True,False,False,False,False,True,False,False,False,False,False,True,False,False,True,False,False,False,True,False,False,True,True,False,False,False,True,True
70.0,8120,4,0.0,3,2,4,4,191,673,864,0,1,864,0,864,0,1,0,3,1,3,5,6,0,1994.0,3,2,463,5,5,2,0,0,0,0,124500,0,1.0,0,1728,1,39,39,0,True,False,False,True,False,False,False,False,False,False,False,True,False,False,False,False,False,False,False,False,True,False,False,False,False,True,False,False,False,False,True,False,False,False,False,True,False,True,False,False,False,True,False,False,True,False,True,True
60.0,8172,4,0.0,3,4,4,4,0,941,941,0,1,997,473,1470,0,2,0,4,1,3,7,6,0,1958.0,3,1,548,5,5,2,0,0,0,156,135000,0,2.0,156,2411,2,54,36,0,True,False,False,True,False,False,False,False,True,False,False,False,False,False,False,False,False,False,False,False,True,False,False,False,False,True,False,False,False,False,True,False,False,False,False,True,False,False,True,False,False,True,False,False,True,False,True,True
86.0,13286,9,340.0,0,4,0,4,1234,464,1698,0,1,1698,0,1698,1,2,0,3,1,0,8,6,1,2007.0,0,3,768,5,5,2,327,64,0,0,320000,4,3.0,64,3396,1,2,1,0,True,False,False,False,False,False,False,False,True,False,False,False,False,False,False,False,False,False,False,False,True,False,False,False,False,False,True,False,True,False,False,False,False,False,False,False,True,False,True,False,False,True,True,False,False,False,True,True
60.0,6960,4,0.0,3,4,4,4,375,250,864,4,1,864,0,864,0,1,0,3,1,2,5,6,0,1989.0,3,2,660,5,5,2,96,0,0,0,120500,0,1.0,0,1728,1,39,39,0,True,False,False,True,False,False,False,False,False,False,False,True,False,False,False,False,False,False,False,False,True,False,False,False,False,True,False,False,False,True,False,False,False,False,False,True,False,True,False,False,False,True,False,False,True,False,True,True
85.38434704556968,21695,6,260.0,2,2,2,4,808,72,880,0,1,1680,0,1680,1,2,0,3,1,2,5,6,1,1988.0,0,2,540,5,5,2,292,44,0,0,222000,4,3.0,226,2560,1,21,2,0,True,False,False,False,False,False,False,False,False,False,False,False,False,False,False,False,False,False,False,False,True,False,False,False,False,False,True,False,False,False,False,False,True,False,True,False,False,True,False,False,False,True,True,False,False,False,True,True
64.0,7314,7,82.0,2,4,2,0,724,508,1232,0,1,1232,0,1232,1,2,0,2,1,2,6,6,0,2007.0,2,2,632,5,5,2,132,0,0,0,194500,0,3.0,0,2464,1,2,2,0,True,False,False,True,False,False,False,False,False,False,False,False,False,False,False,False,False,False,False,False,True,False,False,False,False,True,False,False,False,False,False,True,False,False,False,False,True,False,True,False,False,True,True,False,False,False,True,True
85.0,11475,5,95.0,3,4,4,4,0,1584,1584,4,1,1776,0,1776,1,2,0,4,2,3,9,6,0,1968.0,3,3,888,5,5,2,0,25,0,0,110000,0,3.0,25,3360,1,51,51,0,True,False,False,True,False,False,False,False,False,False,False,True,False,False,False,False,False,False,False,False,True,False,True,False,False,True,False,False,False,False,False,True,False,False,True,False,False,True,False,False,False,True,False,False,True,False,False,False
52.0,6240,4,0.0,3,4,4,4,152,628,780,4,1,848,0,1208,0,1,0,2,1,3,5,6,0,1962.0,3,2,539,5,5,2,0,23,112,0,103000,0,1.0,135,1628,1,84,59,0,False,True,False,True,False,False,False,False,False,True,False,False,False,False,False,False,False,False,False,False,True,False,False,False,False,True,False,False,False,False,True,False,False,False,False,True,False,True,False,False,False,False,False,False,True,False,True,True
39.0,5389,8,0.0,2,4,2,4,1180,415,1595,0,1,1616,0,1616,1,2,0,2,1,2,5,6,1,1995.0,2,2,608,5,5,2,237,152,0,0,236500,3,3.0,152,3211,1,15,14,0,True,False,False,False,False,False,False,False,False,False,False,False,False,False,False,False,False,True,False,False,True,False,False,False,False,True,False,False,True,False,False,False,False,False,False,True,False,False,True,False,False,True,True,False,False,False,True,True
73.0,9590,7,442.0,2,4,0,0,786,82,868,0,1,1146,0,1146,1,2,0,3,1,2,6,6,1,2003.0,0,2,438,5,5,2,160,22,0,0,187500,4,3.0,22,2014,1,4,4,0,True,False,False,False,False,False,False,False,False,False,False,False,False,False,False,False,False,False,True,False,True,False,False,False,False,True,False,False,False,False,False,True,False,False,True,False,False,False,True,False,False,True,True,False,False,False,True,True
75.0,11404,7,202.0,2,4,2,0,252,901,1153,0,1,1153,878,2031,0,2,1,3,1,2,8,6,1,1998.0,0,2,541,5,5,2,192,84,0,0,222500,3,2.5,84,3184,2,10,9,0,True,False,False,False,False,False,False,False,False,False,False,False,False,False,False,False,False,False,False,False,True,False,False,False,True,True,False,False,False,False,False,True,False,False,True,False,False,False,True,False,False,True,True,False,False,False,True,True
80.0,10000,5,0.0,3,4,4,4,594,270,864,0,1,1144,0,1144,1,1,0,3,1,3,6,6,1,1961.0,2,1,264,5,5,2,165,0,0,0,131400,3,2.0,0,2008,1,48,26,0,True,False,False,True,False,False,False,False,False,False,False,False,False,False,False,True,False,False,False,True,False,False,False,False,False,False,True,False,False,True,False,False,False,False,False,True,False,True,False,False,False,True,True,False,False,False,True,True
68.77850394295302,8978,5,0.0,3,4,4,4,0,948,948,4,1,948,0,948,0,1,0,3,1,3,6,6,0,1968.0,3,1,300,5,5,2,147,0,0,0,108000,0,1.0,0,1896,1,39,39,0,True,False,False,False,False,False,False,False,False,False,False,False,False,False,False,True,False,False,False,False,True,False,False,False,False,True,False,False,False,False,False,False,False,False,False,True,False,False,True,False,False,True,True,False,False,False,True,False
60.0,10800,7,0.0,3,4,2,2,390,490,880,1,0,880,888,1768,0,1,1,2,1,3,6,6,2,1914.0,3,2,320,5,5,0,0,341,0,0,163000,3,1.5,341,2648,2,92,36,0,False,True,False,True,False,False,False,False,False,False,False,False,False,False,True,False,False,False,False,False,True,False,False,False,False,True,False,False,False,False,False,False,True,True,False,True,False,False,False,False,False,True,False,False,True,False,True,True
60.0,8544,3,0.0,3,4,3,3,0,0,0,2,0,1040,0,1040,0,2,0,2,2,3,6,6,0,1949.0,3,2,400,5,5,2,0,0,0,0,93500,0,2.0,0,1040,1,56,56,0,True,False,False,True,False,False,False,False,False,False,False,True,False,False,False,False,False,False,False,False,True,False,True,False,False,True,False,False,False,False,False,False,False,False,False,True,False,True,False,False,True,False,False,False,True,False,True,True
72.0,10463,8,0.0,2,4,2,4,0,893,893,0,1,901,900,1801,0,2,1,3,1,2,8,6,1,2005.0,0,3,800,5,5,2,0,116,0,0,239900,4,2.5,116,2694,2,1,1,0,True,False,False,False,True,True,False,False,False,False,False,False,False,False,False,False,False,False,False,False,True,False,False,False,True,True,False,False,False,False,False,True,False,False,False,True,False,False,True,False,False,True,True,False,False,False,True,True
60.0,10800,5,0.0,3,4,2,1,1200,0,1200,4,1,1200,0,1200,3,3,0,3,1,3,5,6,0,0.0,1,0,0,3,3,2,120,0,0,0,179000,0,6.0,0,2400,1,22,21,0,True,False,False,True,False,False,False,False,True,False,False,False,False,False,False,False,False,False,False,False,True,False,True,False,False,True,False,False,False,False,False,False,False,False,False,True,False,True,False,False,False,True,False,False,False,False,True,False
65.0,9313,7,0.0,2,4,2,4,0,864,864,0,1,864,864,1728,0,2,1,3,1,2,7,6,0,2004.0,2,2,572,5,5,2,187,56,0,0,190000,0,2.5,56,2592,2,5,5,0,True,False,False,False,False,False,False,False,False,False,False,False,False,False,False,False,False,False,False,False,True,False,False,False,True,True,False,False,False,False,False,True,False,False,False,True,False,False,True,False,False,True,True,False,False,False,True,True
60.0,9600,5,0.0,3,2,1,4,0,264,264,0,1,768,664,1432,0,2,0,2,1,3,7,6,0,1910.0,3,2,360,5,2,2,270,0,112,0,132000,0,2.0,112,1696,2,97,5,0,False,True,False,True,False,False,False,False,False,False,False,False,False,False,True,False,False,False,False,False,True,False,False,False,True,True,False,False,False,False,False,False,True,False,False,True,False,False,False,False,False,True,False,False,True,False,True,False
65.0,6768,6,0.0,3,2,4,2,832,80,912,2,1,912,0,912,1,1,0,3,1,2,5,6,0,1962.0,3,1,288,5,5,2,168,0,0,0,142000,0,2.5,0,1824,1,47,12,0,True,False,False,False,False,False,False,False,False,False,False,False,False,False,False,True,False,False,False,True,False,False,False,False,False,False,True,False,False,True,False,False,False,False,False,True,False,True,False,False,False,True,False,False,True,False,True,True
65.0,8450,7,108.0,3,4,2,4,0,1349,1349,0,1,1349,0,1349,0,2,0,3,1,3,6,6,0,2000.0,3,2,539,5,5,2,120,55,0,0,179000,0,2.0,55,2698,1,7,6,0,True,False,False,True,False,False,False,False,False,False,False,False,False,False,False,False,False,False,False,False,True,False,False,False,False,True,False,False,False,False,False,True,False,False,True,False,False,False,True,False,False,True,True,False,False,False,True,True
70.0,12886,5,0.0,3,4,2,0,444,76,520,0,1,1464,0,1464,0,2,0,3,1,3,6,3,1,1997.0,2,2,480,5,5,2,302,0,0,100,175000,3,2.5,100,1984,1,46,10,0,True,False,False,False,False,False,False,False,False,False,False,False,False,False,False,True,False,False,False,False,True,False,False,False,False,True,False,False,False,True,False,False,False,False,False,True,False,True,False,False,False,True,True,False,False,False,True,True
41.0,5395,8,0.0,2,4,2,4,733,604,1337,2,1,1337,0,1337,1,2,0,2,1,2,5,6,1,1993.0,2,2,462,5,5,2,96,0,70,0,180000,3,3.0,238,2674,1,15,15,0,True,False,False,False,True,False,False,False,False,False,False,False,False,False,False,False,False,True,False,False,True,False,False,False,False,True,False,False,False,True,False,False,False,False,False,True,False,False,True,False,False,True,True,False,False,False,True,True
68.75891696123256,8963,8,289.0,0,2,4,4,575,487,1142,0,1,1175,1540,2715,0,3,1,4,1,2,11,6,2,1994.0,0,2,831,5,5,2,0,204,0,0,299800,3,4.0,204,3857,2,32,12,0,True,False,False,False,False,False,False,False,False,False,False,False,False,False,False,False,False,False,False,False,True,False,False,False,True,False,True,False,False,False,False,True,False,False,True,False,False,True,False,False,False,True,False,True,False,False,True,True
68.53954276596326,8795,7,0.0,2,4,2,4,300,652,952,0,1,980,1276,2256,0,2,1,4,1,2,8,6,1,2000.0,0,2,554,5,5,2,224,54,0,0,236000,3,2.5,54,3208,2,9,9,0,True,False,False,False,False,False,False,False,False,False,False,False,False,False,False,False,False,False,False,False,True,False,False,False,True,True,False,False,False,False,False,True,False,False,False,True,False,False,True,False,False,True,False,True,False,False,True,True
65.0,11700,7,0.0,2,4,4,4,0,1240,1240,4,0,1320,1320,2640,0,1,1,4,1,2,8,6,1,1950.0,3,4,864,5,5,0,181,0,386,0,265979,4,1.5,386,3880,2,129,6,0,False,True,False,False,False,False,False,False,False,False,False,False,False,False,True,False,False,False,False,False,True,False,False,False,True,False,False,False,False,False,False,False,False,False,False,True,False,False,False,False,False,True,False,False,True,False,True,True
59.0,10593,7,338.0,2,4,2,4,919,801,1720,0,1,1720,0,1720,1,2,0,3,1,2,7,6,1,1996.0,0,2,527,5,5,2,240,56,154,0,260400,3,3.0,210,3440,1,14,14,0,True,False,False,False,False,False,False,False,False,False,False,False,True,False,False,False,False,False,False,False,True,False,False,False,False,False,True,False,False,False,False,True,False,False,True,False,False,False,True,False,False,True,True,False,False,False,True,True
50.0,8405,4,0.0,3,4,3,3,0,0,0,4,0,1088,441,1529,0,2,0,4,1,3,9,4,0,1945.0,3,1,240,5,5,0,92,0,185,0,98000,0,2.0,185,1529,2,64,59,0,True,False,False,True,False,False,False,False,True,False,False,False,False,False,False,False,False,False,False,False,True,False,False,False,False,True,False,False,False,False,False,False,False,False,False,True,False,False,False,True,True,False,False,False,True,False,True,True
55.0,8800,4,0.0,3,4,4,4,0,576,576,2,1,792,348,1140,0,1,0,3,1,3,7,3,0,0.0,1,0,0,3,3,0,0,160,0,0,96500,0,1.0,160,1716,2,100,6,0,False,True,False,True,False,False,False,False,False,False,False,False,False,False,True,False,False,False,False,False,True,False,False,False,False,True,False,False,False,False,False,False,True,True,False,True,False,False,False,False,False,True,False,False,False,False,True,True
67.17498303943701,7750,7,0.0,2,4,2,4,0,660,660,0,1,660,660,1320,0,2,1,3,1,2,6,6,0,2003.0,0,2,400,5,5,2,0,48,0,0,162000,0,2.5,48,1980,2,4,4,0,True,False,False,True,False,False,False,False,False,False,False,False,False,False,False,False,False,False,False,False,False,False,False,False,True,True,False,False,False,False,False,True,False,False,False,True,False,False,True,False,False,True,True,False,False,False,True,True
79.0,9236,6,0.0,3,2,2,1,1200,279,1479,0,1,1494,0,1494,1,2,0,3,1,2,6,6,0,1997.0,2,2,576,5,5,2,168,27,0,0,217000,0,3.0,27,2973,1,9,9,0,True,False,False,False,False,False,False,False,False,False,False,False,False,False,False,False,False,False,False,False,True,False,False,False,False,True,False,False,False,False,False,True,False,False,False,True,False,False,True,False,False,True,True,False,False,False,True,True
80.0,10240,8,178.0,2,4,2,2,0,1030,1030,2,1,1038,1060,2098,0,2,1,3,1,0,8,6,1,2005.0,2,3,878,5,5,2,192,52,0,0,275500,4,2.5,52,3128,2,1,1,0,True,False,False,True,False,False,False,False,False,False,False,False,False,True,False,False,False,False,False,False,True,False,False,False,True,True,False,False,False,False,False,True,False,False,True,False,False,False,True,False,False,True,True,False,False,False,True,True
61.0,7930,6,0.0,3,4,4,4,439,115,1026,2,1,1026,0,1026,1,1,0,3,1,2,5,6,0,1969.0,2,2,440,5,5,2,171,48,0,0,156000,0,2.0,48,2052,1,40,4,0,True,False,False,True,False,False,False,False,False,False,False,True,False,False,False,False,False,False,False,False,True,False,False,False,False,True,False,False,False,False,False,False,False,False,False,True,False,True,False,False,False,True,False,False,True,False,True,True
34.0,3230,6,894.0,3,4,2,4,381,348,729,2,1,742,729,1471,0,2,1,3,1,3,6,6,0,1999.0,3,2,440,5,5,2,0,24,0,0,172500,0,2.5,24,2200,2,10,10,0,False,False,False,True,False,False,False,False,False,False,False,False,False,False,False,False,True,False,False,False,True,False,False,False,True,True,False,False,False,False,True,False,False,False,True,False,False,False,True,False,False,True,False,False,True,False,True,True
68.0,10769,8,0.0,2,4,2,0,20,846,866,0,1,866,902,1768,0,2,1,3,1,2,7,6,0,2007.0,2,2,578,5,5,2,144,105,0,0,212000,0,2.5,105,2634,2,2,2,0,True,False,False,False,False,False,False,False,False,False,False,False,False,False,False,False,False,False,False,False,True,False,False,False,True,True,False,False,False,False,False,True,False,False,False,True,False,False,True,False,False,True,True,False,False,False,True,True
72.22320112819348,11616,6,328.0,3,4,4,2,438,234,672,4,1,672,714,1386,0,2,1,3,1,3,6,6,1,1978.0,0,2,440,5,5,2,335,0,0,0,158900,3,2.5,0,2058,2,32,32,0,True,False,False,False,False,True,False,False,False,False,False,False,False,False,False,True,False,False,False,False,True,False,False,False,True,False,True,False,False,True,False,False,False,False,False,False,False,True,False,False,False,True,True,False,False,False,True,False
24.0,2280,7,360.0,3,4,2,4,549,195,744,2,1,757,744,1501,0,2,1,3,1,3,6,6,0,1999.0,3,2,440,5,5,2,0,0,0,0,179400,0,2.5,0,2245,2,9,9,0,False,False,False,True,False,False,False,False,False,False,False,False,False,False,False,False,True,False,False,False,True,False,False,True,True,True,False,False,False,False,True,False,False,False,True,False,False,False,True,False,False,True,False,False,True,False,True,True
65.0,12257,8,513.0,2,4,2,0,56,1198,1318,0,1,1328,1203,2531,0,2,1,4,1,2,9,6,1,1995.0,2,3,752,5,5,2,222,98,0,0,290000,3,2.5,98,3849,2,12,12,0,True,False,False,False,False,False,False,False,False,False,False,False,True,False,False,False,False,False,False,False,True,False,False,False,True,True,False,False,False,False,False,True,False,False,True,False,False,False,True,False,False,True,True,False,False,False,True,True
70.0,9100,6,0.0,3,4,4,4,612,252,864,0,1,864,0,864,0,1,0,2,1,3,5,6,0,2008.0,3,1,300,0,0,2,0,0,0,0,127500,0,1.0,0,1728,1,50,50,0,True,False,False,True,False,False,False,False,False,False,False,True,False,False,False,False,False,False,False,False,True,False,False,False,False,False,True,False,False,False,False,False,True,True,False,True,False,True,False,False,False,True,False,False,True,False,True,True
60.0,6911,5,0.0,3,4,4,2,405,740,1145,4,1,1301,0,1301,0,1,0,2,1,1,5,2,0,1965.0,3,2,440,5,5,2,0,0,0,0,100000,0,1.0,0,2446,1,85,59,0,False,True,False,True,False,False,False,True,False,False,False,False,False,False,False,False,False,False,False,True,False,False,False,False,False,True,False,False,False,False,False,False,True,True,False,True,False,False,True,False,False,True,False,False,True,False,True,True
72.0,8640,7,0.0,3,4,2,2,24,732,756,0,1,764,783,1547,0,2,1,3,1,2,7,6,0,2009.0,3,2,614,5,5,2,169,45,0,0,215200,0,2.5,45,2303,2,1,1,0,False,False,False,True,False,False,False,False,False,False,False,False,False,False,False,False,True,False,False,False,True,False,False,False,True,True,False,False,False,False,False,True,False,False,False,True,False,False,True,False,False,True,True,False,False,False,False,True
82.0,9430,8,673.0,2,4,2,2,1163,89,1252,0,1,1268,1097,2365,1,2,1,3,1,2,8,6,1,1999.0,2,3,856,5,5,2,0,128,0,180,337000,4,3.5,308,3617,2,10,10,0,True,False,False,True,False,False,False,False,False,False,False,False,True,False,False,False,False,False,False,False,True,False,False,False,True,True,False,False,False,False,False,True,False,False,True,False,False,False,True,False,False,True,True,False,False,False,True,True
30.0,9549,8,0.0,2,2,2,0,437,0,1494,0,1,1494,0,1494,1,1,1,2,1,0,6,6,1,1995.0,0,2,481,5,5,2,0,30,0,216,270000,4,2.5,246,2988,1,11,10,0,True,False,False,False,False,True,False,False,False,False,False,False,False,False,False,False,False,False,False,False,True,False,False,False,False,False,True,False,False,False,False,False,False,False,False,True,False,False,True,False,False,True,True,False,False,False,True,True
75.0,14587,9,284.0,2,4,2,4,0,1498,1498,0,1,1506,0,1506,0,2,0,2,1,0,6,6,1,2008.0,0,2,592,5,5,2,0,174,0,0,264132,4,2.0,174,3004,1,0,0,1,True,False,False,False,False,False,False,False,False,False,False,False,False,False,False,False,True,False,False,False,True,False,False,False,False,True,False,False,False,False,False,True,False,False,False,False,True,False,True,False,False,True,True,False,False,True,False,False
80.0,10421,7,42.0,3,4,2,4,394,586,980,4,1,980,734,1714,0,2,1,3,1,3,7,6,1,1988.0,3,2,496,5,5,2,228,66,156,0,196500,3,2.5,222,2694,2,22,22,0,True,False,False,True,False,False,False,False,False,False,False,False,False,False,False,False,False,False,False,False,True,False,False,False,True,True,False,False,False,True,False,False,False,False,True,False,False,True,False,False,False,True,True,False,False,False,True,True
75.0,12508,6,0.0,3,4,2,2,660,323,983,0,1,983,767,1750,1,2,0,4,1,3,7,4,0,1989.0,3,1,423,5,5,2,245,0,156,0,160000,0,3.0,156,2733,2,68,23,0,True,False,False,False,False,False,False,False,False,False,False,False,False,False,False,False,False,False,False,False,True,False,False,False,False,True,False,False,False,False,False,True,False,False,False,True,False,True,False,False,False,True,True,False,False,False,True,True
70.0,9100,7,0.0,2,4,2,4,24,1836,1860,0,1,1836,0,1836,0,2,0,3,1,2,8,6,1,2004.0,0,2,484,5,5,2,120,33,0,0,216837,4,2.0,33,3696,1,2,1,0,True,False,False,True,False,False,False,False,False,False,False,False,False,False,False,False,False,False,False,False,True,False,False,False,False,False,True,False,False,False,False,True,False,False,False,True,False,False,True,False,False,True,True,False,False,False,True,True
47.0,53504,8,603.0,0,4,2,1,1416,234,1650,0,1,1690,1589,3279,1,3,1,4,1,0,12,4,1,2003.0,0,3,841,5,5,2,503,36,0,210,538000,4,4.5,246,4929,2,7,7,0,True,False,True,False,True,True,False,False,False,False,False,False,False,False,False,False,False,True,False,False,True,False,False,False,True,False,True,False,True,False,False,False,False,False,True,False,False,False,True,False,False,True,False,True,False,False,True,True
66.52469524631732,7252,5,0.0,3,4,2,0,685,173,858,4,1,858,0,858,1,1,0,2,1,3,5,6,0,1983.0,3,2,576,5,5,2,120,0,0,0,134900,0,2.0,0,1716,1,27,27,0,True,False,False,False,False,True,False,False,False,False,False,False,False,False,False,True,False,False,False,False,True,False,False,False,False,False,True,False,False,False,False,False,True,True,False,True,False,True,False,False,False,True,False,False,True,False,True,True
67.0,8877,4,0.0,3,4,1,4,836,0,836,4,1,1220,0,1220,0,1,0,2,1,3,6,6,0,1951.0,3,2,396,5,5,2,0,0,0,0,102000,0,1.0,0,2056,1,55,55,0,True,False,False,True,False,False,False,False,True,False,False,False,False,False,False,False,False,False,False,False,True,False,False,False,False,True,False,False,False,False,False,False,True,True,False,True,False,True,False,False,True,False,False,False,True,False,False,True
94.0,7819,6,0.0,3,4,4,0,422,480,1029,4,1,1117,0,1117,1,1,0,3,1,3,6,6,1,1976.0,3,2,672,5,5,2,144,0,0,0,107000,3,2.0,0,2146,1,34,34,0,True,False,False,True,False,False,False,False,True,False,False,False,False,False,False,False,False,False,False,False,True,False,False,False,False,True,False,False,False,False,False,False,False,False,False,True,False,True,False,False,False,True,False,False,True,False,True,False
70.0,10150,5,1.0,3,4,4,4,456,456,912,0,1,912,0,912,0,1,0,2,1,3,5,6,0,1958.0,2,1,275,5,5,2,0,0,0,0,114500,0,1.0,0,1824,1,49,49,0,True,False,False,True,False,False,False,False,False,False,False,True,False,False,False,False,False,False,False,True,False,False,False,False,False,True,False,False,False,False,False,False,True,True,False,True,False,True,False,False,False,False,True,False,False,False,False,True
110.0,14226,8,375.0,2,4,2,0,0,1935,1935,2,1,1973,0,1973,0,2,0,3,1,2,9,6,1,2006.0,0,3,895,5,5,2,315,45,0,0,395000,4,2.0,45,3908,1,1,1,0,True,False,False,True,False,False,False,False,False,False,False,False,False,True,False,False,False,False,False,False,True,False,False,False,False,False,True,False,False,False,False,True,False,False,True,False,False,False,True,False,False,True,True,False,False,True,False,False
32.0,4500,6,320.0,3,4,0,4,866,338,1204,0,1,1204,0,1204,1,2,0,2,1,3,5,6,0,1998.0,0,2,412,5,5,2,0,247,0,0,162000,0,3.0,247,2408,1,11,11,0,False,True,False,True,False,False,False,False,False,False,False,False,False,False,False,False,False,False,False,False,True,False,False,False,False,False,True,False,False,False,False,True,False,False,True,False,False,False,True,False,False,True,True,False,False,False,True,True
86.0,11210,7,240.0,2,4,2,0,20,1594,1614,0,1,1614,0,1614,0,2,0,3,1,2,7,6,0,2005.0,2,3,865,5,5,2,144,59,0,0,221500,0,2.0,59,3228,1,1,0,0,True,False,False,False,False,False,False,False,False,False,False,False,False,False,False,False,False,False,False,False,True,False,False,False,False,True,False,False,False,False,False,True,False,False,True,False,False,False,True,False,False,True,True,False,False,True,False,False
100.0,13350,5,0.0,3,4,4,4,762,102,864,4,1,894,0,894,1,1,0,3,1,3,5,6,1,1974.0,3,2,440,5,5,2,241,0,0,0,142500,2,2.0,0,1758,1,32,32,0,True,False,False,False,False,False,False,False,False,False,False,False,False,False,False,True,False,False,False,False,True,False,False,False,False,False,True,False,False,True,False,False,False,False,False,True,False,True,False,False,False,True,True,False,False,False,True,True
60.0,8400,5,320.0,3,4,3,3,0,0,0,4,1,2020,0,2020,0,2,0,4,2,3,10,6,2,1977.0,3,2,630,5,5,2,0,0,0,0,144000,3,2.0,0,2020,1,30,30,0,False,False,False,True,False,False,False,False,False,False,False,False,False,False,False,False,False,False,False,True,False,False,True,False,False,True,False,False,False,False,False,False,False,False,True,False,False,False,False,True,False,True,False,False,True,False,True,True
78.0,10530,6,90.0,3,4,2,1,975,0,975,4,1,1004,0,1004,1,1,0,2,1,3,4,6,0,1977.0,3,2,504,5,5,2,0,0,0,0,135000,0,2.0,0,1979,1,29,29,0,True,False,False,True,False,False,False,False,False,False,False,False,False,False,False,False,False,False,False,False,True,False,True,False,False,True,False,False,False,False,False,False,False,False,True,False,False,True,False,False,False,True,True,False,False,False,True,True
63.0,7875,7,38.0,3,4,2,4,0,1237,1237,2,1,1253,0,1253,0,2,0,3,1,3,6,6,1,1995.0,0,2,402,5,5,2,220,21,0,0,176000,3,2.0,21,2490,1,12,11,0,True,False,False,True,False,False,False,False,False,False,False,False,False,False,False,False,False,False,False,False,True,False,False,False,False,True,False,False,False,True,False,False,False,False,True,False,False,False,True,False,False,True,True,False,False,False,True,True
65.0,7153,6,0.0,2,2,2,4,387,374,761,0,1,810,793,1603,0,2,1,3,1,2,7,6,0,1992.0,2,2,484,5,5,2,0,124,0,0,175900,0,2.5,124,2364,2,14,14,0,True,False,False,True,False,False,False,False,False,False,False,False,False,False,False,False,False,False,False,False,True,False,False,False,True,True,False,False,False,False,False,True,False,False,False,True,False,False,True,False,False,True,True,False,False,False,True,True
67.0,16285,7,0.0,2,4,2,4,0,1413,1413,0,1,1430,0,1430,0,2,0,3,1,2,6,6,0,2001.0,2,2,605,5,5,2,0,33,0,0,187100,0,2.0,33,2843,1,8,7,0,True,False,True,False,False,False,False,False,False,False,False,False,False,False,False,False,False,False,False,False,True,False,False,False,False,True,False,False,False,False,False,True,False,False,False,True,False,False,True,False,False,True,True,False,False,False,True,True
68.93911719306091,9101,5,104.0,3,2,2,0,1097,0,1097,0,1,1110,0,1110,1,1,0,1,1,2,4,6,1,1978.0,0,2,602,5,5,2,303,30,0,0,165500,3,2.0,30,2207,1,31,31,0,True,False,False,False,False,False,False,False,False,False,False,False,False,False,False,False,False,False,False,False,True,False,False,False,False,True,False,False,False,False,False,False,False,False,True,False,False,False,True,False,False,True,True,False,False,False,True,True
35.0,6300,6,0.0,3,4,4,4,0,742,742,0,1,742,742,1484,0,2,0,3,1,3,9,6,1,0.0,1,0,0,3,3,2,0,291,134,0,128000,4,2.0,425,2226,2,94,7,0,False,True,False,True,False,False,False,False,False,False,False,False,False,False,True,False,False,False,False,False,True,False,False,False,False,True,False,False,False,False,False,False,True,False,False,True,False,True,False,False,False,True,False,False,False,False,True,True
69.83881255342128,9790,6,0.0,3,4,4,4,251,491,1372,4,1,1342,0,1342,0,2,0,3,1,3,7,6,1,1967.0,3,2,457,5,5,2,0,0,0,197,161500,4,2.0,197,2714,1,42,42,0,True,False,False,True,False,False,False,False,False,False,False,False,False,False,False,False,False,False,False,True,False,False,False,False,False,True,False,False,False,False,False,False,False,True,False,True,False,True,False,False,False,True,True,False,False,False,True,True
60.0,10800,5,0.0,3,2,1,4,686,0,686,4,1,966,686,1652,1,2,0,4,1,3,7,6,0,1961.0,3,1,416,5,5,2,0,0,196,0,139000,0,3.0,196,2338,2,95,60,0,False,True,False,True,False,False,False,False,False,False,False,False,False,False,True,False,False,False,False,False,False,False,False,False,False,True,False,False,False,False,True,False,False,False,False,True,False,False,True,False,False,True,False,False,True,False,True,True
76.0,10142,7,0.0,2,4,2,4,656,300,956,0,1,956,1128,2084,1,2,1,4,1,2,8,6,0,2004.0,2,2,618,5,5,2,0,45,0,0,233000,0,3.5,45,3040,2,6,6,0,True,False,False,False,False,False,False,False,False,False,False,False,False,False,False,False,False,False,False,False,True,False,False,False,True,True,False,False,False,False,False,True,False,False,False,True,False,False,True,False,False,True,False,True,False,False,True,True
50.0,6000,4,0.0,3,4,4,4,0,901,901,0,1,901,0,901,0,1,0,2,1,3,4,6,0,1954.0,3,1,281,1,5,2,0,0,0,0,107900,0,1.0,0,1802,1,54,8,0,False,True,False,True,False,False,False,False,False,False,False,False,False,False,True,False,False,False,False,False,True,False,False,False,False,True,False,False,False,False,True,False,False,False,False,True,False,True,False,False,False,True,False,False,True,False,True,True
72.99231661041736,12205,6,157.0,3,4,4,1,568,264,832,2,1,976,1111,2087,0,2,1,5,1,2,9,6,0,1966.0,0,2,444,5,5,2,133,168,0,0,187500,0,2.5,168,2919,2,41,0,0,True,False,False,False,False,False,False,False,False,False,False,False,False,False,False,False,False,False,False,False,True,False,False,False,True,True,False,False,False,True,False,False,False,False,True,False,False,True,False,False,False,True,True,False,False,False,True,True
43.0,3182,7,11.0,2,4,2,4,16,1129,1145,0,1,1145,0,1145,0,2,0,2,1,2,5,6,1,2005.0,0,2,397,5,5,2,100,16,0,0,160200,4,2.0,16,2290,1,4,3,0,True,False,False,True,False,False,False,False,False,False,False,False,False,False,False,False,False,False,False,False,True,False,False,False,False,True,False,False,False,False,False,True,False,False,True,False,False,False,True,False,False,True,True,False,False,False,True,True
71.85366007306723,11333,6,0.0,3,4,2,0,539,490,1029,4,1,1062,0,1062,1,1,0,3,1,3,5,6,2,1976.0,2,2,539,5,5,2,120,0,0,0,146800,3,2.0,0,2091,1,31,31,0,True,False,False,False,False,False,False,False,False,False,False,False,False,False,False,False,False,False,False,False,True,False,False,False,False,True,False,False,False,True,False,False,False,False,False,True,False,False,True,False,False,True,True,False,False,False,True,True
92.0,9920,7,0.0,2,4,2,0,862,255,1117,0,1,1127,886,2013,1,2,1,3,1,3,8,6,1,1997.0,3,2,455,5,5,2,180,130,0,0,269790,3,3.5,130,3130,2,11,10,0,True,False,False,False,False,True,False,False,False,False,False,False,True,False,False,False,False,False,False,False,True,False,False,False,True,True,False,False,False,False,True,False,False,False,False,True,False,False,True,False,False,True,True,False,False,False,True,True
76.0,9158,8,140.0,2,4,2,0,0,1496,1496,0,1,1496,0,1496,0,2,0,3,1,2,7,6,0,2007.0,0,2,474,5,5,2,168,130,0,0,225000,0,2.0,130,2992,1,0,0,1,True,False,False,True,False,False,False,False,False,False,False,False,False,False,False,False,True,False,False,False,True,False,False,False,False,True,False,False,True,False,False,False,False,False,False,False,True,False,True,False,False,True,True,False,False,True,False,False
71.19945488360344,10832,7,0.0,2,4,2,4,0,712,712,0,1,1086,809,1895,0,2,1,3,1,2,7,6,1,1994.0,0,2,409,5,5,2,143,46,0,0,194500,3,2.5,46,2607,2,14,12,0,True,False,False,False,False,False,False,False,False,False,False,False,False,False,False,False,False,False,False,False,True,False,False,False,True,True,False,False,False,False,True,False,False,False,False,True,False,False,True,False,False,True,True,False,False,False,True,True
70.0,8400,6,130.0,3,4,2,4,0,650,650,4,1,888,676,1564,0,2,1,3,1,3,7,6,1,1980.0,3,2,476,5,5,2,0,50,0,204,171000,3,2.5,254,2214,2,30,29,0,True,False,False,True,False,False,False,False,False,False,False,False,False,False,False,False,False,False,False,False,True,False,False,False,True,True,False,False,False,True,False,False,False,False,True,False,False,True,False,False,False,True,True,False,False,False,True,True
71.0,8197,6,148.0,3,4,4,4,0,660,660,0,1,1285,0,1285,0,1,1,3,1,3,7,6,1,1977.0,2,2,528,5,5,2,138,0,0,0,143500,3,1.5,0,1945,1,30,30,0,True,False,False,True,False,False,False,False,False,False,False,False,False,False,False,True,False,False,False,False,True,False,False,False,False,True,False,False,False,False,False,False,False,False,True,False,False,True,False,False,False,True,True,False,False,False,True,True
57.0,7677,5,0.0,3,4,4,4,570,203,773,2,1,773,0,773,0,1,0,2,1,3,4,6,0,1953.0,3,1,240,5,5,2,0,0,0,0,110000,0,1.0,0,1546,1,55,55,0,True,False,False,True,False,False,False,False,False,False,False,True,False,False,False,False,False,False,False,False,True,False,False,False,False,True,False,False,False,False,False,True,False,False,False,True,False,True,False,False,False,True,True,False,False,False,True,False
104.0,13518,9,860.0,0,4,0,4,0,1926,1926,0,1,1966,1174,3140,0,3,1,4,1,0,11,6,2,2009.0,0,3,820,5,5,2,144,78,0,0,485000,4,3.5,78,5066,2,1,0,0,True,False,False,True,False,False,False,False,False,False,False,False,False,True,False,False,False,False,False,False,True,False,False,False,True,False,True,False,False,False,False,True,False,False,False,False,True,False,True,False,False,True,False,True,False,True,False,False
60.0,7200,5,252.0,3,4,2,4,569,162,731,0,1,981,787,1768,1,1,1,3,1,2,7,6,2,1939.0,3,1,240,5,5,2,0,0,264,0,175000,3,2.5,264,2499,2,70,57,0,True,False,False,True,False,False,False,False,False,False,False,False,False,False,False,False,False,False,False,True,False,False,False,False,False,True,False,False,False,False,False,False,True,True,True,False,False,False,False,False,False,True,False,False,True,False,True,True
79.0,12798,6,0.0,3,4,2,1,462,154,616,2,1,616,1072,1688,1,2,1,4,1,2,8,6,0,1997.0,2,2,603,5,5,2,403,114,185,0,200000,0,3.5,299,2304,2,11,11,0,True,False,False,False,True,False,False,False,False,False,False,False,False,False,False,False,False,False,False,True,False,False,False,False,True,True,False,False,False,False,False,True,False,False,False,True,False,False,True,False,False,True,True,False,False,False,True,True
40.0,4800,4,0.0,3,4,4,4,197,999,1196,0,1,1196,0,1196,1,1,0,2,1,3,5,6,0,1957.0,3,2,440,5,5,2,0,0,0,0,109900,0,2.0,0,2392,1,91,17,0,False,True,False,True,False,False,False,False,False,True,False,False,False,False,False,False,False,False,False,False,True,False,False,False,False,True,False,False,False,False,True,False,False,False,False,True,False,True,False,False,False,False,False,False,True,False,True,True
63.0,8199,7,0.0,2,4,2,0,648,80,728,0,1,728,728,1456,1,2,1,3,1,2,7,6,1,2005.0,0,2,410,5,5,2,36,18,0,0,189000,4,3.5,18,2184,2,3,3,0,True,False,False,True,False,False,False,False,False,False,False,False,False,False,False,False,False,False,False,False,True,False,False,False,True,True,False,False,False,False,False,False,False,False,False,True,False,False,True,False,False,True,True,False,False,False,True,True
107.0,13891,9,424.0,0,4,0,1,0,1734,1734,0,1,1734,1088,2822,0,3,1,4,1,0,12,6,1,2009.0,2,3,1020,5,5,2,52,170,0,192,582933,4,3.5,362,4556,2,1,0,0,True,False,False,True,False,False,False,False,False,False,False,False,False,True,False,False,False,False,False,False,True,False,False,False,True,False,True,False,False,False,False,True,False,False,False,False,True,False,True,False,False,True,False,True,False,True,False,False
75.0,9000,5,0.0,3,4,4,4,812,124,936,4,1,1128,0,1128,0,1,0,2,1,3,5,2,0,1954.0,3,1,286,5,5,2,0,0,0,0,118000,0,1.0,0,2064,1,52,52,0,True,False,False,True,False,False,False,False,False,False,False,True,False,False,False,False,False,False,False,False,True,False,False,False,False,True,False,False,False,False,False,False,True,True,False,True,False,True,False,False,False,True,True,False,False,False,True,False
91.0,12274,7,256.0,2,4,2,4,0,1417,1417,0,1,1428,0,1428,0,2,0,3,1,0,6,6,0,2008.0,2,2,554,5,5,2,0,60,0,0,227680,0,2.0,60,2845,1,0,0,1,True,False,False,False,False,False,False,False,False,False,False,False,False,False,False,False,True,False,False,False,True,False,False,False,False,True,False,False,False,False,False,True,False,False,False,False,True,False,True,False,False,True,True,False,False,True,False,False
75.0,9750,5,0.0,3,4,4,0,400,100,980,2,1,980,0,980,0,2,0,3,1,3,6,6,0,1967.0,0,1,384,5,5,2,68,0,0,0,135500,0,2.0,0,1960,1,39,39,0,True,False,False,True,False,False,False,False,False,False,False,True,False,False,False,False,False,False,False,False,True,False,False,False,False,True,False,False,False,False,False,True,False,False,False,True,False,False,True,False,False,True,True,False,False,False,True,True
144.0,21384,5,0.0,3,4,4,1,1309,15,1324,0,1,1072,504,1576,2,1,1,3,1,2,6,6,1,1923.0,2,2,528,5,5,2,0,312,0,0,223500,3,3.5,312,2900,2,86,5,0,True,False,False,True,False,False,False,True,False,False,False,False,False,False,False,False,False,False,False,False,True,False,False,False,True,True,False,False,False,False,False,False,True,True,False,True,False,True,False,False,False,True,True,False,False,False,True,True
85.0,13400,5,1047.0,3,4,4,0,516,380,1024,4,1,1086,0,1086,1,1,0,3,1,3,6,6,1,1966.0,2,2,484,5,5,2,0,0,0,0,159950,4,2.0,0,2110,1,40,40,0,True,False,False,True,False,False,False,False,False,False,False,True,False,False,False,False,False,False,False,False,True,False,False,False,False,True,False,False,False,False,False,True,False,False,True,False,False,True,False,False,False,True,True,False,False,False,True,True
90.0,8100,5,0.0,3,4,4,4,0,849,849,4,0,1075,1063,2138,0,2,0,2,3,3,11,6,0,1910.0,3,2,360,1,4,0,40,156,0,0,106000,0,2.0,156,2987,2,111,44,0,False,True,False,True,False,False,False,False,False,False,False,False,False,False,True,False,False,False,False,False,True,False,False,False,False,False,True,False,False,False,False,False,False,False,False,True,False,False,True,False,False,False,False,False,True,False,True,True
78.0,10140,6,99.0,3,4,4,4,663,0,1040,1,1,1309,0,1309,1,1,1,3,1,2,5,6,1,1974.0,2,2,484,5,5,2,265,0,0,0,181000,2,2.5,0,2349,1,32,7,0,True,False,False,True,False,False,False,False,False,False,False,False,False,False,False,False,False,False,False,False,True,False,False,False,False,False,True,False,False,True,False,False,False,False,True,False,False,True,False,False,False,True,True,False,False,False,True,True
62.85017747555666,4438,6,169.0,2,4,2,1,662,186,848,0,1,848,0,848,1,1,0,1,1,2,4,6,1,2004.0,0,2,420,5,5,2,140,0,0,0,144500,4,2.0,0,1696,1,4,4,0,False,True,False,True,False,False,False,False,False,False,False,False,False,False,False,False,False,False,False,False,True,False,False,False,False,True,False,False,False,False,False,True,False,False,True,False,False,False,True,False,False,True,True,False,False,False,False,True
66.0,8712,5,0.0,1,4,4,0,0,540,540,4,0,1044,0,1044,0,1,0,2,1,1,4,6,0,1952.0,3,2,504,5,5,0,0,0,0,0,55993,0,1.0,0,1584,1,58,58,0,False,False,False,True,False,False,False,False,False,True,False,False,False,False,False,False,False,False,False,False,True,False,False,False,False,False,True,False,False,False,False,False,True,True,False,True,False,True,False,False,False,False,False,False,False,False,True,False
75.0,9750,6,243.0,3,4,4,4,608,834,1442,2,1,1442,0,1442,0,1,1,4,1,3,7,6,0,1958.0,2,1,301,5,5,2,0,0,275,0,157900,0,1.5,275,2884,1,49,49,0,True,False,False,True,False,False,False,False,False,False,False,True,False,False,False,False,False,False,False,False,True,False,False,False,False,True,False,False,False,False,True,False,False,False,True,False,False,True,False,False,False,True,True,False,False,False,False,True
45.0,8248,5,0.0,3,4,4,4,0,686,686,2,1,686,564,1250,0,1,1,3,1,1,7,6,0,1955.0,3,1,280,5,5,1,207,0,96,0,116000,0,2.0,96,1936,2,88,56,0,True,False,False,True,False,False,False,False,True,False,False,False,False,False,False,False,False,False,False,False,True,False,False,False,False,True,False,False,False,False,False,False,False,False,False,True,False,False,False,False,False,True,False,False,True,False,True,True
48.0,12137,7,442.0,3,4,2,4,0,1649,1649,0,1,1661,0,1661,0,2,0,3,1,2,6,6,0,1998.0,2,2,598,5,5,2,0,34,0,0,224900,0,2.0,34,3310,1,12,12,0,True,False,True,False,False,True,False,False,False,False,False,False,False,False,False,False,False,False,False,False,True,False,False,False,False,True,False,False,False,False,False,True,False,False,True,False,False,False,True,False,False,True,True,False,False,False,True,True
71.97379356095279,11425,5,0.0,3,4,4,4,486,522,1008,2,1,1008,0,1008,0,1,0,2,1,3,4,6,1,1954.0,2,1,275,5,5,2,0,0,120,0,137000,4,1.0,120,2016,1,52,52,0,True,False,False,False,False,False,False,False,False,False,False,True,False,False,False,False,False,False,False,False,True,False,False,False,False,True,False,False,False,False,False,False,False,False,False,True,False,True,False,False,False,True,True,False,False,False,True,True
74.3764633186641,13265,8,148.0,2,4,2,4,1218,350,1568,0,1,1689,0,1689,1,2,0,3,1,2,7,6,2,2002.0,2,3,857,5,5,2,150,59,0,0,271000,4,3.0,59,3257,1,6,6,0,True,False,False,False,False,True,False,False,False,False,False,False,False,False,False,False,False,False,False,False,True,False,False,False,False,False,True,False,True,False,False,False,False,False,True,False,False,False,True,False,False,True,True,False,False,False,True,True
80.0,8816,6,80.0,3,4,4,0,504,506,1010,2,1,1052,0,1052,1,1,0,3,1,3,6,6,0,1971.0,3,2,440,5,5,2,0,0,0,0,155000,0,2.0,0,2062,1,39,39,0,True,False,False,True,False,False,False,False,False,False,False,False,False,False,False,False,False,False,False,False,True,False,False,False,False,True,False,False,False,True,False,False,False,False,True,False,False,True,False,False,False,True,True,False,False,False,True,True
44.0,6371,7,128.0,2,4,2,2,733,625,1358,0,1,1358,0,1358,1,2,0,2,1,2,6,6,1,2010.0,2,2,484,5,5,2,192,35,0,0,224000,4,3.0,35,2716,1,1,0,0,True,False,False,False,False,False,False,False,False,False,False,False,False,True,False,False,False,False,False,False,True,False,False,False,False,True,False,False,False,False,False,True,False,False,False,False,True,False,True,False,False,True,True,False,False,True,False,False
72.0,7226,7,0.0,2,4,2,4,0,798,798,0,1,798,842,1640,0,2,1,3,1,2,6,6,0,2003.0,2,2,595,5,5,2,0,45,0,0,183000,0,2.5,45,2438,2,5,5,0,True,False,False,False,False,True,False,False,False,False,False,False,False,False,False,False,False,False,False,False,True,False,False,False,True,True,False,False,False,False,False,True,False,False,False,True,False,False,True,False,False,True,True,False,False,False,True,True
60.0,6000,4,0.0,1,4,1,4,0,936,936,4,0,936,0,936,0,1,0,2,1,3,4,3,0,1974.0,3,2,576,5,5,2,0,32,112,0,93000,0,1.0,144,1872,1,56,56,0,False,True,False,True,False,False,False,False,False,False,False,False,False,False,True,False,False,False,False,False,True,True,False,False,False,True,False,False,False,False,True,False,False,False,False,True,False,True,False,False,False,True,False,False,True,False,True,True
73.23911258009532,12394,7,0.0,2,4,2,1,0,847,847,0,1,847,886,1733,0,2,1,3,1,2,7,6,1,2003.0,0,2,433,5,5,2,100,48,0,0,225000,4,2.5,48,2580,2,4,4,0,True,False,False,False,False,False,False,False,False,False,False,False,False,False,False,False,False,False,False,False,True,False,False,False,True,True,False,False,False,False,False,True,False,False,False,True,False,False,True,False,False,True,False,True,False,False,True,False
60.0,9900,6,0.0,3,4,4,4,0,778,778,4,1,944,545,1489,0,2,0,3,1,3,7,6,1,1940.0,3,1,240,5,5,2,335,0,0,0,139500,4,2.0,0,2267,2,69,59,0,True,False,False,True,False,False,False,False,False,False,False,False,False,False,False,False,False,False,False,False,True,False,False,False,False,True,False,False,False,False,False,True,False,False,False,True,False,False,False,False,False,True,False,False,True,False,True,True
81.0,11216,8,0.0,2,4,2,4,0,1489,1489,0,1,1489,0,1489,0,2,0,3,1,2,7,6,1,2006.0,2,2,776,5,5,2,0,140,0,0,232600,4,2.0,140,2978,1,0,0,1,False,False,False,True,False,False,False,False,False,False,False,False,False,False,False,False,True,False,False,False,True,False,False,False,False,True,False,False,False,False,False,True,False,False,False,True,False,False,True,False,False,True,True,False,False,True,False,False
114.0,14803,10,816.0,0,4,0,0,1636,442,2078,0,1,2084,0,2084,1,2,0,2,1,0,7,6,1,2007.0,0,3,1220,5,5,2,188,45,0,0,385000,4,3.0,45,4162,1,1,0,0,True,False,False,True,False,False,False,False,False,False,False,False,False,True,False,False,False,False,False,False,False,False,False,False,False,False,True,False,True,False,False,False,False,False,True,False,False,False,True,False,False,True,True,False,False,True,False,False
50.0,6130,5,0.0,3,4,4,4,784,0,784,2,1,784,0,784,1,1,0,2,1,2,5,6,0,0.0,1,0,0,3,3,2,0,0,116,0,109500,0,2.0,116,1568,1,84,58,0,False,True,False,True,False,False,False,True,False,False,False,False,False,False,False,False,False,False,False,False,True,False,False,False,False,True,False,False,False,False,True,False,False,False,False,True,False,False,False,False,False,True,False,False,False,False,True,True
65.0,8529,7,0.0,2,4,2,4,20,1434,1454,0,1,1434,0,1434,0,2,0,3,1,2,6,6,1,2001.0,2,2,527,5,5,2,290,39,0,0,189000,3,2.0,39,2888,1,8,8,0,True,False,False,False,False,False,False,False,False,False,False,False,False,False,False,False,False,False,False,False,True,False,False,False,False,True,False,False,False,False,False,True,False,False,False,True,False,False,True,False,False,True,True,False,False,False,True,True
94.52885591146766,28698,5,0.0,3,4,4,1,249,0,1013,4,1,1160,966,2126,0,2,1,3,1,3,7,3,0,1967.0,0,2,538,5,5,2,486,0,0,225,185000,0,3.0,225,3139,2,42,42,0,True,False,True,False,False,True,False,False,False,False,False,False,False,False,False,False,False,False,False,False,True,False,False,False,True,False,False,False,False,False,False,False,False,False,False,True,False,False,True,False,False,True,True,False,False,False,True,False
24.0,2544,7,0.0,2,4,2,4,0,600,600,0,1,520,623,1223,0,2,1,2,1,2,4,6,0,2005.0,2,2,480,5,5,2,0,166,0,0,147400,0,2.5,166,1743,2,1,1,0,False,False,False,True,False,False,False,False,False,False,False,False,False,False,False,False,True,False,False,False,True,False,False,True,True,True,False,False,False,False,True,False,False,False,False,True,False,False,True,False,False,True,False,False,True,False,True,True
80.0,11900,6,387.0,3,4,4,4,1040,352,1392,4,1,1392,0,1392,1,1,1,3,1,3,6,6,2,1957.0,2,2,458,5,5,2,0,0,0,192,166000,4,2.5,192,2784,1,51,51,0,True,False,False,False,False,False,False,False,False,False,False,True,False,False,False,False,False,False,False,False,True,False,False,False,False,True,False,False,False,True,False,False,False,False,True,False,False,True,False,False,False,False,True,False,False,False,True,True
30.0,3180,7,0.0,3,4,2,4,0,600,600,0,1,520,600,1200,0,2,1,2,1,2,4,6,0,2005.0,2,2,480,5,5,2,0,166,0,0,151000,0,2.5,166,1720,2,1,1,0,False,False,False,True,False,False,False,False,False,False,False,False,False,False,False,False,True,False,False,False,True,False,False,False,True,True,False,False,False,False,True,False,False,False,False,True,False,False,True,False,False,True,False,False,True,False,True,True
44.0,9548,7,223.0,2,4,2,4,483,458,941,0,1,941,888,1829,1,2,1,3,1,2,7,6,1,2003.0,2,2,613,5,5,2,192,39,0,0,237000,3,3.5,39,2770,2,7,7,0,True,False,False,False,False,True,False,False,False,False,False,False,False,False,False,False,False,False,False,False,True,False,False,False,True,True,False,False,False,False,False,True,False,False,True,False,False,False,True,False,False,True,True,False,False,False,True,True
100.0,10004,6,180.0,3,4,4,4,196,975,1516,4,1,1516,0,1516,0,1,1,3,1,3,6,6,0,1964.0,2,2,472,5,5,2,0,0,0,152,167000,0,1.5,152,3032,1,45,45,0,True,False,False,True,False,False,False,False,False,False,False,True,False,False,False,False,False,False,False,False,True,False,False,False,False,True,False,False,False,True,False,False,False,False,True,False,False,True,False,False,False,True,True,False,False,False,True,True
75.0,7875,5,136.0,3,4,4,4,572,572,1144,2,1,1144,0,1144,1,1,0,3,1,3,6,6,0,1961.0,3,2,456,5,5,2,0,0,0,0,139950,0,2.0,0,2288,1,47,47,0,True,False,False,True,False,False,False,False,False,False,False,True,False,False,False,False,False,False,False,False,True,False,False,False,False,True,False,False,False,False,False,True,False,False,True,False,False,True,False,False,False,True,True,False,False,False,True,True
60.0,9600,4,0.0,3,4,2,4,442,625,1067,4,1,1067,0,1067,0,2,0,2,1,2,4,3,0,1996.0,3,2,436,5,5,2,290,0,0,0,128000,0,2.0,0,2134,1,60,15,0,True,False,False,True,False,False,False,False,False,False,False,False,False,False,False,True,False,False,False,False,True,False,False,False,False,True,False,False,False,False,False,True,False,False,False,True,False,True,False,False,False,True,True,False,False,False,True,True
90.0,8100,5,0.0,3,4,4,4,338,1221,1559,2,1,1559,0,1559,1,1,0,2,1,3,5,3,0,1948.0,3,2,812,5,5,2,0,116,230,0,153500,0,2.0,346,3118,1,59,34,0,False,True,False,True,False,False,False,False,False,False,False,False,False,False,True,False,False,False,False,False,True,False,False,False,False,True,False,False,False,False,False,True,False,False,False,True,False,False,False,False,False,True,False,False,True,False,False,True
21.0,1680,6,158.0,3,4,4,4,330,153,483,4,1,483,504,987,1,1,1,2,1,3,5,6,0,1973.0,3,1,264,5,5,2,0,0,0,0,100000,0,2.5,0,1470,2,35,35,0,False,True,False,True,False,False,True,False,False,False,False,False,False,False,False,False,False,False,False,False,True,False,False,True,True,True,False,False,False,True,False,False,False,False,True,False,False,True,False,False,False,True,False,False,True,False,True,True
75.0,9525,5,0.0,3,4,2,4,0,1099,1099,0,1,1099,0,1099,0,1,1,3,1,2,6,6,0,1999.0,3,1,352,5,5,2,278,0,0,0,144000,0,1.5,0,2198,1,13,2,0,True,False,False,True,False,False,False,False,False,False,False,False,False,False,False,False,False,False,False,False,True,False,False,False,False,True,False,False,False,False,False,True,False,False,False,True,False,False,True,False,False,True,True,False,False,False,True,True
70.0,11767,5,0.0,3,4,4,4,352,416,768,0,1,768,432,1200,0,1,0,3,1,3,6,6,0,1946.0,3,1,240,5,5,2,0,0,0,0,130500,0,1.0,0,1968,2,62,13,0,True,False,False,True,False,False,False,False,True,False,False,False,False,False,False,False,False,False,False,False,True,False,False,False,False,True,False,False,False,False,True,False,False,False,False,True,False,True,False,False,False,True,False,False,True,False,True,True
72.92702667134913,12155,6,0.0,3,4,4,4,156,516,672,4,0,810,672,1482,0,2,0,4,1,1,7,6,0,1934.0,3,1,400,5,5,1,0,0,254,0,140000,0,2.0,254,2154,2,83,58,0,False,False,False,False,False,False,False,False,False,False,False,False,False,False,False,False,False,False,False,False,True,False,False,False,True,True,False,False,False,False,False,False,True,True,False,True,False,False,False,False,False,True,False,False,True,False,True,True
60.0,10440,5,0.0,3,4,4,4,0,650,650,2,1,958,581,1539,0,2,0,3,1,2,8,6,1,1983.0,3,2,686,2,5,1,70,78,68,0,157500,1,2.0,146,2189,2,104,6,0,False,True,False,True,False,False,False,False,False,False,False,False,False,False,True,False,False,False,False,False,True,False,False,False,True,True,False,False,False,False,True,False,False,False,False,True,False,False,True,False,False,True,False,False,True,False,True,True
82.0,9020,6,183.0,3,4,4,1,312,276,1127,4,1,1165,0,1165,1,1,1,3,1,3,6,6,0,1966.0,2,2,490,2,2,2,0,129,0,0,174900,0,2.5,129,2292,1,42,42,0,True,False,False,True,False,False,False,False,False,False,False,True,False,False,False,False,False,False,False,False,True,False,False,False,False,True,False,False,False,True,False,False,False,False,True,False,False,True,False,False,False,True,True,False,False,False,True,True
80.0,8000,5,0.0,3,4,4,4,0,1800,1800,0,0,1800,0,1800,0,2,0,6,2,3,10,6,0,0.0,1,0,0,3,3,2,0,0,0,0,141000,0,2.0,0,3600,1,46,46,0,True,False,False,True,False,False,False,False,False,False,False,True,False,False,False,False,False,False,False,False,False,False,True,False,False,True,False,False,False,False,False,False,False,False,False,True,False,True,False,False,False,True,False,False,False,False,True,True
100.0,12665,5,0.0,3,4,4,2,0,876,876,2,1,876,540,1416,0,1,1,4,1,3,7,6,1,1949.0,3,3,720,5,5,2,418,0,194,0,153900,4,1.5,194,2292,2,93,58,0,False,True,False,False,False,False,False,False,False,False,False,False,False,False,True,False,False,False,False,False,False,False,False,False,False,True,False,False,False,False,False,False,True,True,False,True,False,False,False,False,False,True,False,False,True,False,True,True
78.79267479723998,16647,5,0.0,3,4,2,1,1390,0,1390,4,1,1701,0,1701,1,2,0,3,1,3,6,3,2,1975.0,0,2,611,5,5,2,0,0,0,0,171000,3,3.0,0,3091,1,32,26,0,True,False,False,False,False,True,False,False,False,False,False,False,False,False,False,True,False,False,False,False,False,False,False,False,False,True,False,False,False,True,False,False,False,False,False,True,False,True,False,False,False,True,False,False,False,False,True,True
75.0,9317,7,137.0,2,4,2,4,513,227,740,0,1,1006,769,1775,1,2,1,3,1,2,7,6,1,1993.0,3,2,425,5,5,2,234,72,192,0,213000,3,3.5,264,2515,2,16,16,0,True,False,False,True,False,False,False,False,False,False,False,False,False,False,False,False,False,False,False,False,True,False,False,False,True,True,False,False,False,True,False,False,False,False,True,False,False,False,True,False,False,True,True,False,False,False,True,True
36.0,15523,5,0.0,3,4,4,0,460,404,864,0,1,864,0,864,1,1,0,3,1,3,5,6,1,1972.0,3,1,338,5,5,2,0,0,0,0,133500,2,2.0,0,1728,1,37,37,0,True,False,False,False,False,True,False,False,False,False,False,False,False,False,False,False,False,False,False,False,True,False,False,False,False,True,False,False,False,True,False,False,False,False,False,True,False,True,False,False,False,True,True,False,False,False,True,True
75.0,45600,6,0.0,3,4,4,4,0,907,907,4,1,1307,1051,2358,0,3,0,5,1,3,10,6,1,1908.0,3,2,360,1,5,2,486,40,0,175,240000,4,3.0,215,3265,2,100,11,0,True,False,True,False,False,False,False,False,False,False,False,False,False,False,False,False,False,False,False,False,True,False,False,False,False,True,False,False,False,False,False,False,True,True,False,True,False,False,False,False,False,True,False,False,True,False,True,True
80.0,9600,6,360.0,2,2,4,4,0,528,528,0,1,1094,761,1855,0,2,1,3,1,3,7,6,1,1976.0,2,2,512,5,5,2,113,100,0,0,187000,3,2.5,100,2383,2,31,13,0,True,False,False,True,False,False,False,False,False,False,False,False,False,False,False,False,False,False,False,True,False,False,False,False,False,False,True,False,False,False,False,False,False,False,True,False,False,True,False,False,False,True,True,False,False,False,True,True
36.0,4435,6,170.0,2,4,2,0,659,189,848,0,1,848,0,848,1,1,0,1,1,2,3,6,0,2003.0,0,2,420,5,5,2,140,0,0,0,131500,0,2.0,0,1696,1,4,4,0,False,True,False,True,False,False,False,False,False,False,False,False,False,False,False,False,False,False,False,False,True,False,False,False,False,True,False,False,False,False,False,True,False,False,True,False,False,False,True,False,False,True,True,False,False,False,True,True
61.22837538910153,3196,8,40.0,2,4,2,1,0,1273,1273,0,1,1456,0,1456,0,2,0,2,1,2,7,6,1,2003.0,0,2,400,5,5,2,143,20,0,0,215000,3,2.0,20,2729,1,3,3,0,True,False,False,True,False,False,False,False,False,False,False,False,False,False,False,False,False,False,False,False,True,False,False,False,False,True,False,False,False,False,False,True,False,False,True,False,False,False,True,False,False,True,True,False,False,False,True,True
53.0,7128,7,0.0,3,2,4,4,364,554,918,2,1,918,728,1646,0,2,0,4,1,3,7,6,2,1941.0,3,1,240,5,5,2,0,0,0,126,164000,4,2.0,126,2564,2,66,57,0,True,False,False,True,False,False,False,False,False,False,False,False,False,False,False,False,False,False,False,False,True,False,False,False,False,True,False,False,False,False,True,False,False,False,False,True,False,True,False,False,False,True,False,False,True,False,True,True
72.84867874446724,12095,6,115.0,3,2,4,1,564,563,1127,4,1,1445,0,1445,0,1,1,3,1,3,7,6,1,1964.0,2,2,645,5,5,2,180,0,0,0,158000,2,1.5,0,2572,1,45,45,0,True,False,False,False,False,False,False,False,False,False,False,True,False,False,False,False,False,False,False,False,True,False,False,False,False,True,False,False,False,False,True,False,False,False,True,False,False,True,False,False,False,True,True,False,False,False,True,True
102.0,17920,5,0.0,3,4,4,2,306,372,1763,4,1,1779,0,1779,1,1,1,3,1,3,6,6,1,1955.0,3,2,454,5,5,2,0,418,0,312,170000,4,2.5,730,3542,1,51,32,0,True,False,False,True,False,False,False,False,False,False,False,False,False,False,False,True,False,False,False,False,True,False,False,False,False,False,True,False,False,False,False,False,True,False,False,True,False,True,False,False,False,True,True,False,False,False,True,False
66.0611366789328,6897,5,0.0,3,2,4,4,659,381,1040,0,1,1040,0,1040,1,1,1,3,1,3,6,6,0,1962.0,3,1,260,5,5,2,0,104,0,0,127000,0,2.5,104,2080,1,48,0,0,True,False,False,False,False,False,False,False,False,False,False,False,False,False,False,True,False,False,False,False,True,False,False,False,False,True,False,False,False,True,False,False,False,False,False,True,False,True,False,False,False,True,False,False,True,False,True,True
71.37965511543179,10970,6,0.0,3,4,2,1,505,0,940,4,1,1026,0,1026,1,1,0,3,1,3,5,6,0,1981.0,3,2,576,5,1,2,0,0,34,0,147000,0,2.0,34,1966,1,30,30,0,True,False,False,False,False,False,False,False,False,False,False,False,False,False,False,False,False,False,False,False,True,False,False,False,False,True,False,False,False,False,False,False,False,False,False,True,False,True,False,False,False,True,False,False,True,False,True,True
65.0,8125,6,0.0,3,4,2,4,0,702,702,2,1,702,779,1481,0,2,1,3,1,3,6,6,1,1994.0,0,2,343,5,5,2,0,36,0,0,174000,3,2.5,36,2183,2,15,14,0,True,False,False,True,False,False,False,False,False,False,False,False,False,False,False,False,False,False,False,False,True,False,False,False,True,True,False,False,False,True,False,False,False,False,False,True,False,False,True,False,False,True,True,False,False,False,True,True
80.0,10400,7,189.0,3,4,2,4,0,1090,1090,4,1,1370,0,1370,0,2,0,3,1,3,6,6,1,1976.0,2,2,479,5,5,2,0,0,0,0,152000,3,2.0,0,2460,1,33,33,0,True,False,False,True,False,False,False,False,False,False,False,False,False,False,False,False,False,False,False,False,True,False,False,False,False,True,False,False,False,True,False,False,False,False,True,False,False,True,False,False,False,True,True,False,False,False,True,False
71.45669724353232,11029,6,220.0,3,4,4,2,619,435,1054,4,1,1512,1142,2654,1,2,1,4,1,2,9,6,1,1968.0,3,2,619,5,5,2,0,65,0,222,250000,4,3.5,287,3708,2,38,22,0,True,False,False,False,False,False,False,False,False,False,False,False,False,False,False,False,False,False,False,False,False,False,False,False,True,True,False,False,False,True,False,False,False,False,True,False,False,True,False,False,False,True,True,False,False,False,True,True
55.0,7642,7,0.0,2,4,4,4,0,912,912,2,1,912,514,1426,0,1,1,3,1,2,7,6,1,1925.0,3,1,216,5,5,2,0,240,0,0,189950,4,1.5,240,2338,2,89,9,0,True,False,False,True,False,False,False,False,False,False,False,False,False,False,False,False,False,False,False,False,True,False,False,False,False,True,False,False,False,False,False,False,True,True,False,True,False,False,False,False,False,True,False,False,True,False,True,True
75.0,11625,5,0.0,3,4,4,2,841,198,1039,0,1,1039,0,1039,1,1,1,3,1,3,6,6,0,1965.0,3,2,504,5,5,2,0,0,0,0,131500,0,2.5,0,2078,1,45,45,0,True,False,False,True,False,False,False,False,False,False,False,False,False,False,False,True,False,False,False,False,True,True,False,False,False,False,True,False,False,False,False,False,False,False,False,True,False,False,True,False,False,True,True,False,False,False,True,True
81.0,9672,6,0.0,3,4,2,4,338,702,1040,4,1,1097,0,1097,0,2,0,3,1,3,6,6,0,1986.0,3,2,480,5,5,2,0,0,0,0,152000,0,2.0,0,2137,1,26,25,0,True,False,False,True,False,False,False,False,False,False,False,False,False,False,False,False,False,False,False,False,True,False,False,False,False,False,True,False,False,True,False,False,False,False,False,True,False,False,True,False,False,True,True,False,False,False,True,True
70.0,7931,5,0.0,3,4,4,4,1148,0,1148,4,1,1148,0,1148,1,1,0,3,1,3,6,6,0,1959.0,3,1,672,5,5,2,0,0,0,0,132500,0,2.0,0,2296,1,50,50,0,True,False,False,True,False,False,False,False,False,False,False,True,False,False,False,False,False,False,False,False,True,False,False,False,False,False,True,False,False,False,False,False,False,False,False,True,False,True,False,False,False,True,True,False,False,False,True,True
72.0,8640,7,0.0,2,4,0,4,0,1372,1372,0,1,1372,0,1372,0,2,0,3,1,2,6,6,0,2008.0,0,2,529,5,5,2,0,140,0,0,250580,0,2.0,140,2744,1,1,0,0,False,False,False,True,False,False,False,False,False,False,False,False,False,False,False,False,True,False,False,False,True,False,False,False,False,True,False,False,False,False,False,True,False,False,False,True,False,False,True,False,False,True,True,False,False,True,False,False
68.48078182080185,8750,5,76.0,3,4,4,4,828,174,1002,4,1,1002,0,1002,1,1,0,3,1,3,5,6,0,1973.0,3,2,902,5,5,2,0,0,0,0,148500,0,2.0,0,2004,1,39,39,0,True,False,False,False,False,False,False,False,False,False,False,True,False,False,False,False,False,False,False,False,True,False,False,False,False,True,False,False,False,False,True,False,False,False,True,False,False,True,False,False,False,True,False,False,True,False,True,True
67.0,10656,8,274.0,2,4,2,0,0,1638,1638,0,1,1646,0,1646,0,2,0,3,1,2,6,6,1,2007.0,2,3,870,5,5,2,192,80,0,0,248900,4,2.0,80,3284,1,1,0,0,True,False,False,False,True,False,False,False,False,False,False,False,False,False,False,False,False,False,True,False,True,False,False,False,False,True,False,False,False,False,False,True,False,False,False,False,True,False,True,False,False,True,True,False,False,True,False,False
85.0,6970,4,0.0,3,4,4,4,932,108,1040,4,1,1120,0,1120,1,1,1,3,1,1,5,6,0,1961.0,2,2,544,5,5,2,168,0,0,0,129000,0,2.5,0,2160,1,46,46,0,True,False,False,True,False,False,False,False,False,False,False,False,False,False,False,True,False,False,False,True,False,False,False,False,False,True,False,False,False,False,False,True,False,False,False,True,False,True,False,False,False,True,True,False,False,False,True,True
76.33124409436726,14762,5,0.0,3,4,3,3,0,0,0,2,1,1547,720,2320,0,2,0,2,1,3,7,6,1,1979.0,3,2,672,5,5,1,120,144,0,0,169000,3,2.0,144,2267,2,58,56,0,True,False,True,False,False,False,False,False,False,False,False,False,False,False,False,False,False,False,False,True,False,False,False,False,True,True,False,False,False,False,False,False,False,False,False,True,False,False,False,True,False,True,True,False,False,False,True,True
80.0,9938,7,246.0,2,4,2,4,750,300,1050,0,1,1062,887,1949,1,2,1,3,1,2,8,6,1,1993.0,0,2,574,5,5,2,156,90,0,0,236000,3,3.5,90,2999,2,17,16,0,True,False,False,True,False,False,False,False,False,False,False,False,False,False,False,False,False,False,False,False,True,False,False,False,True,True,False,False,False,False,True,False,False,False,True,False,False,False,True,False,False,True,True,False,False,False,True,True
60.0,6600,5,0.0,3,4,4,4,0,894,894,2,0,894,0,894,0,1,0,2,1,3,5,6,0,1962.0,3,1,308,5,5,2,0,0,0,0,109500,0,1.0,0,1788,1,47,47,0,True,False,False,True,False,False,False,False,False,False,False,True,False,False,False,False,False,False,False,False,False,False,False,False,False,False,True,False,False,False,True,False,False,False,False,True,False,True,False,False,False,True,False,False,True,False,True,True
70.0,8750,6,116.0,3,4,2,4,505,299,804,0,1,804,878,1682,0,2,1,3,1,2,7,6,0,1998.0,2,2,523,5,5,2,0,77,0,0,200500,0,2.5,77,2486,2,12,12,0,True,False,False,True,False,False,False,False,False,False,False,False,False,False,False,False,False,False,False,False,True,False,False,False,True,True,False,False,False,False,False,True,False,False,True,False,False,False,True,False,False,True,True,False,False,False,True,True
74.0,8892,5,0.0,2,4,4,0,0,105,105,2,1,910,0,910,0,1,0,3,1,2,5,6,0,1953.0,3,2,414,5,5,2,196,0,150,0,116000,0,1.0,150,1015,1,55,12,0,True,False,False,True,False,False,False,False,False,False,False,True,False,False,False,False,False,False,False,False,True,False,False,False,False,True,False,False,False,False,False,False,False,False,False,True,False,False,False,False,False,True,True,False,False,False,True,True
60.0,12144,5,0.0,2,4,4,4,375,457,832,2,1,1036,0,1268,0,1,0,3,1,3,6,6,1,1949.0,3,1,288,5,5,2,0,28,0,0,133000,4,1.0,28,1868,1,60,59,0,True,False,False,True,False,False,False,False,False,False,False,True,False,False,False,False,False,False,False,False,True,False,False,False,False,True,False,False,False,True,False,False,False,False,False,True,False,True,False,False,False,True,True,False,False,False,True,True
52.0,5720,5,0.0,3,4,4,4,0,676,676,0,1,676,455,1131,0,1,1,3,1,3,5,6,0,1941.0,3,1,200,5,5,2,26,0,0,0,66500,0,1.5,0,1807,2,68,59,0,False,True,False,True,False,False,False,False,False,False,False,False,False,False,True,False,False,False,False,False,False,False,False,False,False,True,False,False,False,False,False,False,True,True,False,True,False,True,False,False,False,True,False,False,True,False,True,False
75.0,9000,8,0.0,2,4,2,0,64,1120,1184,0,1,1184,1426,2610,0,2,1,4,1,0,11,6,1,2007.0,0,2,550,5,5,2,208,364,0,0,303477,4,2.5,364,3794,2,0,0,1,False,False,False,True,False,False,False,False,False,False,False,False,False,False,False,False,True,False,False,False,True,False,False,False,True,True,False,False,True,False,False,False,False,False,False,True,False,False,True,False,False,True,False,True,False,True,False,False
94.0,25286,4,0.0,3,4,4,1,633,431,1064,2,1,1040,0,1040,1,1,0,3,1,3,5,6,0,1963.0,3,2,648,5,5,2,0,0,0,0,132250,0,2.0,0,2104,1,44,44,0,True,False,False,True,True,False,False,False,False,False,False,False,False,False,False,False,False,False,False,False,True,False,False,False,False,True,False,False,False,True,False,False,False,False,False,True,False,False,True,False,False,True,True,False,False,False,True,True
74.0,8834,9,216.0,2,4,0,4,1170,292,1462,0,1,1462,762,2224,1,2,1,4,1,0,10,6,1,2004.0,0,3,738,5,5,2,184,0,0,0,350000,4,3.5,0,3686,2,5,4,0,True,False,False,True,False,False,False,False,False,False,False,False,False,True,False,False,False,False,False,False,True,False,False,False,True,False,True,False,False,False,False,True,False,False,False,False,True,False,True,False,False,True,True,False,False,False,True,True
88.0,11782,5,0.0,3,4,4,0,899,210,1109,4,1,1155,0,1155,1,1,0,3,1,2,6,3,0,1987.0,3,2,576,5,5,2,192,0,0,0,148000,0,2.0,0,2264,1,49,15,0,True,False,False,False,False,False,False,False,False,False,False,False,False,False,False,True,False,False,False,False,True,False,False,False,False,True,False,False,False,True,False,False,False,False,False,True,False,True,False,False,False,True,False,False,True,False,True,True
66.19563395341338,7000,5,90.0,2,2,4,4,646,218,864,0,1,864,0,864,1,1,0,3,1,3,6,6,0,1978.0,3,1,336,5,5,2,0,0,0,0,136500,0,2.0,0,1728,1,31,4,0,True,False,False,False,False,True,False,False,False,False,False,False,False,False,False,False,False,False,False,False,True,False,False,False,False,True,False,False,False,False,False,True,False,False,True,False,False,True,False,False,False,True,True,False,False,False,True,True
60.0,7024,5,0.0,3,4,0,4,980,110,1090,2,1,1090,0,1090,1,1,1,2,1,3,5,6,0,2005.0,0,2,450,5,5,2,0,49,0,0,157000,0,2.5,49,2180,1,2,1,0,True,False,False,True,False,False,False,False,True,False,False,False,False,False,False,False,False,False,False,False,True,False,False,False,False,True,False,False,False,False,False,True,False,False,False,True,False,False,True,False,False,True,True,False,False,False,True,True
44.0,13758,7,117.0,2,2,2,2,902,254,1156,0,1,1187,530,1717,0,2,1,3,1,2,7,6,1,1990.0,2,2,400,5,5,2,168,36,0,0,187500,3,2.5,36,2873,2,17,16,0,True,False,False,False,False,True,False,False,False,False,False,False,False,False,False,False,False,False,True,False,True,False,False,False,False,True,False,False,False,True,False,False,False,False,True,False,False,True,False,False,False,True,True,False,False,False,True,True
69.63771954109109,9636,6,0.0,3,4,2,4,0,808,808,2,1,808,785,1593,0,2,1,3,1,3,7,6,1,1993.0,2,2,389,5,5,2,342,40,0,0,178000,3,2.5,40,2401,2,17,16,0,True,False,False,False,False,False,False,False,False,False,False,False,False,False,False,False,False,False,False,False,True,False,False,False,True,True,False,False,False,False,False,True,False,False,False,True,False,False,True,False,False,True,False,True,False,False,True,True
60.0,6204,4,0.0,2,4,4,4,0,795,795,4,0,954,795,2230,1,1,0,5,1,3,10,6,0,1997.0,3,1,440,5,2,2,0,188,0,0,118500,0,2.0,188,2544,2,94,56,0,True,False,False,True,False,False,False,False,False,False,False,False,False,False,False,False,False,False,False,False,True,False,False,False,False,True,False,False,False,False,False,False,True,True,False,True,False,False,True,False,False,True,False,False,True,False,True,True
65.0,7150,5,60.0,3,4,4,4,432,460,892,4,1,892,0,892,0,1,0,3,1,3,5,6,0,1967.0,2,1,288,5,5,2,0,0,0,0,100000,0,1.0,0,1784,1,42,42,0,True,False,False,True,False,False,False,False,False,False,False,True,False,False,False,False,False,False,False,False,True,False,False,False,False,True,False,False,False,True,False,False,False,False,True,False,False,True,False,False,False,True,True,False,False,False,True,True
50.0,5119,9,60.0,2,4,0,0,1238,460,1698,0,1,1709,0,1709,1,2,0,2,1,2,5,6,1,1999.0,0,2,506,5,5,2,97,65,0,0,328900,3,3.0,65,3407,1,9,8,0,False,False,False,False,False,True,False,False,False,False,False,False,False,False,False,False,True,False,False,False,True,False,False,False,False,True,False,False,False,False,True,False,False,False,True,False,False,False,True,False,False,True,True,False,False,False,False,False
70.0,8393,5,122.0,3,4,4,4,528,1098,1626,0,1,1712,0,1712,0,2,0,4,2,3,8,6,0,2005.0,0,2,588,5,5,2,272,54,0,0,145000,0,2.0,54,3338,1,47,1,0,True,False,False,True,False,False,False,False,False,False,False,True,False,False,False,False,False,False,False,False,True,False,True,False,False,True,False,False,False,False,True,False,False,False,True,False,False,True,False,False,False,True,True,False,False,False,True,False
59.0,16466,5,0.0,3,2,4,4,0,816,816,4,1,872,521,1393,0,1,1,3,1,3,8,6,0,1955.0,3,1,300,5,5,2,121,0,0,265,135500,0,1.5,265,2209,2,53,53,0,True,False,False,False,False,False,False,False,True,False,False,False,False,False,False,False,False,False,False,False,True,False,False,False,False,True,False,False,False,False,True,False,False,False,False,True,False,False,True,False,False,True,True,False,False,False,True,True
95.0,15865,8,0.0,2,2,4,1,351,1043,2217,0,1,2217,0,2217,1,2,0,4,1,2,8,6,1,1970.0,3,2,621,5,5,2,81,207,0,224,268000,3,3.0,431,4434,1,37,37,0,True,False,False,False,False,False,False,False,False,False,False,True,False,False,False,False,False,False,False,False,True,False,False,False,False,False,False,False,False,False,False,False,True,True,False,True,False,False,True,False,False,True,True,False,False,False,True,True
128.0,12160,6,90.0,3,4,4,4,1024,481,1505,0,1,1505,0,1505,1,1,0,2,1,3,6,6,1,1953.0,2,2,505,5,5,2,0,0,0,0,149500,3,2.0,162,3010,1,56,56,0,True,False,False,True,False,False,False,False,False,False,False,True,False,False,False,False,False,False,False,True,False,False,False,False,False,False,True,False,False,False,False,False,True,True,True,False,False,True,False,False,False,True,True,False,False,False,True,True
60.0,8064,5,0.0,3,2,4,2,0,672,672,0,1,672,252,924,0,1,0,3,1,3,6,6,1,2003.0,3,2,576,5,5,2,0,0,0,0,122900,1,1.0,0,1596,2,58,1,0,True,False,False,True,False,False,False,False,False,False,False,True,False,False,False,False,False,False,False,False,False,False,False,False,False,True,False,False,False,False,True,False,False,False,False,True,False,True,False,False,False,True,False,False,True,False,True,True
70.0,11184,6,92.0,3,4,4,4,226,192,918,2,1,918,765,1683,0,2,1,3,1,3,7,6,1,1978.0,2,2,440,5,5,2,243,0,0,0,172500,3,2.5,0,2601,2,31,31,0,True,False,False,True,False,False,False,False,False,False,False,False,False,False,False,True,False,False,False,False,True,False,False,False,True,False,True,False,False,True,False,False,False,False,True,False,False,True,False,False,False,True,True,False,False,False,True,True
70.0,8414,6,0.0,3,4,4,4,663,396,1059,4,1,1068,0,1068,0,1,0,3,1,3,6,6,0,1963.0,2,1,264,5,5,2,192,0,0,0,154500,0,1.5,0,2127,1,43,3,0,True,False,False,True,False,False,False,False,False,False,False,False,False,False,False,True,False,False,False,False,True,False,False,False,False,False,True,False,False,True,False,False,False,False,False,True,False,True,False,False,False,True,True,False,False,False,True,True
74.40127349551003,13284,5,0.0,3,4,2,2,1064,319,1383,4,1,1383,0,1383,1,1,0,3,1,3,6,6,1,1954.0,3,1,354,5,5,2,511,116,0,0,165000,4,2.0,116,2766,1,54,54,0,True,False,False,True,False,False,False,False,False,False,False,False,False,False,False,True,False,False,False,False,False,False,False,False,False,True,False,False,False,False,False,False,True,False,False,True,False,False,True,False,False,True,True,False,False,False,True,True
64.0,7018,5,0.0,3,4,3,3,0,0,0,4,1,1535,0,1535,0,2,0,4,2,3,8,6,0,1979.0,3,2,400,5,5,2,0,0,0,0,118858,0,2.0,0,1535,1,30,30,0,True,False,False,True,False,False,False,False,False,False,False,False,False,False,False,False,False,False,False,False,True,False,True,False,False,True,False,False,False,False,False,False,False,False,False,True,False,False,False,True,False,True,True,False,False,False,True,False
71.0,7056,6,415.0,3,4,4,4,400,380,780,4,1,983,813,1796,1,1,1,4,1,3,8,6,1,1963.0,2,2,483,5,5,2,0,50,0,0,140000,3,2.5,50,2576,2,45,45,0,True,False,False,True,False,False,False,False,False,False,False,True,False,False,False,False,False,False,False,False,True,False,False,False,True,False,True,False,False,True,False,False,False,False,True,False,False,True,False,False,False,True,True,False,False,False,True,True
50.0,8765,4,0.0,3,4,4,4,285,666,951,0,0,951,0,951,0,1,0,2,1,3,6,6,0,1936.0,3,1,327,5,5,2,0,28,0,0,106500,0,1.0,28,1902,1,70,56,0,False,True,False,True,False,False,False,False,False,True,False,False,False,False,False,False,False,False,False,False,True,False,False,False,False,True,False,False,False,False,False,False,True,True,False,True,False,False,False,False,False,True,False,False,True,False,True,False
64.0,7018,5,0.0,3,4,3,3,0,0,0,4,1,1120,1120,2240,0,2,0,6,2,3,12,6,0,1979.0,3,2,528,5,5,2,154,0,0,0,142953,0,2.0,0,2240,2,30,30,0,True,False,False,True,False,False,False,False,False,False,False,False,False,False,False,False,False,False,False,True,False,False,True,False,True,True,False,False,False,False,False,False,False,False,False,True,False,False,False,True,False,True,False,False,True,False,True,False
100.0,12919,9,760.0,0,4,0,1,2188,142,2330,0,1,2364,0,2364,1,2,1,2,1,0,11,6,2,2009.0,0,3,820,5,5,2,0,67,0,0,611657,4,3.5,67,4694,1,1,0,0,True,False,False,False,False,False,False,False,False,False,False,False,False,True,False,False,False,False,False,False,True,False,False,False,False,False,True,False,False,False,False,True,False,False,False,False,True,False,True,False,False,True,True,False,False,True,False,False
65.0,6993,5,0.0,3,4,4,4,465,447,912,4,1,1236,0,1236,0,1,0,3,1,3,6,6,1,1961.0,3,1,288,5,5,2,0,0,0,0,135000,3,1.0,0,2148,1,45,12,0,True,False,False,True,False,False,False,False,False,False,False,False,False,False,False,True,False,False,False,True,False,False,False,False,False,True,False,False,False,True,False,False,False,False,False,True,False,True,False,False,False,True,True,False,False,False,True,True
66.63960553907742,7340,4,0.0,3,4,4,4,322,536,858,4,1,858,0,858,0,1,0,2,1,3,4,6,0,1979.0,3,1,684,5,5,2,0,0,0,0,110000,0,1.0,0,1716,1,36,36,0,True,False,False,False,False,False,False,False,False,False,False,True,False,False,False,False,False,False,False,False,True,False,False,False,False,True,False,False,False,True,False,False,False,False,False,True,False,True,False,False,False,True,False,False,True,False,True,True
64.0,8712,5,0.0,3,2,4,2,860,132,992,4,1,1306,0,1306,1,1,0,2,1,3,5,6,0,1968.0,3,1,756,5,5,2,0,0,0,0,153000,0,2.0,0,2298,1,52,9,0,True,False,False,False,False,False,False,False,False,False,False,True,False,False,False,False,False,False,False,False,True,False,False,False,False,False,True,False,False,False,True,False,False,False,False,True,False,True,False,False,False,True,False,False,True,False,True,True
63.0,7875,7,0.0,2,4,2,4,0,783,783,0,1,807,702,1509,0,2,1,3,1,2,8,6,1,2003.0,0,2,393,5,5,2,0,75,0,0,180000,4,2.5,75,2292,2,3,3,0,True,False,False,True,False,False,False,False,False,False,False,False,False,False,False,False,False,False,False,False,True,False,False,False,True,True,False,False,False,False,False,True,False,False,False,True,False,False,True,False,False,True,True,False,False,False,True,True
50.0,14859,7,27.0,2,4,2,4,0,1670,1670,0,1,1670,0,1670,0,2,0,3,1,2,7,6,1,2006.0,2,3,690,5,5,2,144,60,0,0,240000,4,2.0,60,3340,1,0,0,1,True,False,False,False,True,True,False,False,False,False,False,False,False,False,False,False,False,False,False,False,True,False,False,False,False,False,True,False,False,False,False,True,False,False,True,False,False,False,True,False,False,True,True,False,False,True,False,False
65.11573836122466,6173,5,75.0,3,4,4,4,599,277,876,4,1,902,0,902,0,1,0,3,1,3,6,6,0,1967.0,3,1,288,5,5,2,0,0,0,0,125500,0,1.0,0,1778,1,40,40,0,True,False,False,False,False,False,False,False,False,False,False,False,False,False,False,True,False,False,False,False,True,False,False,False,False,True,False,False,False,True,False,False,False,True,True,False,False,True,False,False,False,True,True,False,False,False,True,True
80.0,9920,5,110.0,3,4,4,4,354,412,1056,4,1,1063,0,1063,1,1,0,3,1,3,6,6,0,1954.0,2,1,280,5,5,2,0,0,164,0,128000,0,2.0,164,2119,1,56,56,0,True,False,False,True,False,False,False,False,False,False,False,True,False,False,False,False,False,False,False,False,True,False,False,False,False,True,False,False,False,True,False,False,False,False,False,False,True,True,False,False,False,True,True,False,False,False,True,True
116.0,13501,8,208.0,2,4,2,4,63,1560,1623,0,1,1636,0,1636,1,2,0,3,1,2,8,6,1,2006.0,2,3,865,5,5,2,0,60,0,0,255000,4,3.0,60,3259,1,1,1,0,True,False,False,False,False,False,False,False,False,False,False,False,False,False,False,False,True,False,False,False,True,False,False,False,False,True,False,False,False,False,False,True,False,False,False,False,True,False,True,False,False,True,True,False,False,False,True,True
86.0,11500,7,0.0,2,4,2,4,223,794,1017,2,1,1020,1037,2057,0,1,1,3,1,2,6,6,1,1936.0,0,1,180,1,5,2,0,0,0,322,250000,4,1.5,322,3074,2,70,19,0,True,False,False,False,False,False,False,False,False,False,False,False,False,False,False,False,False,False,False,False,True,False,False,False,False,True,False,False,False,False,False,False,False,False,False,True,False,True,False,False,False,True,True,False,False,False,True,True
68.6570646562861,8885,5,0.0,3,4,2,0,301,239,864,4,1,902,0,902,1,1,0,2,1,3,5,6,0,1983.0,3,2,484,5,5,2,164,0,0,0,131000,0,2.0,0,1766,1,23,23,0,True,False,False,False,False,False,False,False,False,False,False,False,False,False,False,False,False,False,False,False,True,False,False,False,False,True,False,False,False,True,False,False,False,False,False,True,False,True,False,False,False,True,True,False,False,False,True,True
149.0,12589,6,0.0,2,4,2,4,0,742,742,0,1,742,742,1484,0,2,1,3,1,2,8,6,1,2005.0,0,2,390,5,5,2,36,24,0,0,174000,4,2.5,24,2226,2,4,4,0,True,False,True,False,False,False,False,False,False,False,False,False,False,False,False,False,False,False,False,False,True,False,False,False,True,True,False,False,False,False,False,True,False,False,False,True,False,False,True,False,False,True,True,False,False,False,True,True
80.0,11600,5,361.0,3,4,4,4,443,662,1105,4,1,1105,1169,2274,0,2,0,5,2,3,12,6,0,1960.0,3,2,480,5,5,2,0,0,0,0,154300,0,2.0,0,3379,2,50,50,0,True,False,False,True,False,False,False,False,False,False,False,True,False,False,False,False,False,False,False,True,False,False,True,False,True,True,False,False,False,False,True,False,False,False,True,False,False,True,False,False,False,False,False,False,True,False,True,True
69.1806899676134,9286,5,0.0,3,4,2,0,196,1072,1268,4,1,1268,0,1268,0,1,1,3,1,2,5,6,0,1978.0,3,1,252,5,5,2,173,0,0,0,143500,0,1.5,0,2536,1,32,20,0,True,False,False,False,False,True,False,False,False,False,False,False,False,False,False,False,False,False,False,False,True,False,False,False,False,True,False,False,False,True,False,False,False,False,False,True,False,True,False,False,False,True,False,False,True,False,True,True
51.0,6120,5,0.0,3,4,4,4,489,279,768,4,0,1015,0,1015,0,1,0,3,1,3,6,2,0,1925.0,3,1,450,5,5,2,0,0,112,120,88000,0,1.0,232,1783,1,81,56,0,False,True,False,True,False,False,False,True,False,False,False,False,False,False,False,False,False,False,False,False,True,False,False,False,False,True,False,False,False,False,True,False,False,False,False,True,False,False,False,False,False,True,False,False,True,False,True,False
82.0,6270,5,0.0,3,4,4,4,284,717,1001,4,0,1001,1001,2002,0,2,0,4,2,3,8,6,0,1949.0,3,3,871,5,5,2,0,0,0,0,145000,0,2.0,0,3003,2,58,57,0,False,False,False,True,True,False,False,False,False,False,False,False,False,False,False,False,False,False,False,False,True,False,True,False,True,True,False,False,False,False,True,False,False,False,False,True,False,True,False,False,False,False,False,False,False,False,True,True
30.0,3000,6,76.0,2,4,2,0,294,318,612,0,1,612,612,1224,0,2,1,2,1,2,4,6,0,2009.0,2,2,528,5,5,2,0,234,0,0,173733,0,2.5,234,1836,2,0,0,1,False,False,False,True,False,False,False,False,False,False,False,False,False,False,False,False,True,False,False,False,True,False,False,False,True,True,False,False,False,False,False,True,False,False,False,False,True,False,True,False,False,True,False,False,True,True,False,False
21.0,2001,4,80.0,3,4,4,4,0,546,546,1,1,546,546,1092,0,1,1,3,1,3,6,6,0,1970.0,3,1,286,5,5,2,0,0,0,0,75000,0,1.5,0,1638,2,37,37,0,False,True,False,True,False,False,False,False,False,False,True,False,False,False,False,False,False,False,False,False,True,False,False,True,True,True,False,False,True,False,False,False,False,False,True,False,False,True,False,False,False,True,True,False,False,False,True,True
50.0,9000,2,0.0,3,4,4,0,50,430,480,4,0,480,0,480,1,0,0,1,1,3,4,6,0,1958.0,3,1,308,5,5,2,0,0,0,0,35311,0,1.0,0,960,1,57,56,0,False,False,False,True,False,False,False,False,False,True,False,False,False,False,False,False,False,False,False,False,True,False,False,False,False,True,False,False,False,False,False,False,False,False,False,True,False,True,False,False,False,False,False,False,True,False,True,False
79.43643359645284,17140,4,0.0,3,4,4,4,1059,75,1134,0,1,1229,0,1229,0,1,0,3,1,3,6,6,0,1956.0,2,1,284,5,5,2,0,0,0,0,135000,0,1.0,0,2363,1,53,53,0,True,False,False,True,False,False,False,False,True,False,False,False,False,False,False,False,False,False,False,False,True,False,False,False,False,True,False,False,False,False,False,True,False,False,False,True,False,True,False,False,False,False,True,False,False,False,True,True
103.0,13125,7,0.0,2,4,0,2,48,422,1104,0,1,912,1215,2127,1,2,1,4,1,2,8,6,1,1991.0,2,3,833,5,5,2,72,192,224,0,238000,3,3.5,416,3231,2,16,16,0,True,False,False,False,False,False,False,False,False,False,False,False,False,False,False,False,False,False,False,False,True,False,False,False,True,True,False,False,False,True,False,False,False,False,False,True,False,False,True,False,False,True,True,False,False,False,True,True
87.0,11029,6,0.0,0,4,2,4,528,245,1184,0,1,1414,0,1414,1,1,0,3,1,3,6,2,1,1990.0,3,2,601,5,5,2,0,51,0,190,176500,3,2.0,241,2598,1,50,6,0,True,False,False,False,False,False,False,False,False,False,False,True,False,False,False,False,False,False,False,False,True,False,False,False,False,False,True,False,False,False,True,False,False,False,False,True,False,True,False,False,False,True,True,False,False,False,True,True
70.0,8462,6,105.0,2,2,2,4,814,114,928,0,1,936,785,1721,0,2,1,3,1,2,7,6,0,1994.0,2,2,471,5,5,2,300,87,0,0,201000,0,3.0,87,2649,2,13,13,0,True,False,False,False,False,False,False,False,False,False,False,False,False,False,False,False,False,False,False,False,True,False,False,False,True,True,False,False,False,True,False,False,False,False,True,False,False,False,True,False,False,True,True,False,False,False,True,True
67.0,8777,5,0.0,3,4,4,4,1084,188,1272,2,1,1272,928,2200,2,2,2,4,2,3,9,6,0,0.0,1,0,0,3,3,0,0,70,0,0,145900,0,5.0,70,3472,2,108,5,0,True,False,False,True,False,False,False,False,True,False,False,False,False,False,False,False,False,False,False,True,False,False,True,False,False,True,False,False,False,False,True,False,False,False,False,True,False,True,False,False,False,True,False,False,False,False,True,True
65.0,10237,6,0.0,2,4,2,4,28,1288,1316,0,1,1316,0,1316,0,2,0,3,1,2,6,6,1,2005.0,0,2,397,5,5,2,100,0,0,0,169990,4,2.0,23,2632,1,1,0,0,True,False,False,True,False,False,False,False,False,False,False,False,False,False,False,False,False,False,False,False,False,False,False,False,False,True,False,False,False,False,False,True,False,False,False,True,False,False,True,False,False,True,True,False,False,True,False,False
50.0,8012,6,0.0,2,4,2,4,165,598,1604,0,1,1617,0,1617,1,2,0,2,1,2,5,6,1,1993.0,2,2,533,5,5,2,0,69,0,0,193000,2,3.0,69,3221,1,15,14,0,True,False,False,True,False,False,False,False,False,False,False,False,False,False,False,False,False,False,False,False,True,False,False,False,False,True,False,False,False,False,False,False,False,False,False,True,False,False,True,False,False,True,True,False,False,False,True,True
79.0,10240,6,157.0,3,2,2,4,625,0,1686,4,1,1686,0,1686,1,2,0,3,1,3,7,6,1,1980.0,3,2,612,5,5,2,384,131,0,0,207500,3,3.0,131,3372,1,26,26,0,True,False,False,True,False,False,False,False,False,False,False,False,False,False,False,False,False,False,False,False,True,False,False,False,False,True,False,False,False,False,False,False,False,False,True,False,False,True,False,False,False,True,True,False,False,False,True,True
77.43986725974601,15611,5,0.0,3,4,2,0,767,266,1126,4,1,1126,0,1126,0,2,0,3,1,0,6,6,0,1977.0,2,2,540,5,5,2,180,0,0,0,175000,0,2.5,0,2252,1,31,31,0,True,False,False,False,False,False,False,False,False,False,False,False,False,False,False,False,False,False,False,False,True,False,False,False,False,True,False,False,False,False,False,True,False,False,False,True,False,False,True,False,False,True,True,False,False,False,True,False
93.0,11999,8,340.0,2,4,2,4,0,1181,1181,0,1,1234,1140,2374,0,2,1,4,1,0,10,6,1,2003.0,0,3,656,5,5,2,104,100,0,0,285000,4,2.5,100,3555,2,4,3,0,True,False,False,True,False,False,False,False,False,False,False,False,False,True,False,False,False,False,False,False,True,False,False,False,True,False,True,False,False,False,False,True,False,False,True,False,False,False,True,False,False,True,False,True,False,False,True,True
69.98245041937142,9900,7,342.0,3,4,4,4,552,280,832,2,1,1098,880,1978,0,2,1,4,1,3,9,6,1,1968.0,2,2,486,5,5,2,0,43,0,0,176000,4,2.5,43,2810,2,40,40,0,True,False,False,True,False,False,False,False,False,False,False,False,False,False,False,False,False,False,False,True,False,False,False,False,True,True,False,False,False,False,True,False,False,False,True,False,False,True,False,False,False,True,True,False,False,False,True,True
72.51308845765647,11838,8,0.0,2,4,2,0,0,1753,1753,0,1,1788,0,1788,0,2,0,3,1,0,7,6,1,2001.0,2,2,522,5,5,2,202,151,0,0,236500,3,2.0,151,3541,1,8,8,0,True,False,False,True,False,False,False,False,False,False,False,False,False,False,False,False,False,False,False,False,True,False,False,False,False,False,True,False,False,False,False,True,False,False,False,True,False,False,True,False,False,True,True,False,False,False,True,True
74.0382614342906,13006,7,285.0,3,4,2,4,0,964,964,2,1,993,1243,2236,0,2,1,4,1,2,8,6,1,1997.0,0,2,642,5,5,2,0,0,0,0,222000,3,2.5,0,3200,2,9,9,0,True,False,False,False,False,False,False,False,False,False,False,False,False,False,False,False,False,False,False,False,True,False,False,False,True,True,False,False,False,True,False,False,False,False,True,False,False,False,True,False,False,True,False,True,False,False,True,True
73.0,8925,8,0.0,2,4,2,0,16,1450,1466,0,1,1466,0,1466,0,2,0,3,1,2,7,6,0,2007.0,0,3,610,5,5,2,100,18,0,0,201000,0,2.0,18,2932,1,2,2,0,True,False,False,False,True,False,False,False,False,False,False,False,False,False,False,False,False,False,True,False,True,False,False,False,False,True,False,False,False,False,False,True,False,False,False,True,False,False,True,False,False,True,True,False,False,False,True,True
70.0,9100,5,0.0,3,4,4,4,338,121,925,0,1,925,0,925,0,1,0,2,1,3,5,6,0,1965.0,3,1,429,5,5,2,0,0,0,0,117500,0,1.5,0,1850,1,44,44,0,True,False,False,True,False,False,False,False,False,False,False,True,False,False,False,False,False,False,False,False,True,False,False,False,False,True,False,False,False,False,False,True,False,False,False,True,False,True,False,False,False,True,False,False,True,False,True,True
84.0,11670,9,302.0,0,4,0,4,0,1905,1905,0,1,1905,0,1905,0,2,0,3,1,0,8,6,1,2006.0,0,3,788,5,5,2,0,191,0,0,320000,4,2.0,191,3810,1,1,1,0,True,False,False,False,False,False,False,False,False,False,False,False,False,False,False,False,True,False,False,False,False,False,False,False,False,False,True,False,False,False,False,True,False,False,False,False,True,False,True,False,False,True,True,False,False,False,True,True
63.0,8487,7,210.0,2,4,2,0,20,1480,1500,0,1,1500,0,1500,0,2,0,3,1,2,6,6,0,2004.0,2,2,570,5,5,2,192,36,0,0,190000,0,2.0,36,3000,1,5,5,0,True,False,False,True,False,False,False,False,False,False,False,False,False,False,False,False,False,False,False,False,True,False,False,False,False,True,False,False,False,False,False,True,False,False,True,False,False,False,True,False,False,True,True,False,False,False,True,True
313.0,27650,7,0.0,3,4,2,1,425,160,585,0,1,2069,0,2069,1,2,0,4,1,2,9,6,1,1960.0,2,2,505,5,5,2,0,0,0,0,242000,4,3.0,0,2654,1,48,1,0,True,False,True,False,True,False,False,False,False,False,False,True,False,False,False,False,False,False,False,False,False,False,False,False,False,False,False,False,False,False,False,False,True,True,False,True,False,True,False,False,False,True,True,False,False,False,True,True
52.0,5825,4,108.0,3,2,1,2,0,600,600,2,1,747,0,747,0,1,0,1,1,3,5,6,0,1953.0,3,2,528,5,5,2,0,0,32,0,79900,0,1.0,32,1347,1,80,53,0,True,False,False,False,False,False,False,True,False,False,False,False,False,False,False,False,False,False,False,False,True,False,False,False,False,True,False,False,False,False,True,False,False,False,True,False,False,False,True,False,False,True,False,False,True,False,True,True
67.0,10083,7,0.0,2,4,2,4,833,343,1176,0,1,1200,0,1200,1,2,0,2,1,2,5,6,0,2003.0,2,2,555,5,5,2,0,41,0,0,184900,0,3.0,41,2376,1,6,6,0,True,False,False,True,False,False,False,False,False,False,False,False,False,False,False,False,False,False,False,False,True,False,False,False,False,True,False,False,False,False,False,True,False,False,False,True,False,False,True,False,False,True,True,False,False,False,True,True
75.0,9675,7,0.0,2,4,2,2,341,772,1113,0,1,1113,858,1971,0,2,1,3,1,2,8,6,1,2005.0,2,2,689,5,5,2,0,48,0,0,253000,4,2.5,48,3084,2,4,4,0,True,False,False,True,False,False,False,False,False,False,False,False,False,False,False,False,True,False,False,False,True,False,False,False,True,True,False,False,False,False,False,True,False,False,False,True,False,False,True,False,False,True,True,False,False,False,True,True
73.0,8760,7,0.0,2,4,2,2,464,927,1391,0,1,1391,571,1962,0,2,1,3,1,2,7,6,0,2006.0,2,3,868,5,5,2,0,90,0,0,239799,0,2.5,90,3353,2,0,0,1,True,False,False,True,False,False,False,False,False,False,False,False,False,False,False,False,False,False,False,False,True,False,False,False,True,True,False,False,False,False,False,True,False,False,False,True,False,False,True,False,False,True,True,False,False,True,False,False
88.51173512693848,24090,7,0.0,3,2,4,2,0,1032,1032,0,1,1207,1196,2403,0,2,0,4,1,3,10,6,2,1940.0,3,1,349,5,5,2,56,0,318,0,244400,3,2.0,318,3435,2,70,60,0,True,False,False,True,False,False,False,False,False,False,False,False,False,False,False,False,False,False,False,False,True,False,False,False,True,True,False,False,False,False,True,False,False,False,False,True,False,True,False,False,False,True,True,False,False,False,False,True
55.0,12640,6,0.0,3,4,4,1,936,396,1728,4,1,1728,0,1728,0,2,0,4,2,3,8,6,0,1976.0,3,2,574,5,5,2,40,0,0,0,150900,0,2.0,0,3456,1,30,30,0,True,False,False,False,False,False,False,False,False,False,False,False,False,False,False,False,False,False,False,False,True,False,True,False,False,True,False,False,False,False,False,False,False,False,False,True,False,True,False,False,False,True,True,False,False,False,True,True
68.48731081470866,8755,7,298.0,2,4,2,4,772,220,992,0,1,1022,1038,2060,1,2,1,3,1,2,8,6,1,1999.0,2,2,390,5,5,2,0,0,0,0,214000,3,3.5,168,3052,2,10,10,0,True,False,False,False,False,False,False,False,False,False,False,False,False,False,False,False,False,False,False,False,False,False,False,False,True,True,False,False,False,False,False,True,False,False,True,False,False,False,True,False,False,True,False,True,False,False,True,True
42.0,7711,4,0.0,3,4,2,1,1440,0,1440,4,1,1440,0,1440,2,2,0,4,2,3,8,6,0,0.0,1,0,0,3,3,0,321,0,0,0,150000,0,4.0,0,2880,1,30,30,0,True,False,False,False,False,False,False,False,True,False,False,False,False,False,False,False,False,False,False,False,True,False,True,False,False,True,False,False,False,False,True,False,False,False,False,True,False,False,True,False,False,True,False,False,False,False,False,False
100.0,25000,5,0.0,3,4,4,0,0,1632,1632,4,1,1632,0,1632,0,2,0,4,2,3,8,6,0,1967.0,3,2,576,5,5,1,0,0,0,0,143000,0,2.0,0,3264,1,40,40,0,True,False,False,True,False,False,False,False,False,False,False,False,False,False,False,False,False,False,False,False,True,False,True,False,False,True,False,False,False,True,False,False,False,False,False,True,False,True,False,False,False,True,True,False,False,False,True,True
75.82589996597906,14375,6,541.0,3,4,4,4,111,354,819,2,1,1344,0,1344,0,1,0,3,1,2,7,6,1,1958.0,2,2,525,5,5,2,0,118,0,233,137500,4,1.5,351,2163,1,51,51,0,True,False,False,False,False,True,False,False,False,False,False,False,False,False,False,False,False,False,True,False,True,False,False,False,False,True,False,False,False,True,False,False,False,False,True,False,False,True,False,False,False,False,False,False,False,False,False,False
98.0,8820,5,0.0,3,4,4,4,1088,0,1088,4,1,1188,561,1869,0,1,0,2,1,3,7,6,0,1963.0,3,2,456,5,5,2,48,0,244,0,124900,0,1.0,244,2837,2,119,13,0,False,True,False,True,False,False,False,False,False,False,False,False,False,False,True,False,False,False,False,False,True,False,False,False,False,False,True,False,False,False,False,True,False,False,False,True,False,False,False,False,False,True,False,False,True,False,True,True
70.0,8163,5,128.0,3,2,4,0,748,102,1144,4,1,1144,0,1144,1,1,0,3,1,3,6,6,1,1959.0,2,1,796,5,5,2,86,0,0,0,143000,3,2.0,0,2288,1,47,47,0,True,False,False,True,False,False,False,False,False,False,False,True,False,False,False,False,False,False,False,False,True,False,False,False,False,True,False,False,False,True,False,False,False,False,True,False,False,True,False,False,False,True,True,False,False,False,True,True
85.0,14536,8,236.0,2,4,2,0,1300,316,1616,0,1,1629,0,1629,1,2,0,3,1,2,9,6,1,2002.0,0,3,808,5,5,2,0,252,0,0,270000,4,3.0,252,3245,1,5,4,0,True,False,False,True,False,False,False,False,False,False,False,False,False,False,False,False,False,False,True,False,True,False,False,False,False,False,True,False,False,False,False,True,False,False,True,False,False,False,True,False,False,True,True,False,False,False,True,True
65.0,14006,7,144.0,2,4,2,3,0,936,936,0,1,936,840,1776,0,2,1,3,1,2,7,6,1,2002.0,2,2,474,5,5,2,144,96,0,0,192500,3,2.5,96,2712,2,4,4,0,True,False,False,False,False,False,False,False,False,False,False,False,False,False,False,False,False,False,False,False,True,False,False,False,True,True,False,False,False,False,False,True,False,False,True,False,False,False,True,False,False,True,True,False,False,False,True,True
78.0,9360,6,0.0,3,4,4,4,982,179,1161,4,1,1381,0,1381,1,1,1,3,1,2,5,6,1,1972.0,2,2,676,5,5,2,0,0,0,0,197500,3,2.5,0,2542,1,38,4,0,True,False,False,True,False,False,False,False,False,False,False,False,False,False,False,False,False,False,False,False,True,False,False,False,False,False,True,False,False,False,False,False,False,False,False,True,False,True,False,False,False,True,True,False,False,False,True,True
60.0,7200,5,0.0,3,4,4,4,398,317,864,2,1,864,0,864,1,1,0,3,1,2,5,6,0,1980.0,2,2,720,5,5,2,194,0,0,0,129000,0,2.0,0,1728,1,57,5,0,True,False,False,True,False,False,False,False,False,False,False,True,False,False,False,False,False,False,False,False,True,False,False,False,False,True,False,False,False,False,False,True,False,False,False,True,False,True,False,False,False,True,False,False,True,False,True,True
60.0,7800,5,0.0,3,4,4,4,641,187,828,2,1,965,0,965,1,1,0,3,1,3,6,6,0,1979.0,3,1,300,5,5,2,421,0,0,0,119900,0,2.0,0,1793,1,41,41,0,False,False,False,True,False,False,False,False,False,False,False,False,False,False,False,False,False,False,False,False,True,False,False,False,False,True,False,False,False,False,False,True,False,False,False,True,False,True,False,False,False,True,False,False,True,False,True,False
60.0,7200,5,0.0,3,2,2,0,660,108,768,2,1,768,0,768,0,1,0,2,1,3,5,6,0,1974.0,0,1,396,5,5,2,192,0,0,0,133900,0,1.5,0,1536,1,37,6,0,True,False,False,True,False,False,False,False,False,False,False,False,False,False,False,False,False,False,False,False,True,False,False,False,False,True,False,False,False,False,False,False,False,False,False,True,False,True,False,False,False,True,False,False,True,False,True,True
71.5167639874751,11075,5,232.0,3,4,4,0,562,29,784,0,1,1168,800,1968,0,2,1,4,1,3,7,3,1,1969.0,2,2,530,5,5,2,305,189,0,0,172000,1,3.0,189,2752,2,39,39,0,True,False,False,False,False,False,False,False,False,False,False,False,False,False,False,False,False,False,False,False,True,False,False,False,True,True,False,False,False,True,False,False,False,False,True,False,False,True,False,False,False,True,True,False,False,False,True,True
35.0,9400,6,250.0,3,4,2,1,945,0,945,4,1,980,0,980,0,2,0,4,0,3,4,6,0,0.0,1,0,0,3,3,2,0,0,0,0,127500,0,3.0,0,1925,1,31,31,0,True,False,False,False,False,True,False,False,True,False,False,False,False,False,False,False,False,False,False,False,True,False,True,False,False,False,False,False,False,False,False,False,False,False,True,False,False,True,False,False,False,True,False,False,False,False,True,False
82.0,7136,6,423.0,3,4,2,4,484,495,979,4,0,979,979,1958,0,2,0,4,2,3,8,6,0,1946.0,3,2,492,5,5,2,0,0,0,0,145000,0,2.0,0,2937,2,61,57,0,False,False,False,False,True,False,False,False,False,False,False,False,False,False,False,False,False,False,False,False,True,False,True,False,True,True,False,False,False,False,True,False,False,False,True,False,False,True,False,False,True,False,True,False,False,False,True,True
24.0,1300,6,0.0,3,4,2,4,285,276,561,4,1,561,668,1229,0,1,1,2,1,3,5,6,1,1980.0,0,2,462,5,5,2,150,0,0,0,124000,3,1.5,0,1790,2,29,29,0,False,True,False,True,False,False,False,False,False,False,False,False,False,False,False,False,False,False,False,False,True,False,False,False,True,True,False,False,False,False,True,False,False,False,False,True,False,True,False,False,False,True,True,False,False,False,True,True
70.0,7420,5,0.0,3,4,4,4,417,640,1057,4,1,1057,0,1057,0,1,0,3,1,3,6,6,0,1977.0,0,2,576,5,5,2,0,0,0,0,132000,0,1.0,0,2114,1,45,45,0,True,False,False,True,False,False,False,False,False,False,False,False,False,False,False,True,False,False,False,False,True,False,False,False,False,False,True,False,False,False,True,False,False,False,False,True,False,True,False,False,False,True,False,False,True,False,True,True
65.0,8450,7,0.0,2,4,2,2,699,638,1337,0,1,1337,0,1337,1,2,0,3,1,2,6,6,0,2003.0,2,2,531,5,5,2,0,39,0,0,185000,0,3.0,39,2674,1,4,4,0,True,False,False,True,False,False,False,False,False,False,False,False,False,False,False,False,False,False,False,False,True,False,False,False,False,True,False,False,False,False,False,True,False,False,False,True,False,False,True,False,False,True,True,False,False,False,True,True
24.0,2572,7,0.0,2,4,2,4,604,92,696,0,1,696,720,1416,1,2,1,3,1,2,6,6,0,1999.0,3,2,484,5,5,2,0,44,0,0,155000,0,3.5,44,2112,2,11,11,0,False,False,False,True,False,False,False,False,False,False,False,False,False,False,False,False,True,False,False,False,True,False,False,True,True,False,True,False,False,False,True,False,False,False,False,True,False,False,True,False,False,True,False,False,True,False,True,True
50.0,7207,5,0.0,3,2,4,1,696,162,858,2,1,858,0,858,1,1,0,2,1,3,4,6,0,0.0,1,0,0,3,3,2,117,0,0,0,116500,0,2.0,0,1716,1,52,2,0,True,False,False,False,False,False,False,True,False,False,False,False,False,False,False,False,False,False,False,False,True,False,False,False,False,True,False,False,False,False,False,False,True,False,False,True,False,True,False,False,False,True,False,False,False,False,True,True
73.02104418360739,12227,6,424.0,3,2,2,4,896,434,1330,4,1,1542,1330,2872,1,2,1,4,1,3,11,6,1,1977.0,0,2,619,5,5,2,550,282,0,0,272000,3,3.5,282,4202,2,31,13,0,True,False,False,False,False,False,False,False,False,False,False,False,False,False,False,False,False,False,False,False,False,False,False,False,True,True,False,False,False,True,False,False,False,False,True,False,False,True,False,False,False,True,True,False,False,False,True,True
24.0,2308,6,0.0,3,4,2,4,556,248,804,4,1,804,744,1548,1,2,1,3,1,2,7,6,1,1976.0,3,2,440,5,5,2,48,0,0,0,155000,3,3.5,0,2352,2,31,31,0,True,False,False,True,False,False,False,False,False,False,False,False,False,False,False,False,False,False,False,False,True,False,False,False,True,True,False,False,False,False,False,False,False,False,False,True,False,True,False,False,False,True,False,False,True,False,True,True
122.0,11923,9,0.0,2,4,0,4,0,1800,1800,0,1,1800,0,1800,0,2,0,2,1,0,7,6,0,2007.0,0,2,702,5,5,2,288,136,0,0,239000,0,2.0,136,3600,1,2,2,0,True,False,False,False,False,False,False,False,False,False,False,False,False,False,False,False,False,False,False,False,True,False,False,False,False,True,False,False,False,False,False,True,False,False,False,True,False,False,True,False,False,True,True,False,False,False,True,True
80.0,11316,7,44.0,2,4,2,4,624,193,817,0,1,824,1070,1894,1,2,1,4,1,2,8,6,1,2002.0,0,2,510,5,5,2,0,40,0,0,214900,4,3.5,40,2711,2,8,7,0,True,False,False,True,False,False,False,False,False,False,False,False,False,False,False,False,False,False,True,False,True,False,False,False,True,True,False,False,False,False,False,True,False,False,True,False,False,False,True,False,False,True,False,True,False,False,True,True
65.0,10237,6,0.0,2,4,2,4,0,783,783,0,1,783,701,1484,0,2,1,3,1,2,8,6,1,2005.0,0,2,393,5,5,2,0,72,0,0,178900,4,2.5,72,2267,2,2,0,0,True,False,False,True,False,False,False,False,False,False,False,False,False,False,False,False,False,False,False,False,False,False,False,False,True,True,False,False,False,False,False,True,False,False,False,True,False,False,True,False,False,True,True,False,False,True,False,False
130.0,9600,5,0.0,2,2,4,4,428,300,728,0,1,976,332,1308,1,1,1,2,1,3,7,3,2,1940.0,3,1,256,5,5,2,0,70,0,0,160000,3,2.5,70,2036,2,69,59,0,True,False,False,False,True,False,False,False,False,False,False,False,False,False,False,False,False,False,False,False,True,False,False,False,False,True,False,False,False,False,True,False,False,False,False,True,False,False,False,False,False,True,False,False,True,False,True,True
66.70489547814566,7390,5,151.0,3,4,4,4,902,196,1098,4,1,1098,0,1098,1,1,0,3,1,3,6,6,0,1955.0,3,1,260,5,5,2,0,0,0,0,135000,0,2.0,0,2196,1,53,53,0,True,False,False,False,False,False,False,False,False,False,False,True,False,False,False,False,False,False,False,False,True,False,False,False,False,False,True,False,False,False,False,False,True,True,True,False,False,True,False,False,False,True,True,False,False,False,True,True
50.0,5925,3,0.0,3,4,4,4,0,600,600,1,0,600,368,968,0,1,0,2,1,3,6,6,0,0.0,1,0,0,3,3,2,0,0,0,0,37900,0,1.0,0,1568,2,99,59,0,False,True,False,True,False,False,False,False,False,False,False,False,False,False,True,False,False,False,False,False,True,False,False,False,False,True,False,False,False,False,False,True,False,False,False,True,False,False,False,False,False,True,False,False,False,False,True,False
75.0,10382,6,105.0,3,1,4,1,513,75,588,4,1,1095,0,1095,1,1,0,2,1,3,6,6,0,1958.0,2,1,264,5,5,2,0,0,0,0,140000,0,2.0,0,1683,1,48,48,0,True,False,False,True,False,False,False,False,False,False,False,True,False,False,False,False,False,False,False,False,True,True,False,False,False,False,True,False,False,True,False,False,False,False,True,False,False,True,False,False,False,True,True,False,False,False,False,True
60.0,10800,4,0.0,3,4,4,4,0,720,720,4,0,720,472,1192,0,1,1,4,1,3,6,6,0,0.0,1,0,0,3,3,2,0,0,0,0,135000,0,1.5,0,1912,2,57,56,0,True,False,False,True,False,False,False,False,False,False,False,True,False,False,False,False,False,False,False,False,True,False,False,False,False,True,False,False,False,False,False,False,False,False,False,True,False,True,False,False,False,False,False,False,False,False,True,False
36.0,2268,7,106.0,2,4,2,4,567,197,764,0,1,764,862,1626,0,2,0,2,1,2,6,6,0,2003.0,2,2,474,5,5,2,0,27,0,0,173000,0,2.0,27,2390,2,6,5,0,True,False,False,True,False,False,False,False,False,False,False,False,False,True,False,False,False,False,False,False,True,False,False,True,True,True,False,False,False,False,False,True,False,False,False,False,True,False,True,False,False,True,False,True,False,False,True,True
55.0,7892,6,0.0,3,4,2,4,0,918,918,4,1,918,0,918,0,2,0,2,1,3,5,6,1,1979.0,3,1,264,5,5,2,28,0,0,0,99500,3,2.0,0,1836,1,31,31,0,True,False,False,True,False,False,False,False,False,False,False,False,False,False,False,False,False,False,False,False,True,False,False,False,False,True,False,False,False,False,False,False,False,False,False,True,False,True,False,False,False,True,True,False,False,False,True,True
95.0,11639,7,0.0,2,4,2,4,0,1428,1428,0,1,1428,0,1428,0,2,0,3,1,2,6,6,0,2007.0,0,2,480,5,5,2,0,120,0,0,182000,0,2.0,120,2856,1,1,0,0,False,False,False,True,False,False,False,False,False,False,False,False,False,False,False,False,True,False,False,False,True,False,False,False,False,True,False,False,True,False,False,False,False,False,False,True,False,False,True,False,False,True,True,False,False,True,False,False
60.0,11414,7,0.0,3,2,2,4,0,728,728,4,0,1136,883,2019,0,1,0,3,1,2,8,6,0,1997.0,3,2,532,5,5,2,509,135,0,0,167500,0,1.0,135,2747,2,99,16,0,True,False,False,False,False,False,False,True,False,False,False,False,False,False,False,False,False,False,False,False,False,False,False,False,True,True,False,False,False,True,False,False,False,False,False,True,False,False,False,False,False,True,False,False,True,False,True,True
60.51671505325769,2651,7,0.0,2,4,2,4,641,32,673,0,1,673,709,1382,1,2,1,3,1,2,6,6,0,2000.0,3,2,490,5,5,2,153,50,0,0,165000,0,3.5,50,2055,2,6,6,0,False,False,False,True,False,False,False,False,False,False,False,False,False,False,False,False,True,False,False,False,True,False,False,True,True,True,False,False,False,False,True,False,False,False,False,True,False,False,True,False,False,True,False,False,True,False,True,True
51.0,5900,4,0.0,3,4,2,4,0,440,440,4,1,869,0,869,0,1,0,2,1,1,4,6,0,0.0,1,0,0,3,3,2,0,0,0,0,85500,0,1.0,0,1309,1,83,48,0,True,False,False,False,False,False,False,True,False,False,False,False,False,False,False,False,False,False,False,False,True,False,False,False,False,True,False,False,False,False,False,False,True,True,False,True,False,False,True,False,False,False,False,False,False,False,True,True
35.0,4274,7,0.0,2,4,2,4,1106,135,1241,0,1,1241,0,1241,1,1,1,1,1,2,4,6,0,2007.0,0,2,569,5,5,2,0,116,0,0,199900,0,2.5,116,2482,1,1,0,0,False,False,False,False,False,False,False,False,False,False,False,False,False,False,False,False,True,False,False,False,True,False,False,False,False,True,False,False,False,False,False,True,False,False,False,True,False,False,True,False,False,True,True,False,False,True,False,False
68.0,9450,4,0.0,3,4,4,4,552,342,894,0,1,894,0,894,0,1,0,3,1,3,5,6,0,1999.0,3,2,400,5,5,2,0,0,0,0,110000,0,1.0,0,1788,1,53,53,0,True,False,False,True,False,False,False,False,True,False,False,False,False,False,False,False,False,False,False,False,True,False,False,False,False,True,False,False,False,False,True,False,False,False,False,True,False,True,False,False,False,True,False,False,True,False,True,False
80.0,8816,5,0.0,3,4,4,4,651,470,1121,4,1,1121,0,1121,1,1,0,3,1,3,5,6,0,1963.0,3,2,480,5,5,2,0,80,0,0,139000,0,2.0,80,2242,1,46,46,0,True,False,False,True,False,False,False,False,False,False,False,False,False,False,False,True,False,False,False,True,False,False,False,False,False,True,False,False,False,False,False,True,False,False,False,True,False,False,True,False,False,True,False,False,True,False,True,True
72.88393531156409,12122,7,210.0,0,4,4,0,867,77,944,2,1,999,0,999,1,1,0,3,1,0,6,6,0,1961.0,2,2,588,5,5,2,144,76,0,0,178400,0,2.0,76,1943,1,47,1,0,True,False,False,False,False,False,False,False,False,False,False,True,False,False,False,False,False,False,False,False,True,False,False,False,False,True,False,False,True,False,False,False,False,False,False,False,True,True,False,False,False,True,True,False,False,False,True,True
98.0,12203,8,975.0,2,4,2,4,854,371,1225,0,1,1276,1336,2612,1,2,1,4,1,2,8,6,1,1998.0,0,3,676,5,5,2,250,0,0,0,336000,3,3.5,0,3837,2,11,10,0,True,False,False,False,False,False,False,False,False,False,False,False,True,False,False,False,False,False,False,False,True,False,False,False,True,False,True,False,False,False,False,True,False,False,True,False,False,False,True,False,False,True,True,False,False,False,True,True
43.0,3182,7,16.0,2,4,2,0,0,1266,1266,0,1,1266,0,1266,0,2,0,2,1,2,6,6,1,2007.0,0,2,388,5,5,2,100,16,0,0,159895,4,2.0,16,2532,1,1,1,0,True,False,False,True,False,False,False,False,False,False,False,False,False,False,False,False,False,False,False,False,True,False,False,False,False,True,False,False,False,False,False,True,False,False,True,False,False,False,True,False,False,True,True,False,False,False,True,True
71.74527877421394,11250,8,0.0,2,4,2,2,0,1128,1128,0,1,1149,1141,2290,0,2,1,4,1,2,9,6,1,2002.0,3,2,779,5,5,2,0,0,0,0,255900,4,2.5,0,3418,2,6,6,0,True,False,False,True,False,False,False,False,False,False,False,False,False,False,False,False,False,False,False,False,True,False,False,False,True,True,False,False,True,False,False,False,False,False,False,True,False,False,True,False,False,True,True,False,False,False,True,True
75.0,10125,5,0.0,3,4,3,3,0,0,0,4,1,1302,432,1734,0,2,0,4,2,2,8,6,0,1977.0,3,2,539,5,5,2,0,0,0,0,126000,0,2.0,0,1734,2,32,32,0,True,False,False,True,False,False,False,False,False,False,False,False,False,False,False,False,False,False,False,False,True,False,True,False,False,True,False,False,False,False,False,False,False,False,False,True,False,True,False,False,False,True,True,False,False,False,False,True
68.0,10880,5,0.0,3,4,4,4,1040,124,1164,4,0,1164,0,1164,1,1,0,3,1,3,5,6,0,1950.0,3,1,240,5,5,2,0,48,0,0,125000,0,2.0,48,2328,1,58,58,0,True,False,False,True,False,False,False,False,True,False,False,False,False,False,False,False,False,False,False,False,True,True,False,False,False,True,False,False,False,False,True,False,False,False,False,True,False,True,False,False,False,True,False,False,True,False,False,True
59.0,5310,6,0.0,3,2,4,4,0,485,485,2,1,1001,634,1635,0,1,0,2,1,2,5,6,0,1950.0,3,1,255,1,5,2,394,0,0,0,117000,0,1.0,0,2120,2,96,3,0,False,True,False,True,False,False,False,False,False,False,False,False,False,False,True,False,False,False,False,True,False,False,False,False,False,False,True,False,False,False,False,True,False,False,False,True,False,True,False,False,False,True,True,False,False,False,True,True
83.0,10159,9,450.0,0,4,0,0,1646,284,1930,0,1,1940,0,1940,1,2,1,3,1,0,8,6,1,2010.0,0,3,606,5,5,2,168,95,0,0,395192,4,3.5,95,3870,1,1,0,0,True,False,False,False,False,False,False,False,False,False,False,False,False,True,False,False,False,False,False,False,True,False,False,False,False,False,True,False,False,False,False,True,False,False,False,False,True,False,True,False,False,True,True,False,False,True,False,False
72.78469460418036,12046,6,298.0,3,4,4,4,156,692,848,4,1,1118,912,2030,0,2,1,4,1,2,8,6,1,1976.0,0,2,551,5,5,2,0,224,0,0,195000,3,2.5,224,2878,2,31,31,0,True,False,False,False,False,False,False,False,False,False,False,False,False,False,False,False,False,False,False,False,True,False,False,False,True,True,False,False,False,False,False,False,False,False,True,False,False,True,False,False,False,True,True,False,False,False,True,True
65.0,8125,7,0.0,2,4,2,4,0,770,770,0,1,778,798,1576,0,2,1,3,1,2,6,6,0,2006.0,2,2,614,5,5,2,0,50,0,0,197000,0,2.5,50,2346,2,0,0,1,False,False,False,True,False,False,False,False,False,False,False,False,False,False,False,False,True,False,False,False,True,False,False,False,True,True,False,False,False,False,False,True,False,False,False,True,False,False,True,False,False,True,True,False,False,True,False,False
82.0,9452,8,423.0,2,4,2,4,1074,322,1396,0,1,1407,985,2392,1,2,1,3,1,2,7,6,1,1997.0,0,3,870,5,5,2,0,70,0,0,348000,3,3.5,70,3788,2,9,8,0,True,False,False,True,False,False,False,False,False,False,False,False,True,False,False,False,False,False,False,False,True,False,False,False,True,True,False,False,False,False,False,True,False,False,True,False,False,False,True,False,False,True,True,False,False,False,True,True
121.0,17671,8,0.0,2,2,4,4,216,700,916,2,1,916,826,1742,0,1,1,4,1,2,8,6,1,1925.0,3,2,424,5,5,1,0,169,0,0,168000,4,1.5,169,2658,2,127,23,0,False,True,False,True,False,False,False,False,False,False,False,False,False,False,True,False,False,False,False,False,False,False,False,False,True,True,False,False,False,False,False,False,True,True,False,True,False,False,False,False,False,True,True,False,False,False,True,True
80.0,9760,6,340.0,3,4,4,1,536,169,822,2,1,1020,831,1851,0,2,1,3,1,2,7,6,1,1964.0,2,2,440,5,5,2,239,42,0,0,187000,2,2.5,42,2673,2,43,14,0,True,False,False,True,False,False,False,False,False,False,False,True,False,False,False,False,False,False,False,False,True,False,False,False,True,False,True,False,False,False,False,False,True,True,True,False,False,True,False,False,False,True,True,False,False,False,True,True
68.0,8846,6,0.0,3,4,2,4,0,750,750,0,1,750,750,1500,0,2,1,3,1,2,6,6,0,2005.0,2,2,564,5,5,2,0,35,0,0,173900,0,2.5,35,2250,2,1,0,0,True,False,False,True,False,False,False,False,False,False,False,False,False,False,False,False,False,False,False,False,True,False,False,False,True,True,False,False,False,False,False,True,False,False,False,True,False,False,True,False,False,True,True,False,False,True,False,False
96.0,12456,10,230.0,0,4,0,1,1172,528,1700,0,1,1718,0,1718,1,2,0,3,1,0,7,6,1,2008.0,0,3,786,5,5,2,216,48,0,0,337500,4,3.0,48,3418,1,3,2,0,True,False,False,True,False,False,False,False,False,False,False,False,False,True,False,False,False,False,False,False,True,False,False,False,False,False,True,False,True,False,False,False,False,False,False,False,True,False,True,False,False,True,True,False,False,False,True,True
51.0,4712,4,0.0,3,4,4,4,384,363,747,4,1,774,456,1230,1,1,1,3,1,3,5,6,0,1946.0,3,1,305,5,5,2,0,57,0,63,121600,0,2.5,120,1977,2,60,56,0,True,False,False,False,False,False,False,True,False,False,False,False,False,False,False,False,False,False,False,True,False,False,False,False,False,True,False,False,False,False,True,False,False,False,False,True,False,True,False,False,False,True,False,False,True,False,True,False
70.97355169442733,10659,5,0.0,3,4,4,4,915,135,1050,4,1,1050,0,1050,1,1,0,3,1,3,6,6,0,1961.0,3,1,368,5,5,2,0,319,0,0,136500,0,2.0,319,2100,1,45,45,0,True,False,False,False,False,False,False,False,False,False,False,True,False,False,False,False,False,False,False,False,True,False,False,False,False,False,True,False,False,False,False,False,True,True,False,True,False,True,False,False,False,True,True,False,False,False,False,True
72.35508680511133,11717,6,571.0,3,4,4,4,0,1442,1442,4,1,1442,0,1442,0,2,0,2,1,3,6,6,1,1970.0,2,2,615,5,5,2,371,0,0,0,185000,3,2.0,0,2884,1,39,39,0,True,False,False,False,False,False,False,False,False,False,False,False,False,False,False,False,False,False,False,False,False,False,False,False,False,False,True,False,False,True,False,False,False,False,True,False,False,True,False,False,False,True,True,False,False,False,True,True
60.0,9786,3,0.0,3,4,4,4,0,1007,1007,1,0,1077,0,1077,0,1,0,3,1,3,6,6,1,1922.0,3,1,210,5,1,1,0,100,48,0,91000,4,1.0,148,2084,1,84,56,0,False,True,False,True,False,False,False,False,False,True,False,False,False,False,False,False,False,False,False,False,True,False,False,False,False,False,True,False,False,False,False,False,True,True,False,True,False,False,False,False,False,True,False,False,True,False,True,True
64.0,6762,7,24.0,2,4,2,0,686,501,1187,0,1,1208,0,1208,1,2,0,2,1,2,6,6,0,2006.0,2,2,632,5,5,2,105,61,0,0,206000,0,3.0,61,2395,1,4,4,0,True,False,False,True,False,False,False,False,False,False,False,False,False,False,False,False,False,False,False,False,True,False,False,False,False,True,False,False,False,False,False,True,False,False,False,False,True,False,True,False,False,True,True,False,False,False,True,True
74.0,10206,3,0.0,3,4,3,3,0,0,0,1,0,944,0,944,0,1,0,2,1,1,4,2,0,1956.0,3,2,528,5,1,2,0,0,0,0,82000,0,1.0,0,944,1,57,57,0,True,False,False,True,False,False,False,False,True,False,False,False,False,False,False,False,False,False,False,False,True,False,False,False,False,False,False,False,False,False,False,False,False,False,False,True,False,False,False,True,True,False,False,False,True,False,True,True
60.0,5400,5,0.0,3,4,1,4,0,691,691,0,1,691,0,691,0,1,0,2,1,0,4,6,0,1920.0,3,1,216,1,5,0,0,20,94,0,86000,0,1.0,114,1382,1,87,57,0,True,False,False,True,False,False,False,False,False,False,False,False,False,False,True,False,False,False,False,False,True,False,False,False,False,True,False,False,False,False,False,False,True,True,False,True,False,False,False,False,False,False,False,False,True,False,True,False
75.0,11957,8,53.0,2,4,2,4,24,1550,1574,0,1,1574,0,1574,0,2,0,3,1,2,7,6,1,2006.0,2,3,824,5,5,2,144,104,0,0,232000,4,2.0,104,3148,1,2,2,0,True,False,False,False,False,False,False,False,False,False,False,False,False,False,False,False,True,False,False,False,False,False,False,False,False,True,False,False,False,False,False,True,False,False,True,False,False,False,True,False,False,True,True,False,False,False,True,True
72.07172846955515,11500,5,164.0,3,4,4,4,0,1680,1680,1,1,1680,0,1680,0,2,0,4,2,3,8,6,0,1976.0,3,2,528,5,5,2,0,0,0,0,136905,0,2.0,0,3360,1,31,31,0,True,False,False,False,False,False,False,False,False,False,False,False,False,False,False,False,False,False,False,True,False,False,True,False,False,True,False,False,False,False,False,True,False,False,True,False,False,True,False,False,False,True,False,False,True,False,True,True
43.0,3182,7,16.0,2,4,2,4,16,1330,1346,0,1,1504,0,1504,0,2,0,1,1,2,7,6,1,2005.0,0,2,457,5,5,2,156,0,0,0,181000,4,2.0,0,2850,1,4,3,0,True,False,False,True,False,False,False,False,False,False,False,False,False,False,False,False,False,False,False,False,True,False,False,False,False,True,False,False,False,False,False,True,False,False,True,False,False,False,True,False,False,True,True,False,False,False,True,True
65.0,8385,5,220.0,2,4,2,0,595,390,985,4,1,985,0,985,0,2,0,3,1,3,6,6,0,1977.0,3,1,328,5,5,2,210,0,0,0,149900,0,2.0,0,1970,1,31,31,0,True,False,False,True,False,False,False,False,False,False,False,False,False,False,False,False,False,False,False,False,True,False,False,False,False,True,False,False,False,True,False,False,False,False,True,False,False,True,False,False,False,True,True,False,False,False,True,True
72.92702667134913,12155,6,0.0,3,4,2,4,1237,420,1657,2,1,1657,0,1657,0,2,0,3,1,3,7,6,1,1970.0,3,2,484,5,5,2,0,0,0,147,163500,3,2.5,147,3314,1,37,37,0,True,False,False,False,False,False,False,False,False,False,False,True,False,False,False,False,False,False,False,False,False,False,False,False,False,True,False,False,False,False,False,False,False,False,False,True,False,True,False,False,False,True,True,False,False,False,True,True
21.0,2217,4,0.0,3,4,4,4,273,0,546,4,1,546,546,1092,0,1,1,3,1,3,6,6,0,1970.0,2,1,286,5,5,2,238,0,0,0,88000,0,1.5,0,1638,2,39,39,0,False,True,False,True,False,False,False,False,False,False,True,False,False,False,False,False,False,False,False,False,True,False,False,False,True,True,False,False,True,False,False,False,False,False,False,True,False,True,False,False,False,True,True,False,False,False,True,True
43.0,12118,7,108.0,2,4,0,2,0,1710,1710,0,1,1710,0,1710,0,2,0,3,1,2,7,6,1,2004.0,0,2,550,5,5,2,100,48,0,180,240000,4,2.0,228,3420,1,5,4,0,True,False,False,False,False,True,False,False,False,False,False,False,False,False,False,False,False,False,False,False,True,False,False,False,False,False,True,False,False,False,False,True,False,False,False,False,True,False,True,False,False,True,True,False,False,False,True,True
60.0,6000,5,0.0,3,1,4,4,0,1008,1008,0,1,1008,0,1522,0,2,0,4,1,3,7,6,0,0.0,1,0,0,3,3,1,0,0,138,0,102000,0,2.0,138,2016,1,80,56,0,True,False,False,True,False,False,False,False,False,False,False,False,False,False,False,False,False,False,False,False,True,False,False,False,False,True,False,False,False,False,False,False,True,True,False,True,False,False,False,False,False,True,False,False,False,False,True,True
115.0,21286,5,0.0,3,4,4,4,0,720,720,4,1,720,551,1271,0,2,0,4,1,3,7,6,1,1948.0,3,1,312,5,5,2,0,0,108,0,135000,4,2.0,108,1991,2,60,58,0,True,False,False,True,False,False,False,False,False,False,False,False,False,False,False,True,False,False,False,False,True,False,False,False,False,True,False,False,False,False,False,False,True,True,False,True,False,True,False,False,False,True,True,False,False,False,True,True
75.0,9825,5,0.0,3,4,3,3,0,0,0,4,0,1664,0,1664,0,2,0,4,2,3,8,6,0,0.0,1,0,0,3,3,2,0,0,0,0,100000,0,2.0,0,1664,1,45,45,0,True,False,False,True,False,False,False,False,True,False,False,False,False,False,False,False,False,False,False,False,True,False,True,False,False,False,True,False,False,False,False,False,False,False,False,True,False,True,False,False,False,True,False,False,False,False,True,True
55.0,10592,6,0.0,3,2,4,4,0,602,602,4,1,900,602,1502,0,1,1,3,1,2,7,6,2,1923.0,3,1,180,5,5,2,96,0,112,53,165000,3,1.5,165,2104,2,84,11,0,True,False,False,True,False,False,False,False,False,False,False,False,False,False,False,False,False,False,False,False,True,False,False,False,True,False,True,False,False,False,False,False,True,True,False,True,False,False,True,False,False,True,False,False,True,False,True,True
60.0,7200,5,0.0,3,4,4,4,247,310,1022,4,0,1022,0,1022,1,1,0,2,1,3,4,1,0,1956.0,3,1,280,5,5,2,0,30,226,0,85000,0,2.0,256,2044,1,99,3,0,False,True,False,True,False,False,False,False,False,False,False,False,False,False,True,False,False,False,False,False,True,False,False,False,False,False,True,False,False,False,True,False,False,False,False,True,False,False,False,False,False,True,False,False,True,False,True,True
60.0,11664,6,206.0,3,4,4,4,336,746,1082,4,1,1082,0,1082,0,1,0,2,1,3,5,6,1,1948.0,3,1,240,5,5,2,0,130,0,0,119200,4,1.0,130,2164,1,59,57,0,True,False,False,True,False,False,False,False,False,False,False,True,False,False,False,False,False,False,False,False,False,False,False,False,False,True,False,False,False,False,True,False,False,False,True,False,False,True,False,False,False,True,False,False,True,False,True,True
70.0,8400,8,0.0,2,4,2,4,643,167,810,0,1,810,855,1665,1,2,1,3,1,2,6,6,0,2001.0,0,2,528,5,5,2,0,45,0,0,227000,0,3.5,45,2475,2,8,8,0,True,False,False,True,False,False,False,False,False,False,False,False,False,False,False,False,False,False,False,False,True,False,False,False,True,True,False,False,False,False,False,True,False,False,False,True,False,False,True,False,False,True,True,False,False,False,True,True
73.0,11883,7,196.0,2,4,2,1,690,814,1504,0,1,1504,0,1504,1,2,0,3,1,2,6,6,1,1996.0,0,2,478,5,5,2,115,66,0,0,203000,3,3.0,66,3008,1,13,13,0,True,False,False,True,False,False,False,False,False,False,False,False,False,False,False,False,False,False,False,False,True,False,False,False,False,False,True,False,False,False,False,True,False,False,True,False,False,False,True,False,False,True,True,False,False,False,True,True
64.64695659871468,5814,8,0.0,2,4,2,0,1036,184,1220,2,1,1360,0,1360,1,1,0,1,1,2,4,6,1,1984.0,2,2,565,5,5,2,63,0,0,0,187500,5,2.0,0,2580,1,25,25,0,True,False,False,False,False,True,False,False,False,False,False,False,False,False,False,False,False,True,False,False,True,False,False,False,False,True,False,False,False,True,False,False,False,False,False,True,False,True,False,False,False,True,True,False,False,False,False,False
71.13677654209793,10784,7,76.0,2,4,2,4,0,384,384,2,1,802,670,1472,0,2,1,3,1,2,7,6,1,1991.0,2,2,402,5,5,2,164,0,0,0,160000,3,2.5,0,1856,2,16,15,0,True,False,False,False,False,False,False,False,False,False,False,False,False,False,False,False,False,False,False,False,True,False,False,False,False,True,False,False,False,True,False,False,False,False,True,False,False,False,True,False,False,True,True,False,False,False,True,True
43.0,3013,7,145.0,2,4,2,1,16,1346,1362,0,1,1506,0,1506,0,2,0,2,1,2,6,6,1,2005.0,0,2,440,5,5,2,142,20,0,0,213490,4,2.0,20,2868,1,1,1,0,True,False,False,True,False,False,False,False,False,False,False,False,False,False,False,False,False,False,False,False,True,False,False,False,False,True,False,False,False,False,False,True,False,False,True,False,False,False,True,False,False,True,True,False,False,False,True,True
60.0,7024,4,0.0,3,4,2,4,1024,108,1132,0,1,1132,0,1132,1,1,1,2,1,2,5,6,0,2005.0,0,2,451,5,5,2,252,64,0,0,176000,0,2.5,64,2264,1,3,3,0,True,False,False,True,False,False,False,False,True,False,False,False,False,False,False,False,False,False,False,False,True,False,False,False,False,True,False,False,False,False,False,True,False,False,False,True,False,False,True,False,False,True,True,False,False,False,True,True
64.0,7406,7,84.0,2,4,2,0,684,515,1199,0,1,1220,0,1220,1,2,0,2,1,2,6,6,0,2006.0,2,2,632,5,5,2,105,54,0,0,194000,0,3.0,54,2419,1,0,0,1,True,False,False,True,False,False,False,False,False,False,False,False,False,False,False,False,False,False,False,False,True,False,False,False,False,True,False,False,False,False,False,True,False,False,False,False,True,False,True,False,False,True,True,False,False,True,False,False
52.0,9439,5,0.0,3,4,4,4,324,588,912,2,1,912,336,1248,0,1,0,2,1,3,6,6,0,1957.0,3,1,160,1,1,2,0,0,192,0,87000,0,1.0,192,2160,2,77,57,0,False,True,False,True,False,False,False,False,False,False,False,False,False,False,True,False,False,False,False,False,True,False,False,False,False,True,False,False,False,False,False,False,True,True,False,True,False,True,False,False,False,False,False,False,True,False,True,True
43.0,3182,7,14.0,2,4,2,4,16,1330,1346,0,1,1504,0,1504,0,2,0,2,1,2,7,6,1,2005.0,0,2,437,5,5,2,156,20,0,0,191000,4,2.0,20,2850,1,3,2,0,True,False,False,True,False,False,False,False,False,False,False,False,False,False,False,False,False,False,False,False,True,False,False,False,False,True,False,False,False,False,False,True,False,False,True,False,False,False,True,False,False,True,True,False,False,False,True,True
77.29231199745178,15498,8,0.0,2,4,2,0,1165,0,1565,4,1,2898,0,2898,1,2,0,2,1,2,10,6,1,1976.0,0,2,665,5,5,2,0,72,174,0,287000,4,3.0,246,4463,1,32,32,0,True,False,False,False,False,False,False,False,False,False,False,False,False,False,False,False,False,False,True,False,True,False,False,False,False,False,True,False,False,False,False,False,False,False,False,True,False,True,False,False,False,True,True,False,False,False,False,False
70.0,7700,5,0.0,3,4,4,4,138,276,882,4,1,882,0,882,1,1,0,3,1,3,5,6,0,1980.0,3,2,461,5,5,2,96,0,0,0,112500,0,2.0,0,1764,1,35,35,0,True,False,False,True,False,False,False,False,False,False,False,False,False,False,False,False,False,False,False,False,True,False,False,False,False,True,False,False,False,False,False,True,False,False,False,True,False,True,False,False,False,True,False,False,True,False,True,True
73.0,9300,5,324.0,3,4,4,4,697,571,1268,4,1,1264,0,1264,1,1,0,3,1,3,6,6,2,1960.0,3,2,461,5,5,2,0,0,0,143,167500,4,2.0,143,2532,1,50,50,0,True,False,False,True,False,False,False,False,False,False,False,True,False,False,False,False,False,False,False,True,False,False,False,False,False,True,False,False,False,False,True,False,False,False,True,False,False,True,False,False,False,True,True,False,False,False,True,True
71.0,9520,8,338.0,2,4,2,1,1513,125,1638,0,1,1646,0,1646,1,2,0,3,1,2,7,6,1,2008.0,2,3,800,5,5,2,192,44,0,0,293077,4,3.0,44,3284,1,1,0,0,True,False,False,False,True,False,False,False,False,False,False,False,False,False,False,False,False,False,True,False,True,False,False,False,False,True,False,False,False,False,False,True,False,False,False,False,True,False,True,False,False,True,True,False,False,True,False,False
79.0,9492,5,0.0,3,4,4,4,368,359,768,4,1,968,408,1376,1,1,0,3,1,3,6,6,1,1941.0,3,1,240,5,5,2,0,0,0,0,105000,4,2.0,0,2144,2,66,57,0,True,False,False,True,False,False,False,False,False,False,False,True,False,False,False,False,False,False,False,False,False,False,False,False,False,True,False,False,False,False,False,False,False,False,False,True,False,True,False,False,False,True,True,False,False,False,True,True
21.0,1680,6,281.0,3,4,4,4,317,355,672,2,1,672,546,1218,0,1,1,3,1,3,7,6,0,1972.0,3,1,264,5,5,2,0,28,0,0,118000,0,2.0,28,1890,2,34,34,0,False,True,False,True,False,False,True,False,False,False,False,False,False,False,False,False,False,False,False,False,True,False,False,True,True,True,False,False,False,True,False,False,False,False,True,False,False,True,False,False,False,True,False,False,True,False,True,True
66.30270945348529,7082,5,0.0,3,4,4,2,0,686,686,2,1,948,980,1928,0,2,0,5,2,3,10,6,0,0.0,1,0,0,3,3,0,0,0,228,0,160000,0,2.0,228,2614,2,90,11,0,False,False,False,True,False,False,False,False,False,False,False,False,False,False,False,False,False,False,False,False,True,True,False,False,True,True,False,False,False,False,False,True,False,False,False,True,False,False,True,False,False,True,False,False,False,False,True,True
102.0,15863,7,0.0,3,4,4,4,523,301,824,0,1,1687,998,3082,1,2,1,5,1,3,12,6,2,1970.0,0,2,672,5,5,2,136,63,0,0,197000,3,3.5,63,3509,2,89,39,0,True,False,False,True,False,False,False,False,False,False,False,False,False,False,False,False,False,False,False,False,True,False,False,False,False,True,False,False,False,False,False,False,True,False,False,True,False,False,False,False,False,True,False,False,False,False,True,True
76.04266256368564,14541,8,0.0,2,2,2,4,1012,326,1338,0,1,1352,1168,2520,1,2,1,5,1,2,10,6,1,1993.0,2,3,796,5,5,2,209,55,0,0,310000,3,3.5,55,3858,2,13,13,0,True,False,False,False,False,False,False,False,False,False,False,False,True,False,False,False,False,False,False,False,True,False,False,False,True,True,False,False,False,False,True,False,False,False,False,True,False,False,True,False,False,True,True,False,False,False,True,False
67.66465758244883,8125,7,295.0,2,4,2,4,986,668,1654,0,1,1654,0,1654,1,2,0,3,1,2,6,6,0,2002.0,3,3,900,5,5,2,0,136,0,0,230000,0,3.0,136,3308,1,4,4,0,True,False,False,True,False,False,False,False,False,False,False,False,False,False,False,False,False,False,False,False,True,False,False,False,False,True,False,False,False,False,False,True,False,False,False,False,True,False,True,False,False,True,True,False,False,False,True,True
50.0,6305,5,0.0,3,2,1,4,0,920,920,0,1,954,0,954,0,1,0,2,1,1,5,6,1,1938.0,3,1,240,1,5,2,0,0,0,0,119750,4,1.0,0,1874,1,69,57,0,True,False,False,True,False,False,False,False,False,False,False,False,False,False,False,False,False,False,False,False,True,False,False,False,False,True,False,False,False,False,True,False,False,False,False,True,False,False,True,False,False,True,False,False,False,False,True,True
72.07172846955515,11500,4,0.0,3,2,3,3,0,0,0,0,0,845,0,845,0,1,0,3,1,3,5,6,0,1957.0,3,1,290,5,5,0,186,0,0,0,84000,0,1.0,0,845,1,52,52,0,True,False,False,False,False,True,False,False,True,False,False,False,False,False,False,False,False,False,False,False,True,False,False,False,False,True,False,False,False,False,False,False,True,True,False,True,False,False,False,True,False,True,False,False,True,False,True,True
89.0,12898,9,70.0,2,4,0,1,1022,598,1620,0,1,1620,0,1620,1,2,0,2,1,0,6,6,1,2008.0,0,3,912,5,5,2,228,0,0,0,315500,5,3.0,0,3240,1,2,1,0,True,False,False,False,True,False,False,False,False,False,False,False,False,False,False,False,False,False,True,False,True,False,False,False,False,False,True,False,False,False,False,True,False,False,False,False,True,False,True,False,False,True,True,False,False,False,True,True
69.12062322367062,9240,8,396.0,2,4,2,4,0,1055,1055,0,1,1055,1208,2263,0,2,1,3,1,2,7,6,1,2001.0,0,2,905,5,5,2,0,45,0,189,287000,3,2.5,234,3318,2,7,6,0,True,False,False,True,False,False,False,False,False,False,False,False,False,False,False,False,False,False,False,False,True,False,False,False,True,True,False,False,False,False,False,True,False,False,True,False,False,False,True,False,False,True,False,True,False,False,True,True
21.0,1533,4,0.0,3,4,4,4,0,546,546,4,1,798,546,1344,0,1,1,3,1,3,6,6,1,0.0,1,0,0,3,3,2,0,0,0,0,97000,3,1.5,0,1890,2,39,1,0,False,True,False,True,False,False,False,False,False,False,True,False,False,False,False,False,False,False,False,False,True,False,False,True,True,True,False,False,True,False,False,False,False,False,False,True,False,True,False,False,False,True,False,False,False,False,True,True
21.0,1477,4,0.0,3,4,2,0,509,121,630,4,1,630,0,630,1,1,0,1,1,3,3,6,0,1970.0,3,1,286,5,5,2,0,0,0,0,80000,0,2.0,0,1260,1,39,39,0,False,True,False,True,False,False,False,False,False,False,True,False,False,False,False,False,False,False,False,False,True,False,False,False,False,True,False,False,True,False,False,False,False,False,False,True,False,True,False,False,False,True,True,False,False,False,True,True
88.0,13125,5,67.0,3,4,4,4,168,284,1134,0,1,1803,0,1803,1,2,0,3,1,3,8,0,1,1957.0,2,2,484,5,5,2,0,0,0,0,155000,3,3.0,0,2937,1,49,6,0,True,False,False,True,False,False,False,False,False,False,False,False,False,False,False,True,False,False,False,False,True,False,False,False,False,True,False,False,False,False,False,False,True,True,False,False,False,True,False,False,False,True,True,False,False,False,True,True
68.97698535772048,9130,6,252.0,3,4,4,4,400,336,800,2,1,800,832,1632,0,1,1,4,1,2,7,6,0,1966.0,3,2,484,5,5,2,0,40,0,0,173000,0,2.0,40,2432,2,42,8,0,True,False,False,True,False,False,False,False,False,False,False,False,False,False,False,False,False,False,False,True,False,False,False,False,True,False,True,False,False,True,False,False,False,False,True,False,False,True,False,False,False,True,True,False,False,False,True,True
34.0,5381,6,135.0,2,4,2,0,900,406,1306,0,1,1306,0,1306,1,2,0,1,1,2,5,6,1,2005.0,2,2,624,5,5,2,170,63,0,0,196000,4,3.0,63,2612,1,4,4,0,True,False,False,False,False,False,False,False,False,False,False,False,False,True,False,False,False,False,False,False,True,False,False,True,False,True,False,False,False,False,False,True,False,False,False,False,True,False,True,False,False,True,True,False,False,False,True,True
86.0,11839,7,99.0,3,4,2,4,1085,390,1475,0,1,1532,797,2329,1,2,1,4,1,2,10,6,1,1990.0,3,2,514,5,5,2,192,121,0,0,262280,5,3.5,121,3804,2,18,18,0,True,False,False,True,False,False,False,False,False,False,False,False,False,False,False,False,False,False,False,False,True,False,False,False,True,False,True,False,False,True,False,False,False,False,True,False,False,False,True,False,False,True,True,False,False,False,True,True
80.0,9600,8,0.0,2,4,2,4,1104,1420,2524,4,1,2524,0,2524,1,2,1,4,1,2,9,6,1,1981.0,0,2,542,5,5,2,474,120,0,0,278000,4,3.5,120,5048,1,28,28,0,True,False,False,True,False,False,False,False,False,False,False,False,False,False,False,False,False,False,False,False,False,False,False,False,False,False,True,True,False,False,False,False,False,False,False,True,False,False,True,False,False,True,True,False,False,False,True,True
74.91836981293051,13680,3,0.0,3,4,3,3,0,0,0,0,1,1733,0,1733,0,2,0,4,1,3,8,3,1,1955.0,3,2,452,5,5,2,0,0,0,0,139600,4,2.0,0,1733,1,54,54,0,True,False,False,False,False,True,False,False,True,False,False,False,False,False,False,False,False,False,False,False,True,False,False,False,False,False,True,False,False,False,False,False,False,True,False,True,False,False,False,True,False,False,True,False,False,False,True,True
85.0,16056,9,208.0,2,4,0,0,240,1752,1992,0,1,1992,876,2868,0,3,1,4,1,0,11,6,1,2005.0,0,3,716,5,5,2,214,108,0,0,556581,4,3.5,108,4860,2,1,0,0,True,False,False,False,False,False,False,False,False,False,False,False,False,False,False,False,False,True,False,False,True,False,False,False,True,False,True,False,True,False,False,False,False,False,False,False,True,False,True,False,False,True,False,True,False,True,False,False
57.0,9245,5,0.0,3,4,2,4,686,304,990,0,1,990,0,990,0,1,0,3,1,3,5,6,0,1996.0,3,2,672,5,5,2,0,0,0,0,145000,0,1.5,0,1980,1,14,13,0,True,False,True,False,False,False,False,False,False,False,False,False,False,False,False,False,False,False,False,False,True,False,False,False,False,True,False,False,False,False,False,True,False,False,False,True,False,False,True,False,False,True,False,False,True,False,True,True
100.0,21750,5,75.0,3,1,3,3,0,0,0,4,1,1771,0,1771,0,1,0,3,1,3,9,2,1,1960.0,3,2,336,5,5,2,0,0,0,0,115000,3,1.0,0,1771,1,49,3,0,True,False,False,True,False,False,False,False,False,False,False,False,False,False,False,False,False,False,False,False,True,False,False,False,False,False,True,False,False,True,False,False,False,False,True,False,False,False,False,True,False,True,True,False,False,False,True,True
60.0,11100,4,0.0,3,4,3,3,0,0,0,0,1,930,0,930,0,1,0,2,1,2,6,6,0,1946.0,3,1,308,5,5,2,0,0,0,0,84900,0,1.0,0,930,1,64,4,0,True,False,False,True,False,False,False,False,True,False,False,False,False,False,False,False,False,False,False,False,True,False,False,False,False,True,False,False,False,False,True,False,False,False,False,True,False,True,False,False,False,True,False,False,True,False,True,False
73.0,8993,7,0.0,2,4,2,0,0,1302,1302,0,1,1302,0,1302,0,2,0,3,1,2,6,6,0,2007.0,0,2,436,5,5,2,0,22,0,0,176485,0,2.0,22,2604,1,0,0,1,True,False,False,False,False,False,False,False,False,False,False,False,False,False,False,False,False,False,False,False,True,False,False,False,False,True,False,False,False,False,False,True,False,False,False,True,False,False,True,False,False,True,True,False,False,True,False,False
103.0,11175,7,0.0,2,4,2,0,0,1316,1316,0,1,1316,0,1316,0,2,0,3,1,2,6,6,1,2007.0,0,2,440,5,5,2,0,20,0,0,200141,4,2.0,20,2632,1,0,0,1,True,False,False,False,False,False,False,False,False,False,False,False,False,False,False,False,False,False,False,False,True,False,False,False,False,True,False,False,False,False,False,True,False,False,False,True,False,False,True,False,False,True,True,False,False,True,False,False
100.0,9500,6,272.0,3,4,4,4,442,374,816,4,1,1127,850,1977,0,1,1,4,1,3,9,6,1,1964.0,2,2,540,5,5,2,0,52,0,0,165000,3,2.0,52,2793,2,43,29,0,True,False,False,True,False,False,False,False,False,False,False,True,False,False,False,False,False,False,False,False,False,False,False,False,True,True,False,False,False,False,False,True,False,False,False,False,False,True,False,False,False,True,True,False,False,False,True,True
68.0,8562,5,145.0,3,4,4,0,383,833,1216,0,1,1526,0,1526,0,1,0,4,1,3,7,3,1,1957.0,3,1,364,5,5,2,116,78,0,0,144500,4,1.0,78,2742,1,53,8,0,True,False,False,True,False,False,False,False,True,False,False,False,False,False,False,False,False,False,False,False,True,False,False,False,False,False,True,False,False,True,False,False,False,False,False,False,True,True,False,False,False,False,False,False,False,False,True,True
90.0,11367,8,210.0,2,4,2,2,932,133,1065,0,1,1091,898,1989,1,2,1,3,1,2,7,6,1,2002.0,0,2,586,5,5,2,199,60,0,0,255000,4,3.5,60,3054,2,4,4,0,True,False,False,True,False,False,False,False,False,False,False,False,False,False,False,False,False,False,False,False,True,False,False,False,True,True,False,False,False,False,False,True,False,False,True,False,False,False,True,False,False,True,True,False,False,False,True,True
104.0,11361,6,160.0,3,4,2,4,644,549,1193,4,1,1523,0,1523,0,2,0,3,1,3,7,6,1,1976.0,0,2,478,5,5,2,0,0,0,189,180000,3,2.5,189,2716,1,32,32,0,True,False,False,True,False,False,False,False,False,False,False,False,False,False,False,False,False,False,False,False,True,False,False,False,False,True,False,False,False,False,False,False,False,False,True,False,False,True,False,False,False,True,True,False,False,False,False,False
43.0,7052,7,240.0,2,4,2,0,659,705,1364,0,1,1364,0,1364,1,2,0,2,1,2,6,6,1,2005.0,2,2,484,5,5,2,192,36,0,0,185850,4,3.0,36,2728,1,1,1,0,True,False,False,False,False,False,False,False,False,False,False,False,False,True,False,False,False,False,False,False,True,False,False,False,False,True,False,False,False,False,False,True,False,False,False,False,True,False,True,False,False,True,True,False,False,False,True,True
96.17546817476872,29959,7,0.0,2,4,2,4,595,378,973,0,1,979,871,1850,0,2,1,3,1,2,7,6,1,1994.0,0,2,467,5,5,2,168,98,0,0,248000,4,2.5,98,2823,2,15,15,0,True,False,True,False,False,False,False,False,False,False,False,False,True,False,False,False,False,False,False,False,True,False,False,False,True,True,False,False,False,True,False,False,False,False,False,True,False,False,True,False,False,True,False,True,False,False,True,True
96.0,11308,9,154.0,0,4,0,0,936,168,1104,0,1,1130,1054,2184,1,2,1,3,1,0,10,6,1,2008.0,0,3,836,5,5,2,0,102,0,0,335000,4,3.5,102,3288,2,1,1,0,True,False,False,False,False,False,False,False,False,False,False,False,False,True,False,False,False,False,False,False,True,False,False,False,True,True,False,False,False,False,False,True,False,False,False,False,True,False,True,False,False,True,True,False,False,False,True,True
71.77792374374806,11275,6,480.0,3,4,4,2,297,0,854,4,1,1096,895,1991,0,1,1,3,1,3,7,6,1,1977.0,3,2,432,5,1,2,0,0,19,0,220000,4,1.5,19,2845,2,75,57,0,True,False,False,False,True,False,False,False,False,False,False,False,False,False,False,False,False,False,False,False,True,False,False,False,False,True,False,False,False,False,True,False,False,False,True,False,False,True,False,False,False,True,False,False,True,False,True,True
41.0,4920,8,0.0,2,4,2,2,616,722,1338,0,1,1338,0,1338,1,2,0,2,1,2,6,6,0,2001.0,0,2,582,5,5,2,0,0,170,0,213500,0,3.0,170,2676,1,9,9,0,True,False,False,True,False,False,False,False,False,False,False,False,False,False,False,False,False,True,False,False,True,False,False,False,False,True,False,False,True,False,False,False,False,False,False,True,False,False,True,False,False,True,True,False,False,False,True,True
120.0,18000,3,0.0,1,4,4,4,0,894,894,4,1,894,0,894,0,1,0,2,1,3,6,6,0,1994.0,2,3,1248,5,5,2,0,20,0,0,81000,0,1.0,20,1788,1,73,58,0,False,False,False,True,False,False,False,False,False,True,False,False,False,False,False,False,False,False,False,False,True,False,False,False,False,True,False,False,False,False,True,False,False,False,False,True,False,True,False,False,False,True,False,False,True,False,False,True
85.0,13600,5,0.0,3,4,4,4,0,662,662,4,0,1422,915,2337,0,2,0,5,2,3,10,3,0,1945.0,3,2,560,5,5,2,0,57,0,0,90000,0,2.0,57,2999,2,107,57,0,False,True,False,True,False,False,False,False,False,False,False,False,False,False,True,False,False,False,False,False,True,True,False,False,True,True,False,False,False,False,False,False,True,True,False,True,False,False,False,False,False,True,False,False,True,False,True,True
50.0,6000,6,0.0,3,2,4,4,397,706,1103,2,1,1103,0,1103,0,1,0,2,1,2,5,6,1,1976.0,3,2,440,5,5,2,166,120,0,0,110500,4,1.0,120,2206,1,81,26,0,False,True,False,True,False,False,False,False,False,False,False,False,False,False,True,False,False,False,False,False,False,False,False,False,False,True,False,False,False,False,True,False,False,False,False,True,False,False,False,False,False,True,False,False,True,False,True,True
71.41882907887273,11000,5,200.0,3,4,4,2,740,184,1154,0,1,1154,0,1154,0,1,1,3,1,3,6,6,1,1966.0,2,2,480,5,5,2,0,58,0,0,154000,1,1.5,58,2308,1,43,43,0,True,False,False,False,False,True,False,False,False,False,False,True,False,False,False,False,False,False,False,False,True,False,False,False,False,True,False,False,False,False,False,False,False,False,True,False,False,True,False,False,False,True,True,False,False,False,True,True
80.0,14000,7,0.0,2,4,0,1,1201,105,1306,0,1,1306,954,2260,1,2,1,3,1,2,7,6,0,1996.0,2,2,533,5,5,2,296,44,0,0,328000,0,3.5,44,3566,2,14,13,0,True,False,False,True,False,False,False,False,False,False,False,False,False,False,False,False,False,False,False,False,True,False,False,False,True,True,False,False,False,False,False,False,True,True,False,True,False,False,True,False,False,True,True,False,False,False,True,True
59.0,7837,6,0.0,2,4,2,4,0,799,799,2,1,799,772,1571,0,2,1,3,1,3,7,6,1,1993.0,2,2,380,5,5,2,0,40,0,0,178000,3,2.5,40,2370,2,16,15,0,True,False,False,False,False,False,False,False,False,False,False,False,False,False,False,False,False,False,False,False,True,False,False,False,True,True,False,False,False,False,False,True,False,False,False,True,False,False,True,False,False,True,True,False,False,False,True,True
80.0,9760,6,360.0,3,4,4,1,674,0,780,4,1,798,813,1611,1,1,1,4,1,3,7,6,0,1964.0,2,2,442,5,5,2,328,128,0,189,167900,0,2.5,317,2391,2,44,44,0,True,False,False,True,False,False,False,False,False,False,False,True,False,False,False,False,False,False,False,False,True,False,False,False,True,True,False,False,False,True,False,False,False,False,True,False,False,True,False,False,False,True,True,False,False,False,True,True
42.0,3964,6,0.0,3,4,2,4,837,105,942,2,1,1291,1230,2521,1,2,1,5,1,3,10,0,1,1973.0,0,2,576,5,5,2,728,20,0,0,151400,4,3.5,20,3463,2,33,33,0,False,True,False,True,False,False,False,False,False,False,True,False,False,False,False,False,False,False,False,False,True,False,False,False,True,True,False,False,True,False,False,False,False,False,False,True,False,True,False,False,False,True,True,False,False,False,True,True
60.0,9600,5,0.0,3,4,4,4,220,625,845,4,1,893,0,893,0,1,0,2,1,2,4,6,0,1985.0,3,2,576,5,5,2,0,0,0,0,135000,0,1.5,0,1738,1,58,4,0,True,False,False,True,False,False,False,False,False,False,False,True,False,False,False,False,False,False,False,False,True,False,False,False,False,True,False,False,False,False,True,False,False,False,False,True,False,True,False,False,False,True,False,False,True,False,True,True
72.0,10152,5,120.0,3,4,4,4,586,462,1048,4,1,1048,0,1048,1,1,0,3,1,3,6,6,0,1956.0,3,1,286,5,5,2,0,20,0,192,135000,0,2.0,212,2096,1,51,51,0,True,False,False,True,False,False,False,False,False,False,False,True,False,False,False,False,False,False,False,False,True,False,False,False,False,False,True,False,False,False,True,False,False,False,True,False,False,True,False,False,False,True,True,False,False,False,True,True
78.0,11700,6,0.0,3,4,4,4,298,429,727,0,1,829,727,1556,0,1,1,4,1,3,8,6,0,1968.0,3,2,441,5,5,2,0,0,0,0,154000,0,1.5,0,2283,2,41,41,0,True,False,False,True,False,False,False,False,False,False,False,False,False,False,False,False,False,False,False,False,False,False,False,False,True,True,False,False,False,False,True,False,False,False,False,True,False,True,False,False,False,True,True,False,False,False,True,True
50.0,7585,5,0.0,3,4,1,2,0,810,810,1,1,1002,454,1456,1,1,0,4,1,3,7,6,1,1954.0,3,1,280,5,5,1,0,0,0,0,91500,3,2.5,0,2266,2,58,56,0,True,False,False,True,False,False,False,False,True,False,False,False,False,False,False,False,False,False,False,False,False,False,False,False,False,True,False,False,False,False,True,False,False,False,False,True,False,True,False,False,False,False,False,False,True,False,True,True
75.0,7950,6,140.0,3,4,4,4,535,155,690,4,1,698,728,1426,0,1,1,3,1,3,6,6,0,1977.0,0,2,440,5,5,2,252,0,0,0,159500,0,1.5,0,2116,2,32,32,0,True,False,False,False,False,False,False,False,True,False,False,False,False,False,False,False,False,False,False,False,True,False,False,False,True,False,True,False,False,True,False,False,False,False,True,False,False,True,False,False,False,True,True,False,False,False,True,True
74.0,8556,7,0.0,2,4,2,0,0,1240,1240,0,1,1240,0,1240,0,2,0,2,1,2,5,6,0,2006.0,2,3,826,5,5,2,140,93,0,0,194000,0,2.0,93,2480,1,1,1,0,True,False,False,True,False,False,False,False,False,False,False,False,False,False,False,False,False,False,False,False,True,False,False,False,False,True,False,False,False,False,False,True,False,False,False,True,False,False,True,False,False,True,True,False,False,False,True,True
75.0,13125,7,0.0,3,4,4,4,410,390,800,4,1,960,780,1740,0,1,1,3,1,3,6,6,2,1940.0,3,1,240,5,5,2,0,0,0,0,219500,4,1.5,0,2540,2,67,23,0,True,False,False,True,False,False,False,False,False,False,False,False,False,False,False,False,False,False,False,False,True,False,False,False,True,True,False,False,False,False,False,False,True,True,False,True,False,True,False,False,False,True,True,False,False,False,False,True
60.0,10800,5,0.0,3,4,1,4,626,170,796,2,1,1096,370,1466,0,2,0,3,1,2,7,2,1,1950.0,3,2,566,5,5,2,436,21,0,0,170000,3,2.5,21,2262,2,70,17,0,True,False,False,True,False,False,False,False,False,False,False,False,False,False,True,False,False,False,False,False,True,False,False,False,False,True,False,False,False,False,False,False,True,True,False,True,False,True,False,False,False,True,True,False,False,False,True,True
77.7780691441195,15870,5,0.0,3,4,4,2,75,230,1096,0,1,1096,0,1096,1,1,0,3,1,3,6,6,0,1969.0,0,1,299,5,5,2,240,32,0,0,138800,0,2.0,32,2192,1,37,37,0,True,False,False,False,False,False,False,False,False,False,False,True,False,False,False,False,False,False,False,False,True,False,False,False,False,True,False,False,False,False,False,True,False,False,False,True,False,True,False,False,False,True,True,False,False,False,True,False
37.0,4435,6,169.0,2,4,2,2,662,186,848,0,1,848,0,848,1,1,0,1,1,2,3,6,1,2004.0,2,2,420,5,5,2,140,0,0,0,155900,4,2.0,0,1696,1,2,2,0,False,True,False,True,False,False,False,False,False,False,False,False,False,False,False,False,False,False,False,False,True,False,False,False,False,True,False,False,False,False,False,True,False,False,True,False,False,False,True,False,False,True,True,False,False,False,True,True
65.0,8775,5,0.0,3,4,2,4,495,495,990,2,1,990,0,990,0,1,0,3,1,3,5,6,0,1996.0,3,1,299,5,5,2,0,64,0,0,126000,0,1.0,64,1980,1,13,13,0,True,False,False,True,False,False,False,False,False,False,False,False,False,False,False,False,False,False,False,False,True,False,False,False,False,True,False,False,False,False,False,True,False,False,False,True,False,False,True,False,False,True,True,False,False,False,True,True
80.0,11040,6,144.0,2,2,4,4,656,602,1258,0,1,1258,0,1258,0,2,0,3,1,2,5,6,0,1971.0,2,2,528,5,5,2,55,0,0,0,145000,0,2.5,216,2516,1,37,4,0,True,False,False,True,False,False,False,False,False,False,False,False,False,False,False,False,False,False,False,False,True,False,False,False,False,True,False,False,False,False,False,True,False,False,True,False,False,True,False,False,False,True,True,False,False,False,False,False
75.0,7500,5,0.0,3,4,4,4,824,216,1040,1,1,1040,0,1040,1,1,1,3,1,3,5,6,0,1963.0,0,1,308,5,5,2,0,0,220,0,133000,0,2.5,220,2080,1,47,47,0,True,False,False,True,False,False,False,False,False,False,False,False,False,False,False,True,False,False,False,True,False,False,False,False,False,True,False,False,False,True,False,False,False,False,False,True,False,True,False,False,False,True,True,False,False,False,True,True
70.0,8749,7,100.0,2,4,2,4,0,1459,1459,0,1,1459,0,1459,0,2,0,3,1,2,6,6,1,2002.0,2,2,527,5,5,2,192,39,0,0,192000,4,2.0,39,2918,1,5,5,0,True,False,False,True,False,False,False,False,False,False,False,False,False,False,False,False,False,False,False,False,True,False,False,False,False,True,False,False,False,False,False,True,False,False,True,False,False,False,True,False,False,True,True,False,False,False,True,True
80.0,8800,6,425.0,3,4,4,4,553,698,1251,4,1,1251,0,1251,1,1,0,3,1,3,6,6,2,1964.0,2,1,461,5,5,2,0,116,0,0,160000,4,2.0,116,2502,1,42,42,0,True,False,False,True,False,False,False,False,False,False,False,True,False,False,False,False,False,False,False,False,True,False,False,False,False,False,True,False,False,True,False,False,False,False,True,False,False,True,False,False,False,True,True,False,False,False,True,True
74.07090640382472,13031,6,0.0,3,4,2,4,592,99,691,2,1,691,807,1498,0,2,1,3,1,3,6,6,1,1995.0,0,2,409,5,5,2,315,44,0,0,187500,3,2.5,44,2189,2,11,10,0,True,False,True,False,False,False,False,False,False,False,False,False,False,False,False,False,False,False,False,False,True,False,False,False,True,True,False,False,False,True,False,False,False,False,False,True,False,False,True,False,False,True,True,False,False,False,True,True
73.0,9069,6,0.0,3,4,2,0,747,189,936,0,1,996,0,996,1,1,0,2,1,2,5,6,0,1992.0,3,2,564,5,5,2,120,0,0,0,147000,0,2.0,0,1932,1,18,18,0,True,False,False,True,False,False,False,False,False,False,False,False,False,False,False,False,False,False,False,False,True,False,False,False,False,True,False,False,False,True,False,False,False,False,False,True,False,False,True,False,False,True,True,False,False,False,True,True
59.632689278273695,1974,4,0.0,3,4,4,4,334,212,546,4,1,546,546,1092,0,1,1,3,1,3,6,6,0,1973.0,2,1,286,5,5,2,120,96,0,0,83500,0,1.5,96,1638,2,37,37,0,False,True,False,True,False,False,False,False,False,False,True,False,False,False,False,False,False,False,False,False,True,False,False,False,True,True,False,False,True,False,False,False,False,False,False,True,False,True,False,False,False,True,True,False,False,False,True,True
85.0,10574,8,0.0,2,4,2,2,0,1082,1082,0,1,1082,871,1953,0,2,1,3,1,2,9,6,1,2005.0,2,3,1043,5,5,2,160,50,0,0,252000,4,2.5,50,3035,2,4,3,0,False,False,False,True,False,False,False,False,False,False,False,False,False,False,False,False,True,False,False,False,True,False,False,False,True,True,False,False,False,False,False,True,False,False,False,True,False,False,True,False,False,True,True,False,False,False,True,True
24.0,2522,7,50.0,2,4,2,4,0,970,970,0,1,970,739,1709,0,2,0,3,1,2,7,0,0,2004.0,3,2,380,5,5,2,0,40,0,0,137500,0,2.0,40,2679,2,2,2,0,False,True,False,True,False,False,False,False,True,False,False,False,False,False,False,False,False,False,False,False,True,False,False,True,True,True,False,False,False,False,False,True,False,False,False,False,True,False,True,False,False,True,False,False,True,False,True,True
37.0,3316,8,0.0,2,4,2,4,1039,208,1247,0,1,1247,0,1247,1,1,1,1,1,2,4,6,1,2005.0,0,2,550,5,5,2,0,84,0,0,197000,4,2.5,84,2494,1,1,1,0,False,False,False,False,False,False,False,False,False,False,False,False,False,False,False,False,True,False,False,False,True,False,False,False,False,True,False,False,False,False,True,False,False,False,False,True,False,False,True,False,False,True,True,False,False,False,True,True
60.0,8544,3,0.0,3,4,3,3,0,0,0,1,0,1040,0,1040,0,2,0,2,2,3,6,6,0,1987.0,3,2,400,5,5,2,0,0,0,0,92900,0,2.0,0,1040,1,59,59,0,True,False,False,True,False,False,False,False,False,False,False,True,False,False,False,False,False,False,False,False,True,False,True,False,False,True,False,False,False,False,False,False,False,False,False,True,False,False,False,True,False,False,False,False,True,False,True,True
24.0,2160,7,212.0,2,4,2,4,510,90,600,0,1,624,628,1252,1,2,1,2,1,2,4,6,0,1999.0,3,2,462,5,5,2,0,48,0,0,160000,0,3.5,48,1852,2,9,8,0,False,False,False,True,False,False,False,False,False,False,False,False,False,False,False,False,True,False,False,False,True,False,False,True,True,True,False,False,False,False,True,False,False,False,True,False,False,False,True,False,False,True,False,False,True,False,True,True
60.0,8400,6,0.0,3,4,4,4,423,758,1181,1,1,1390,304,1694,0,2,0,4,1,3,7,6,1,1925.0,3,2,576,5,5,2,342,0,128,0,136500,4,2.0,128,2875,2,83,58,0,True,False,False,True,False,False,False,False,False,False,False,False,False,False,False,False,False,False,False,False,True,False,False,False,False,True,False,False,False,False,True,False,False,False,False,True,False,False,True,False,False,True,False,False,True,False,True,True
71.0,9230,5,166.0,3,4,4,2,661,203,864,2,1,1200,0,1200,1,1,1,1,1,2,6,6,0,1977.0,3,2,884,5,5,2,0,64,0,0,146000,0,2.5,64,2064,1,41,8,0,True,False,False,True,False,False,False,False,False,False,False,True,False,False,False,False,False,False,False,True,False,False,False,False,False,False,True,False,False,False,True,False,False,False,True,False,False,True,False,False,False,True,False,False,True,False,True,True
74.0,5868,5,0.0,3,4,4,4,248,448,936,0,1,936,0,936,1,1,0,2,1,3,4,6,0,1956.0,0,1,308,5,5,2,0,0,80,160,129000,0,2.0,240,1872,1,54,10,0,True,False,False,True,False,False,False,False,False,False,False,True,False,False,False,False,False,False,False,False,True,False,False,False,False,True,False,False,False,False,True,False,False,False,False,True,False,True,False,False,False,True,True,False,False,False,True,True
78.0,9317,6,0.0,2,4,2,4,24,1290,1314,2,1,1314,0,1314,0,2,0,3,1,2,6,6,1,2006.0,2,2,440,5,5,2,0,22,0,0,176432,4,2.0,22,2628,1,1,1,0,True,False,False,False,False,False,False,False,False,False,False,False,False,False,False,False,False,False,False,False,True,False,False,False,False,True,False,False,False,False,False,True,False,False,False,True,False,False,True,False,False,True,True,False,False,False,True,True
60.0,6882,6,0.0,3,4,4,4,0,684,684,4,1,773,582,1355,0,1,1,3,1,2,7,6,0,0.0,1,0,0,3,3,2,136,0,115,0,127000,0,1.5,115,2039,2,93,1,0,False,True,False,True,False,False,False,False,False,True,False,False,False,False,False,False,False,False,False,False,True,False,False,False,True,True,False,False,False,False,False,False,True,True,False,True,False,False,True,False,False,True,False,False,False,False,True,True
61.88127477978395,3696,8,0.0,2,4,2,4,0,1074,1074,0,1,1088,0,1088,0,1,1,2,1,2,5,6,0,1987.0,2,2,461,5,5,2,0,74,137,0,170000,0,1.5,211,2162,1,21,21,0,True,False,False,True,False,False,False,False,False,False,False,False,False,False,False,False,False,True,False,False,True,False,False,False,False,True,False,False,False,True,False,False,False,False,False,True,False,True,False,False,False,True,True,False,False,False,True,True
50.0,6000,4,0.0,3,4,4,4,672,0,672,4,1,757,567,1324,0,1,0,3,1,3,6,6,0,1936.0,3,1,240,5,5,2,0,0,0,0,128000,0,1.0,0,1996,2,73,59,0,False,True,False,True,False,False,False,True,False,False,False,False,False,False,False,False,False,False,False,False,True,False,False,False,False,True,False,False,False,False,True,False,False,False,False,True,False,False,False,False,False,True,False,False,True,False,True,True
82.0,11880,7,206.0,3,4,2,4,704,567,1271,4,1,1601,0,1601,0,2,0,3,1,3,7,6,1,1978.0,2,2,478,5,5,2,0,0,0,0,157000,3,2.0,0,2872,1,31,31,0,True,False,False,False,False,False,False,False,False,False,False,False,False,False,False,False,False,False,False,False,False,False,False,False,False,True,False,False,False,False,False,False,False,False,True,False,False,True,False,False,False,True,True,False,False,False,False,False
60.0,8400,2,0.0,3,4,4,4,290,0,290,4,0,438,0,438,0,1,0,1,1,1,3,6,0,1930.0,3,1,246,5,5,0,0,0,0,0,60000,0,1.0,0,728,1,89,59,0,True,False,False,True,False,False,False,False,False,False,False,False,False,False,False,False,False,False,False,False,True,False,False,False,False,True,False,False,False,False,False,False,True,True,False,True,False,True,False,False,True,False,False,False,True,False,True,True
61.0,9758,5,0.0,3,4,4,4,412,251,950,4,1,950,0,950,0,1,0,3,1,3,5,6,0,1981.0,3,1,280,5,5,2,0,0,0,0,119500,0,1.0,0,1900,1,36,36,0,True,False,False,False,False,False,False,False,False,False,False,True,False,False,False,False,False,False,False,False,True,False,False,False,False,True,False,False,False,True,False,False,False,False,False,True,False,True,False,False,False,True,False,False,True,False,True,True
70.0,7000,5,45.0,3,4,4,4,588,422,1010,0,1,1134,0,1134,0,1,0,2,1,3,6,6,0,1960.0,2,1,254,5,5,2,0,16,0,0,135000,0,1.0,16,2144,1,47,5,0,True,False,False,True,False,False,False,False,False,False,False,True,False,False,False,False,False,False,False,False,True,False,False,False,False,True,False,False,False,False,False,False,True,True,True,False,False,True,False,False,False,True,True,False,False,False,True,False
79.0,8910,6,0.0,3,4,4,2,655,0,655,0,1,1194,0,1194,0,1,0,3,1,3,6,6,1,1954.0,0,2,539,5,5,2,0,0,192,0,159500,2,1.5,192,1849,1,47,47,0,True,False,False,True,False,False,False,False,False,False,False,True,False,False,False,False,False,False,False,False,True,False,False,False,False,False,True,False,False,False,False,False,False,False,False,True,False,True,False,False,False,True,False,True,False,False,True,True
24.0,2016,5,304.0,3,4,4,4,0,630,630,4,1,630,672,1302,0,2,1,3,1,3,6,6,0,1970.0,3,2,440,5,5,2,0,0,0,0,106000,0,2.5,0,1932,2,37,37,0,False,True,False,True,False,False,True,False,False,False,False,False,False,False,False,False,False,False,False,False,True,False,False,False,True,True,False,False,False,True,False,False,False,False,True,False,False,True,False,False,False,True,False,False,True,False,True,True
98.0,12256,8,362.0,2,4,0,0,1032,431,1463,0,1,1500,1122,2622,1,2,1,3,1,2,9,6,2,1994.0,2,2,712,5,5,2,186,32,0,0,325000,3,3.5,32,4085,2,16,15,0,True,False,False,False,False,False,False,False,False,False,False,False,True,False,False,False,False,False,False,False,True,False,False,False,True,True,False,False,False,True,False,False,False,False,True,False,False,False,True,False,False,True,True,False,False,False,True,True
114.0,10357,7,0.0,2,4,2,2,738,172,910,2,1,1442,0,1442,1,2,0,3,1,2,6,6,1,1990.0,0,2,719,5,5,2,0,244,0,0,179900,3,3.0,244,2352,1,17,16,0,True,False,False,False,False,False,False,False,False,False,False,False,False,False,False,False,False,False,False,True,False,False,False,False,False,False,True,False,False,True,False,False,False,False,False,True,False,False,True,False,False,True,True,False,False,False,True,True
168.0,23257,7,0.0,2,4,0,4,0,868,868,0,1,887,1134,2021,0,2,1,3,1,2,9,6,1,2006.0,2,2,422,5,5,2,0,100,0,0,274725,4,2.5,100,2889,2,0,0,1,True,False,False,False,True,True,False,False,False,False,False,False,False,False,False,False,False,False,False,False,True,False,False,False,True,True,False,False,False,False,False,True,False,False,False,True,False,False,True,False,False,True,False,True,False,True,False,False
67.5836980580042,8063,6,0.0,3,4,2,4,0,924,924,0,1,948,742,1690,0,2,1,3,1,3,7,6,1,2000.0,2,2,463,5,5,2,100,48,0,0,181000,3,2.5,48,2614,2,7,7,0,True,False,False,True,False,False,False,False,False,False,False,False,False,False,False,False,False,False,False,False,True,False,False,False,True,True,False,False,False,False,False,True,False,False,False,True,False,False,True,False,False,True,True,False,False,False,True,False
107.0,11362,8,42.0,2,4,0,2,1039,797,1836,0,1,1836,0,1836,1,2,0,3,1,2,7,6,1,2004.0,0,3,862,5,5,2,125,185,0,0,280000,4,3.0,185,3672,1,5,4,0,True,False,False,False,False,False,False,False,False,False,False,False,False,True,False,False,False,False,False,False,True,False,False,False,False,True,False,False,False,False,True,False,False,False,False,False,True,False,True,False,False,True,True,False,False,False,True,True
67.50143273477822,8000,6,0.0,3,4,2,4,219,554,773,2,1,773,885,1658,1,2,1,3,1,3,8,6,1,1995.0,0,2,431,5,5,2,224,84,0,0,188000,3,3.5,84,2431,2,13,12,0,True,False,False,True,False,False,False,False,False,False,False,False,False,False,False,False,False,False,False,False,True,False,False,False,True,True,False,False,False,True,False,False,False,False,False,True,False,False,True,False,False,True,True,False,False,False,True,True
80.0,10480,7,660.0,3,4,4,4,403,400,803,4,1,1098,866,1964,0,2,1,4,1,3,8,6,1,1976.0,2,2,483,5,5,2,0,69,0,0,205000,4,2.5,69,2767,2,32,32,0,True,False,False,True,False,False,False,False,False,False,False,False,False,False,False,False,False,False,False,False,True,False,False,False,True,False,True,False,False,False,False,False,False,False,True,False,False,True,False,False,False,True,True,False,False,False,True,True
73.0,7100,5,0.0,3,4,4,4,708,108,816,4,1,816,0,816,1,1,0,2,1,3,5,6,0,1957.0,3,1,308,5,5,2,0,0,0,0,129900,0,2.0,0,1632,1,49,49,0,True,False,False,False,False,False,False,False,False,False,False,True,False,False,False,False,False,False,False,False,True,False,False,False,False,True,False,False,False,False,False,False,False,False,False,True,False,True,False,False,False,False,False,False,True,False,True,True
66.0,8923,5,0.0,3,4,4,4,643,365,1008,2,1,1008,0,1008,1,1,0,2,1,2,6,6,0,1953.0,3,1,240,5,5,2,0,18,0,0,134500,0,2.0,18,2016,1,54,1,0,True,False,False,True,False,False,False,False,False,False,False,True,False,False,False,False,False,False,False,False,True,False,False,False,False,True,False,False,False,False,False,False,True,True,False,True,False,True,False,False,False,True,True,False,False,False,True,True
90.0,5400,5,0.0,3,2,4,4,415,418,833,0,1,833,0,833,0,1,0,2,1,2,4,6,0,1955.0,3,1,326,5,5,2,0,0,0,0,117000,0,1.0,0,1666,1,52,6,0,True,False,False,True,False,False,False,False,False,False,False,False,False,False,True,False,False,False,False,False,True,False,False,False,False,True,False,False,False,False,True,False,False,False,False,True,False,True,False,False,False,True,False,False,True,False,True,True
93.0,12085,8,328.0,2,4,0,4,1004,730,1734,0,1,1734,0,1734,1,2,0,3,1,0,7,6,1,2007.0,2,3,928,5,5,2,0,0,0,0,318000,4,3.0,0,3468,1,0,0,1,True,False,False,True,False,False,False,False,False,False,False,False,False,True,False,False,False,False,False,False,True,False,False,False,False,False,True,False,False,False,False,True,False,False,False,False,True,False,True,False,False,True,True,False,False,True,False,False
67.17498303943701,7750,8,0.0,2,4,2,4,353,55,408,0,1,779,640,1419,1,2,1,3,1,2,7,6,1,2002.0,0,2,527,5,5,2,120,0,0,0,184100,3,3.5,0,1827,2,7,7,0,True,False,False,True,False,False,False,False,False,False,False,False,False,False,False,False,False,False,False,False,True,False,False,False,False,False,True,False,False,False,False,True,False,False,False,True,False,False,True,False,False,True,False,True,False,False,True,True
57.0,9764,5,0.0,3,4,4,4,702,192,894,0,1,894,0,894,1,1,0,3,1,2,5,6,0,1967.0,2,2,450,5,5,2,0,0,0,0,130000,0,2.0,0,1788,1,41,5,0,True,False,False,False,False,False,False,False,False,False,False,False,False,False,False,True,False,False,False,True,False,False,False,False,False,True,False,False,False,False,False,True,False,False,False,True,False,True,False,False,False,True,True,False,False,False,True,True
85.0,13825,5,0.0,3,2,4,4,0,533,533,4,1,1021,580,1601,0,1,0,3,1,3,6,3,0,1958.0,2,1,300,5,5,2,280,34,0,0,140000,0,1.5,34,2134,2,50,21,0,True,False,False,True,False,False,False,False,False,False,False,False,False,False,False,True,False,False,False,False,True,False,False,False,False,True,False,False,False,False,True,False,False,False,False,True,False,True,False,False,False,True,False,True,False,False,True,True
70.0,7560,5,0.0,3,4,4,4,369,671,1040,4,1,1040,0,1040,0,1,0,3,1,3,6,6,0,1959.0,2,1,286,5,5,2,140,0,252,0,133700,0,1.0,252,2080,1,47,47,0,True,False,False,True,False,False,False,False,False,False,False,True,False,False,False,False,False,False,False,False,True,False,False,False,False,True,False,False,False,False,False,False,False,True,False,True,False,True,False,False,False,False,True,False,False,False,True,True
59.0,8263,6,0.0,3,4,4,4,0,1012,1012,4,1,1012,0,1012,0,1,0,2,1,3,6,6,1,1920.0,3,1,308,5,5,2,0,22,112,0,118400,4,1.0,134,2024,1,87,57,0,False,True,False,True,False,False,False,False,False,True,False,False,False,False,False,False,False,False,False,False,True,False,False,False,False,True,False,False,False,False,False,False,False,False,False,True,False,False,False,False,False,False,False,False,True,False,True,True
84.0,10084,7,196.0,2,4,2,0,24,1528,1552,0,1,1552,0,1552,0,2,0,3,1,2,7,6,0,2005.0,2,3,782,5,5,2,144,20,0,0,212900,0,2.0,20,3104,1,1,0,0,True,False,False,True,False,False,False,False,False,False,False,False,False,False,False,False,False,False,False,False,True,False,False,False,False,True,False,False,False,False,False,True,False,False,True,False,False,False,True,False,False,True,True,False,False,True,False,False
68.71060240632205,8926,4,0.0,3,4,4,4,0,672,672,0,1,960,0,960,0,1,0,3,1,3,5,6,0,1956.0,3,1,288,5,5,2,64,0,0,160,112000,0,1.0,160,1632,1,53,53,0,True,False,False,False,False,False,False,False,True,False,False,False,False,False,False,False,False,False,False,False,True,False,False,False,False,True,False,False,False,False,False,False,False,False,False,True,False,True,False,False,False,False,False,False,False,False,False,False
50.0,9405,5,0.0,3,0,4,4,0,698,698,0,1,698,0,698,0,1,0,2,1,3,4,6,0,0.0,1,0,0,3,3,2,0,200,0,0,118000,0,1.5,200,1396,1,62,1,0,True,False,False,True,False,False,False,False,True,False,False,False,False,False,False,False,False,False,False,False,True,False,False,False,False,False,True,False,False,False,False,True,False,False,False,True,False,True,False,False,False,True,False,False,False,False,True,True
68.97045636381367,9125,7,170.0,3,4,2,4,0,384,384,2,1,812,670,1482,0,2,1,3,1,2,7,6,1,1992.0,0,2,392,5,5,2,100,25,0,0,163900,3,2.5,25,1866,2,15,15,0,True,False,False,False,False,False,False,False,False,False,False,False,False,False,False,False,False,False,False,False,True,False,False,False,False,True,False,False,False,True,False,False,False,False,True,False,False,False,True,False,False,True,True,False,False,False,True,True
60.0,10434,4,0.0,3,4,4,4,0,1005,1005,4,1,1005,0,1005,0,1,0,2,1,1,5,6,1,1977.0,3,2,672,1,1,2,0,0,0,0,115000,3,1.0,0,2010,1,54,54,0,True,False,False,True,False,False,False,False,False,False,False,True,False,False,False,False,False,False,False,False,True,False,False,False,False,True,False,False,False,False,False,False,False,False,False,True,False,True,False,False,False,True,False,False,True,False,True,True
53.0,3684,7,130.0,2,4,2,4,0,1373,1373,0,1,1555,0,1555,0,2,0,2,1,2,7,6,1,2007.0,0,3,660,5,5,2,143,20,0,0,174000,3,2.0,20,2928,1,2,2,0,True,False,False,True,False,False,False,False,False,False,False,False,False,False,False,False,False,False,False,False,True,False,False,False,False,False,True,False,False,False,False,True,False,False,True,False,False,False,True,False,False,True,True,False,False,False,True,True
182.0,14572,7,0.0,2,4,2,0,1300,230,1530,0,1,1530,0,1530,1,2,0,3,1,2,7,6,1,2004.0,0,3,630,5,5,2,144,36,0,0,259000,4,3.0,36,3060,1,3,3,0,True,False,False,False,False,False,False,False,False,False,False,False,False,False,False,False,False,False,False,False,True,False,False,False,False,False,True,False,False,False,False,True,False,False,False,True,False,False,True,False,False,True,True,False,False,False,True,False
59.0,11796,7,0.0,2,4,2,0,0,847,847,0,1,847,1112,1959,0,2,1,4,1,2,8,6,1,2004.0,0,2,434,5,5,2,100,48,0,0,215000,4,2.5,48,2806,2,3,2,0,True,False,False,False,False,False,False,False,False,False,False,False,False,False,False,False,False,False,False,False,True,False,False,False,True,True,False,False,False,False,False,True,False,False,False,True,False,False,True,False,False,True,False,True,False,False,True,True
60.0,7200,5,180.0,3,4,2,1,936,0,936,4,1,936,0,936,1,1,0,2,1,3,4,6,0,1980.0,3,2,672,5,5,2,49,0,0,0,140000,0,2.0,0,1872,1,27,27,0,False,True,False,True,False,False,False,False,False,False,False,False,False,False,True,False,False,False,False,False,True,False,True,False,False,True,False,False,False,False,True,False,False,False,True,False,False,True,False,False,False,True,False,False,True,False,True,True
65.0,7804,4,0.0,3,4,4,4,622,500,1122,4,1,1328,653,1981,1,2,0,4,1,2,7,3,2,1981.0,3,2,576,5,5,2,431,44,0,0,135000,3,3.0,44,3103,2,81,59,0,True,False,False,True,False,False,False,False,False,False,False,False,False,False,False,False,False,False,False,False,True,False,False,False,False,True,False,False,False,False,False,False,False,False,False,True,False,False,False,False,False,True,False,False,True,False,True,True
63.0,10712,5,0.0,3,4,2,2,212,762,974,4,1,974,0,974,0,1,0,3,1,3,5,6,0,0.0,1,0,0,3,3,2,0,28,0,0,93500,0,1.0,28,1948,1,16,15,0,True,False,False,True,False,False,False,False,False,False,False,False,False,False,False,False,False,False,False,False,True,False,False,False,False,True,False,False,False,True,False,False,False,False,False,True,False,False,True,False,False,True,False,False,False,False,False,False
90.0,9900,6,0.0,3,4,4,2,0,1008,1008,4,1,1178,1032,2210,0,2,0,5,1,1,8,6,0,1930.0,3,1,205,1,5,0,0,48,0,0,117500,0,2.0,48,3218,2,127,57,0,False,True,False,True,False,False,False,False,False,False,False,False,False,False,True,False,False,False,False,False,True,False,False,False,True,True,False,False,False,False,False,False,True,True,False,True,False,False,False,False,False,True,False,False,True,False,True,True
80.0,9828,8,0.0,2,4,2,4,584,544,1128,0,1,1142,878,2020,0,2,1,3,1,2,8,6,1,1995.0,2,2,466,5,5,2,0,155,0,0,239500,3,2.5,155,3148,2,14,14,0,True,False,False,False,False,False,False,False,False,False,False,False,False,False,False,False,False,False,False,False,True,False,False,False,True,True,False,False,False,False,False,True,False,False,False,True,False,False,True,False,False,True,True,False,False,False,True,True
57.0,8773,6,0.0,3,4,2,0,0,916,916,2,1,916,684,1600,0,2,1,3,1,3,7,6,1,1997.0,0,2,460,5,5,2,100,38,0,0,169000,3,2.5,38,2516,2,10,10,0,True,False,False,False,True,False,False,False,False,False,False,False,False,False,False,False,False,False,False,False,True,False,False,False,True,True,False,False,False,False,False,True,False,False,False,True,False,False,True,False,False,True,True,False,False,False,True,True
60.0,6180,6,0.0,3,4,4,4,0,960,960,4,0,986,0,986,0,1,0,2,1,3,5,6,1,1926.0,3,1,180,5,5,2,0,128,0,0,102000,4,1.0,128,1946,1,81,57,0,False,True,False,True,False,False,False,True,False,False,False,False,False,False,False,False,False,False,False,False,True,False,False,False,False,True,False,False,False,False,False,False,True,True,False,True,False,False,False,False,False,True,False,False,True,False,True,True
80.0,9600,6,0.0,3,4,4,4,280,752,1032,4,1,1032,220,1252,0,1,0,3,1,3,6,6,0,1950.0,3,1,288,5,5,2,0,0,96,0,119000,0,1.0,96,2284,2,58,58,0,True,False,False,True,False,False,False,False,False,False,False,True,False,False,False,False,False,False,False,False,True,False,False,False,False,True,False,False,False,False,False,True,False,False,False,True,False,True,False,False,False,False,True,False,False,False,True,False
54.0,6342,5,0.0,3,2,4,4,0,780,780,2,0,780,240,1020,0,1,0,2,1,3,6,6,0,0.0,1,0,0,3,3,0,0,0,176,0,94000,0,1.0,176,1800,2,135,14,0,True,False,False,True,False,False,False,False,False,False,False,False,False,False,False,True,False,False,False,True,False,False,False,False,False,True,False,False,False,False,False,True,False,False,False,True,False,True,False,False,False,True,False,False,False,False,True,True
69.87668071808086,9819,6,0.0,3,4,4,1,1567,0,1567,4,1,1567,0,1567,1,2,0,2,1,2,5,6,2,1977.0,2,2,714,5,5,2,264,32,0,0,196000,3,3.0,32,3134,1,32,32,0,True,False,False,False,False,False,False,False,False,False,False,False,False,False,False,False,False,False,False,False,True,False,False,False,False,True,False,False,False,False,False,False,False,False,False,True,False,False,True,False,False,True,True,False,False,False,True,True
98.0,8731,5,0.0,3,1,4,4,645,270,915,4,1,1167,0,1167,0,1,0,3,1,3,6,0,1,1972.0,3,2,495,5,5,2,0,0,216,126,144000,4,1.0,342,2082,1,87,57,0,True,False,False,False,False,False,False,True,False,False,False,False,False,False,False,False,False,False,False,False,True,False,False,False,False,True,False,False,False,False,False,False,False,False,False,True,False,False,False,False,False,True,False,False,True,False,True,True
60.0,7350,5,0.0,3,4,4,2,852,100,952,4,1,952,0,952,1,1,0,2,1,3,4,6,0,1988.0,3,2,840,5,5,2,0,0,0,0,139000,0,2.0,0,1904,1,57,57,0,True,False,False,True,False,False,False,False,False,False,False,True,False,False,False,False,False,False,False,False,True,False,False,False,False,True,False,False,False,True,False,False,False,False,False,True,False,True,False,False,False,True,False,False,True,False,False,False
70.5099931270428,10304,5,44.0,3,2,4,4,381,399,780,0,1,1088,780,1868,1,2,1,4,1,2,9,6,1,1976.0,3,2,484,5,5,2,448,96,0,0,197500,3,3.5,96,2648,2,33,33,0,True,False,False,False,False,True,False,False,False,False,False,False,False,False,False,False,False,False,False,False,False,False,False,False,True,True,False,False,False,False,False,False,False,False,True,False,False,True,False,False,False,True,True,False,False,False,True,True
77.0,9965,8,340.0,2,4,0,1,1150,316,1466,0,1,1466,1362,2828,1,3,0,4,1,2,11,6,1,2006.0,2,3,1052,5,5,2,125,144,0,0,424870,3,4.0,144,4294,2,1,0,0,True,False,False,True,False,False,False,False,False,False,False,False,False,False,False,False,False,False,False,False,True,False,False,False,True,False,True,False,False,False,False,True,False,False,False,False,True,False,True,False,False,True,False,True,False,True,False,False
68.80723151614305,9000,5,0.0,3,4,4,4,288,718,1006,4,1,1006,0,1006,0,1,0,3,1,3,5,6,0,0.0,1,0,0,3,3,2,0,24,0,0,80000,0,1.0,24,2012,1,49,49,0,True,False,False,True,False,False,False,False,False,False,False,False,False,False,False,True,False,False,False,False,True,False,False,False,False,True,False,False,False,False,False,False,True,False,False,True,False,True,False,False,False,True,False,False,False,False,True,True
60.0,12180,4,0.0,3,1,2,4,348,324,672,1,0,672,252,924,1,1,0,2,1,1,5,6,0,1941.0,3,1,280,5,5,2,0,0,0,0,80000,0,2.0,0,1596,2,69,60,0,True,False,False,True,False,False,False,False,True,False,False,False,False,False,False,False,False,False,False,False,True,True,False,False,False,True,False,False,False,False,True,False,False,False,False,True,False,False,False,False,False,False,False,False,True,False,True,True
52.0,6240,5,0.0,3,4,4,4,0,1042,1042,0,1,1042,534,1576,0,1,0,3,1,3,8,6,1,1928.0,3,1,225,5,5,2,0,0,0,0,149000,4,1.0,0,2618,2,78,56,0,False,True,False,True,False,False,False,True,False,False,False,False,False,False,False,False,False,False,False,False,True,False,False,False,False,True,False,False,False,False,True,False,False,False,False,True,False,False,False,False,False,True,False,False,True,False,True,False
71.6799888351457,11200,6,85.0,2,4,2,4,1258,40,1298,4,1,1298,0,1298,1,2,0,3,1,2,5,6,1,1985.0,3,2,403,5,5,2,165,26,0,0,180000,3,3.0,26,2596,1,21,21,0,True,False,False,True,False,False,False,False,False,False,False,False,False,False,False,False,False,False,False,False,True,False,False,False,False,True,False,False,False,False,False,False,True,False,True,False,False,True,False,False,False,True,True,False,False,False,True,True
75.0,12000,7,0.0,3,4,4,4,275,429,704,0,1,860,704,1564,0,1,1,3,1,1,7,6,1,1941.0,3,1,234,5,5,2,0,0,0,0,174500,4,1.5,0,2268,2,68,59,0,True,False,False,True,False,False,False,False,False,False,False,False,False,False,False,False,False,False,False,False,True,False,False,False,True,True,False,False,False,False,True,False,False,False,False,True,False,True,False,False,False,True,True,False,False,False,True,True
64.49809553763909,5700,7,0.0,3,4,4,4,0,572,572,4,1,572,539,1111,0,1,0,2,1,3,5,6,1,1982.0,3,1,288,5,5,2,0,0,176,0,116900,4,1.0,176,1683,2,82,58,0,False,True,False,True,False,False,False,False,False,False,False,False,False,False,True,False,False,False,False,False,True,False,False,False,False,True,False,False,False,False,False,False,True,True,False,True,False,False,True,False,False,True,False,False,True,False,True,True
50.0,9000,7,0.0,3,2,4,4,624,26,650,0,1,832,650,1482,0,1,0,3,1,3,7,6,0,1930.0,3,2,324,5,5,2,0,0,0,0,143000,0,1.5,0,2132,2,89,21,0,False,True,False,True,False,False,False,False,False,False,False,False,False,False,True,False,False,False,False,False,False,False,False,False,True,False,True,False,False,False,False,True,False,False,False,True,False,False,True,False,False,True,False,False,True,False,True,True
57.0,8280,6,0.0,3,4,4,4,0,932,932,0,1,932,0,932,0,1,0,2,1,2,4,6,1,1950.0,3,1,306,5,5,2,0,0,214,0,124000,4,1.0,214,1864,1,57,57,0,True,False,False,False,False,False,False,False,False,False,False,True,False,False,False,False,False,False,False,False,True,False,False,False,False,True,False,False,False,False,False,False,False,False,False,True,False,True,False,False,False,False,True,False,False,False,True,True
134.0,17755,5,132.0,3,4,4,4,176,1290,1466,4,1,1466,0,1466,0,1,1,3,1,1,6,6,2,1959.0,0,2,528,5,5,2,0,140,0,100,149900,4,1.5,240,2932,1,47,47,0,True,False,False,True,False,False,False,False,True,False,False,False,False,False,False,False,False,False,False,False,True,False,False,False,False,True,False,False,False,True,False,False,False,False,True,False,False,True,False,False,False,True,True,False,False,False,True,True
90.0,14115,6,0.0,3,4,4,4,296,230,1073,0,1,1811,0,1811,0,1,0,2,1,0,6,6,1,1956.0,0,2,470,5,5,2,0,0,280,0,230000,4,1.0,280,2884,1,50,2,0,True,False,False,False,False,False,False,False,False,False,False,False,False,False,False,False,False,False,False,False,True,False,False,False,False,True,False,False,False,False,False,False,False,False,False,True,False,False,True,False,False,True,True,False,False,False,True,False
64.74619730609841,5890,6,0.0,2,2,4,0,538,278,816,0,1,816,0,816,0,1,0,2,1,3,5,6,0,2002.0,3,1,432,5,5,2,0,0,96,0,120500,0,1.0,96,1632,1,78,1,0,False,True,False,True,False,False,False,False,False,True,False,False,False,False,False,False,False,False,False,False,True,False,False,False,False,True,False,False,False,False,False,False,True,True,False,True,False,False,False,False,False,True,False,False,True,False,True,True
74.9444857885578,13700,7,288.0,3,4,4,1,454,410,864,4,1,902,918,1820,0,1,2,4,1,2,8,6,2,1965.0,3,2,492,5,5,2,60,84,0,273,201800,4,2.0,357,2684,2,43,20,0,True,False,False,False,False,False,False,False,False,False,False,True,False,False,False,False,False,False,False,False,True,False,False,False,True,True,False,False,False,False,False,True,False,False,False,False,True,True,False,False,False,True,True,False,False,False,True,True
90.0,10768,5,0.0,2,2,2,1,1157,280,1437,4,1,1437,0,1437,1,2,0,3,1,2,6,6,1,1976.0,2,2,528,5,5,2,0,21,0,180,218000,2,3.0,201,2874,1,31,3,0,True,False,False,False,False,False,False,False,False,False,False,False,False,False,False,False,False,False,False,False,True,False,False,False,False,True,False,False,False,False,False,False,False,False,False,True,False,True,False,False,False,True,True,False,False,False,True,True
85.0,9350,5,0.0,3,2,4,1,633,586,1219,2,1,1265,0,1265,0,2,0,3,1,2,6,6,1,1965.0,2,2,502,5,5,2,0,92,0,0,179900,4,2.5,188,2484,1,43,9,0,True,False,False,True,False,False,False,False,False,False,False,True,False,False,False,False,False,False,False,False,True,False,False,False,False,True,False,False,False,False,False,False,False,False,False,True,False,False,True,False,False,True,True,False,False,False,True,True
34.0,5001,7,166.0,2,4,2,4,904,410,1314,0,1,1314,0,1314,1,2,0,2,1,2,6,6,1,2008.0,2,2,626,5,5,2,172,62,0,0,230000,4,3.0,62,2628,1,2,1,0,True,False,False,False,False,False,False,False,False,False,False,False,False,True,False,False,False,False,False,False,True,False,False,True,False,True,False,False,False,False,False,True,False,False,False,False,True,False,True,False,False,True,True,False,False,False,True,True
92.0,11932,8,186.0,2,4,2,4,0,1580,1580,0,1,1580,0,1580,0,2,0,3,1,2,7,6,0,2008.0,2,3,830,5,5,2,0,24,0,0,235128,0,2.0,24,3160,1,1,0,0,True,False,False,True,False,False,False,False,False,False,False,False,False,False,False,False,True,False,False,True,False,False,False,False,False,True,False,False,False,False,False,True,False,False,False,False,True,False,True,False,False,True,True,False,False,False,False,False
76.0,9120,6,270.0,2,4,4,4,442,459,901,4,1,943,933,1876,0,2,1,4,1,2,8,6,1,1974.0,2,2,540,2,5,2,0,69,0,0,185000,3,2.5,69,2777,2,34,34,0,True,False,False,True,False,False,False,False,False,False,False,False,False,False,False,False,False,False,False,False,True,False,False,False,True,False,True,False,False,True,False,False,False,False,True,False,False,True,False,False,False,True,True,False,False,False,True,True
24.0,2280,6,0.0,3,4,2,4,311,544,855,1,1,855,601,1456,0,2,1,3,1,3,7,6,1,1978.0,3,2,440,5,5,2,26,0,0,0,146000,3,2.5,0,2311,2,32,32,0,True,False,False,True,False,False,False,False,False,False,False,False,False,False,False,False,False,False,False,False,True,False,False,True,True,True,False,False,False,False,False,False,False,False,False,True,False,True,False,False,False,True,True,False,False,False,True,True
76.3521368748691,14778,6,72.0,2,4,4,4,728,568,1296,0,1,1640,0,1640,1,1,0,3,1,2,7,6,1,1993.0,3,2,924,5,5,2,108,0,0,0,224000,4,2.0,216,2936,1,54,2,0,True,False,False,False,False,True,False,False,False,False,False,False,False,False,False,False,False,False,False,False,False,False,False,False,False,False,True,False,False,True,False,False,False,False,True,False,False,True,False,False,False,True,False,False,True,False,True,True
109.0,8724,5,0.0,3,4,2,4,492,402,894,2,1,894,0,894,0,1,0,3,1,3,5,6,1,1968.0,0,2,450,5,5,2,0,0,0,0,129000,1,1.0,0,1788,1,39,39,0,True,False,False,True,False,False,False,False,False,False,False,False,False,False,False,True,False,False,False,False,True,False,False,False,False,True,False,False,False,False,False,True,False,False,False,True,False,True,False,False,False,True,True,False,False,False,True,True
60.0,12900,4,0.0,3,4,2,0,1198,0,1198,4,1,1258,0,1258,2,0,2,0,2,3,6,6,0,1969.0,3,2,400,1,5,2,120,0,0,0,108959,0,3.0,0,2456,1,39,39,0,True,False,False,True,False,False,False,False,False,False,False,False,False,False,False,True,False,False,False,True,False,False,True,False,False,True,False,False,False,False,False,False,False,False,False,True,False,True,False,False,False,True,False,False,False,False,True,False
78.15283339437121,16157,5,0.0,3,4,2,1,680,289,1360,0,1,1432,0,1432,1,1,1,2,1,2,5,6,1,1978.0,3,2,588,5,5,2,168,180,0,0,194000,3,2.5,180,2792,1,29,29,0,True,False,False,False,False,False,False,False,False,False,False,False,False,False,False,False,False,False,False,True,False,False,False,False,False,True,False,False,False,False,False,False,False,False,False,True,False,False,True,False,False,True,True,False,False,False,True,True
79.0,9541,7,268.0,2,4,2,4,0,1502,1502,0,1,1502,0,1502,0,2,0,3,1,2,7,6,0,2009.0,2,2,644,5,5,2,0,114,0,0,233170,0,2.0,114,3004,1,0,0,1,True,False,False,False,False,False,False,False,False,False,False,False,False,True,False,False,False,False,False,False,True,False,False,False,False,True,False,False,False,False,False,True,False,False,False,False,True,False,True,False,False,True,True,False,False,True,False,False
64.0,10475,8,72.0,2,4,2,0,0,1694,1694,0,1,1694,0,1694,0,2,0,3,1,2,7,6,0,2008.0,2,3,776,5,5,2,160,33,0,0,245350,0,2.0,33,3388,1,2,2,0,True,False,False,False,False,False,False,False,False,False,False,False,False,False,False,False,False,False,False,False,True,False,False,False,False,True,False,False,False,False,False,True,False,False,False,False,True,False,True,False,False,True,True,False,False,False,True,True
58.0,10852,6,0.0,3,4,2,4,786,173,959,0,1,959,712,1671,1,2,1,3,1,3,7,6,1,2000.0,0,2,472,5,5,2,0,38,0,0,173000,3,3.5,38,2630,2,6,6,0,True,False,False,False,False,False,False,False,False,False,False,False,False,False,False,False,False,False,False,False,False,False,False,False,True,True,False,False,False,False,False,True,False,False,False,True,False,False,True,False,False,True,True,False,False,False,True,True
120.0,13728,6,0.0,3,4,4,4,626,501,1127,0,1,1236,872,2108,0,2,0,4,1,2,7,6,2,1935.0,3,2,540,5,5,2,0,0,0,90,235000,3,2.0,90,3235,2,73,22,0,True,False,False,True,False,False,False,False,True,False,False,False,False,False,False,False,False,False,False,False,True,False,False,False,True,False,True,False,False,False,False,False,False,False,False,True,False,True,False,False,False,True,False,False,False,False,True,True
118.0,35760,10,1378.0,2,2,0,1,1387,543,1930,0,1,1831,1796,3627,1,3,1,4,1,2,10,6,1,1995.0,0,3,807,5,5,2,361,76,0,0,625000,3,4.5,76,5557,2,11,10,0,True,False,False,False,False,True,False,False,False,False,False,False,True,False,False,False,False,False,False,False,True,False,False,False,True,False,True,False,False,True,False,False,False,False,True,False,False,False,True,False,False,True,True,False,False,False,True,True
76.0,9880,6,0.0,3,4,4,0,522,574,1096,4,1,1118,0,1118,1,1,0,3,1,3,6,6,1,1977.0,0,1,358,5,5,2,203,0,0,0,171000,1,2.0,0,2214,1,31,31,0,True,False,False,True,False,False,False,False,False,False,False,False,False,False,False,False,False,False,False,False,True,False,False,False,False,True,False,False,False,False,False,False,False,False,False,True,False,True,False,False,False,True,True,False,False,False,True,True
76.0,9120,6,0.0,3,4,4,4,662,599,1261,0,1,1261,0,1261,1,1,0,3,1,3,6,6,1,1958.0,2,2,433,5,5,2,0,0,0,288,163000,3,2.0,288,2522,1,50,50,0,True,False,False,True,False,False,False,False,False,False,False,True,False,False,False,False,False,False,False,False,True,False,False,False,False,False,True,False,False,False,True,False,False,False,False,True,False,True,False,False,False,True,True,False,False,False,True,True
35.0,4017,7,0.0,2,4,2,4,0,625,625,0,1,625,625,1250,0,2,1,2,1,2,5,6,0,2006.0,0,2,625,5,5,2,0,54,0,0,171900,0,2.5,54,1875,2,2,1,0,False,False,False,False,False,False,False,False,False,False,False,False,False,False,False,False,True,False,False,False,True,False,False,False,True,True,False,False,False,False,True,False,False,False,False,True,False,False,True,False,False,True,False,False,True,False,True,True
138.0,18030,5,0.0,3,4,4,4,152,977,1598,4,1,1636,971,3086,0,3,0,3,1,0,12,0,1,0.0,1,0,0,3,3,2,122,0,0,0,200500,4,3.0,0,4205,2,61,13,0,True,False,False,False,False,False,False,False,False,False,False,False,False,False,False,False,False,False,False,False,True,False,False,False,False,True,False,False,False,False,True,False,False,False,False,True,False,True,False,False,False,True,False,False,False,False,True,True
80.0,16560,6,0.0,3,4,2,4,503,449,952,4,1,1170,1175,2345,0,2,1,4,1,3,9,6,1,1932.0,3,2,360,5,5,2,0,0,0,0,239000,4,2.5,0,3297,2,74,56,0,True,False,False,False,False,False,False,False,False,False,False,False,False,False,False,False,False,False,False,False,True,False,False,False,True,True,False,False,False,False,False,False,True,True,False,True,False,False,False,False,False,True,False,False,True,False,True,True
85.0,10678,8,337.0,2,4,2,4,700,983,1683,0,1,2129,743,2872,0,2,1,4,1,2,9,6,1,1992.0,0,2,541,5,5,2,0,33,0,0,285000,3,2.5,33,4555,2,15,7,0,True,False,False,True,False,False,False,False,False,False,False,False,True,False,False,False,False,False,False,False,True,False,False,False,False,False,True,False,False,True,False,False,False,False,True,False,False,False,True,False,False,True,True,False,False,False,True,True
37.0,6951,5,0.0,3,4,4,4,658,218,876,4,1,923,0,923,1,1,0,3,1,3,5,6,0,1984.0,3,1,264,5,5,2,362,0,0,0,119500,0,2.0,0,1799,1,24,23,0,True,False,False,False,False,True,False,False,False,False,False,False,False,False,False,False,False,False,False,False,True,False,False,False,False,True,False,False,False,True,False,False,False,False,False,True,False,True,False,False,False,True,True,False,False,False,True,True
62.212947670250614,3950,6,0.0,3,4,4,4,468,350,818,4,1,818,406,1224,0,1,0,3,1,3,5,6,0,1926.0,3,1,210,5,5,0,0,0,116,0,115000,0,1.0,116,2042,2,83,5,0,False,True,False,True,False,False,False,False,False,False,False,False,False,False,True,False,False,False,False,False,False,False,False,False,False,True,False,False,False,False,True,False,False,False,False,True,False,True,False,False,False,True,False,False,True,False,True,True
54.0,7681,5,0.0,3,4,4,4,0,731,731,0,1,820,523,1343,0,1,1,3,1,3,7,6,1,1921.0,3,1,186,1,5,2,192,0,102,0,154900,4,1.5,102,2074,2,88,59,0,True,False,False,False,False,False,False,False,False,False,False,False,False,False,False,False,False,False,False,False,True,False,False,False,False,True,False,False,False,False,False,False,True,True,False,True,False,False,False,False,False,True,False,False,True,False,True,True
77.0,8335,5,0.0,3,4,3,3,0,0,0,2,1,1124,0,1124,0,1,0,3,1,3,5,3,1,0.0,1,0,0,3,3,0,0,36,190,0,93000,4,1.0,226,1124,1,52,52,0,True,False,False,True,False,False,False,False,True,False,False,False,False,False,False,False,False,False,False,False,True,False,False,False,False,True,False,False,False,False,False,False,True,True,False,True,False,False,False,True,False,True,False,False,False,False,True,True
71.64081487170476,11170,7,0.0,3,4,2,4,1216,0,1216,0,1,1298,1216,2514,0,2,1,4,1,3,8,6,0,1990.0,0,2,693,5,5,2,0,0,0,0,250000,0,2.5,0,3730,2,16,15,0,True,False,True,False,False,False,False,False,False,False,False,False,False,False,False,False,False,False,True,False,True,False,False,False,True,True,False,False,False,False,True,False,False,False,False,True,False,False,False,False,False,True,True,False,False,False,True,True
64.0,5587,8,186.0,0,4,0,1,1480,120,1600,0,1,1652,0,1652,1,2,0,2,1,2,5,6,1,2008.0,0,2,482,5,5,2,162,53,0,0,392500,4,3.5,206,3252,1,0,0,1,False,True,False,False,True,False,False,False,False,False,False,False,False,False,False,False,False,False,False,False,True,False,False,False,False,False,True,False,True,False,False,False,False,False,False,False,True,False,True,False,False,True,True,False,False,True,False,False
60.0,10800,5,0.0,3,4,4,4,821,299,1120,0,1,1130,0,1130,1,1,0,2,1,3,5,6,1,1970.0,3,2,720,5,5,2,229,0,0,0,120000,4,2.0,0,2250,1,86,56,0,True,False,False,True,False,False,False,False,False,False,False,False,False,False,True,False,False,False,False,False,True,False,False,False,False,False,True,False,False,False,False,False,False,False,False,True,False,False,False,False,False,True,False,False,True,False,True,True
50.0,35133,5,226.0,3,4,4,1,1159,413,1572,2,1,1572,0,1572,1,1,1,3,1,3,5,6,2,1963.0,2,3,995,5,5,2,0,263,0,263,186700,3,2.5,526,3144,1,44,44,0,True,False,False,True,False,False,False,False,False,False,False,False,False,False,False,False,False,False,True,False,True,False,False,False,False,False,True,False,False,False,True,False,False,False,True,False,False,True,False,False,False,True,False,False,False,False,True,True
60.0,9738,5,0.0,3,2,4,4,392,392,784,2,1,949,272,1221,1,1,0,4,1,3,7,6,0,1965.0,3,1,392,5,5,2,0,0,236,0,104900,0,2.0,236,2005,2,82,56,0,True,False,False,True,False,False,False,False,True,False,False,False,False,False,False,False,False,False,False,False,True,False,False,False,False,True,False,False,False,False,False,False,False,False,False,True,False,False,False,False,False,True,True,False,False,False,True,True
107.0,10615,3,0.0,3,4,1,2,440,538,978,4,1,1014,685,1699,1,2,0,3,2,3,7,6,0,1920.0,3,2,420,1,1,2,0,74,0,0,95000,0,3.0,74,2677,2,109,39,0,True,False,False,False,False,False,False,False,False,False,False,False,False,False,True,False,False,False,False,False,False,True,False,False,True,True,False,False,False,True,False,False,False,False,False,True,False,True,False,False,False,True,False,False,False,False,True,False
89.0,12461,8,0.0,2,4,2,4,1456,168,1624,0,1,1624,0,1624,1,2,0,2,1,2,5,6,1,1994.0,2,3,757,5,5,2,0,114,192,0,262000,2,3.0,306,3248,1,12,11,0,True,False,False,True,False,False,False,False,False,False,False,False,True,False,False,False,False,False,False,False,True,False,False,False,False,True,False,False,False,False,False,False,False,False,False,True,False,False,True,False,False,True,True,False,False,False,True,True
68.0,8935,7,95.0,2,4,2,4,0,831,831,0,1,831,829,1660,0,2,1,3,1,2,7,6,0,2002.0,2,2,493,5,5,2,144,68,0,0,195000,0,2.5,68,2491,2,7,7,0,True,False,False,False,False,False,False,False,False,False,False,False,False,False,False,False,False,False,False,False,True,False,False,False,True,True,False,False,False,False,False,True,False,False,True,False,False,False,True,False,False,True,True,False,False,False,True,True
60.0,7500,7,0.0,3,4,4,4,0,994,994,2,1,1028,776,1804,0,2,1,3,1,2,7,6,1,1999.0,0,2,442,5,5,2,140,60,0,0,189000,3,2.5,60,2798,2,11,11,0,True,False,False,True,False,False,False,False,False,False,False,False,False,False,False,False,False,False,False,False,True,False,False,False,True,True,False,False,False,False,False,True,False,False,False,True,False,False,True,False,False,True,True,False,False,False,True,True
99.44518832330628,32463,4,149.0,3,2,4,0,1159,90,1249,0,1,1622,0,1622,1,1,0,3,1,3,7,6,1,1975.0,0,4,1356,5,5,2,439,0,0,0,168000,3,2.0,0,2871,1,46,32,0,True,False,False,True,False,False,False,False,False,False,False,False,False,False,False,False,False,False,False,False,True,True,False,False,False,True,False,False,False,False,True,False,False,False,False,False,True,True,False,False,False,True,False,False,False,False,True,True
24.0,2645,8,456.0,2,4,2,4,0,776,776,0,1,764,677,1441,0,2,1,2,1,2,5,6,0,1999.0,3,2,492,5,5,2,206,0,0,0,174000,0,2.5,0,2217,2,8,7,0,False,False,False,True,False,False,False,False,False,False,False,False,False,False,False,False,True,False,False,False,True,False,False,True,True,True,False,False,False,False,True,False,False,False,True,False,False,False,True,False,False,True,False,False,True,False,True,True
60.0,9600,5,0.0,3,4,4,2,0,702,702,2,1,842,630,1472,0,1,0,3,1,2,6,6,0,1925.0,3,1,250,5,1,1,0,0,84,0,125000,0,1.0,84,2174,2,82,13,0,False,True,False,True,False,False,False,False,False,False,False,False,False,False,True,False,False,False,False,False,True,False,False,False,False,False,False,False,False,False,False,True,False,False,False,True,False,False,True,False,False,True,False,False,True,False,True,True
62.93113700000128,4500,6,425.0,3,4,0,4,883,341,1224,0,1,1224,0,1224,1,2,0,2,1,3,5,6,0,1999.0,0,2,402,5,5,2,0,304,0,0,165000,0,3.0,304,2448,1,10,10,0,False,True,False,True,False,False,False,False,False,False,False,False,False,False,False,False,False,False,False,False,True,False,False,False,False,False,True,False,False,False,False,True,False,False,True,False,False,False,True,False,False,True,True,False,False,False,True,True
80.0,9364,6,143.0,3,4,4,4,371,292,663,4,1,663,689,1352,0,1,1,4,1,3,7,6,0,1969.0,0,1,299,5,5,2,379,36,0,0,158000,0,1.5,36,2015,2,41,41,0,True,False,False,True,False,False,False,False,False,False,False,False,False,False,False,True,False,False,False,False,True,False,False,False,True,True,False,False,False,True,False,False,False,False,False,False,True,True,False,False,False,True,True,False,False,False,True,True
51.0,8029,6,0.0,3,4,2,4,0,728,728,0,1,728,728,1456,0,2,1,3,1,2,8,6,0,2005.0,0,2,400,5,5,2,100,24,0,0,176000,0,2.5,24,2184,2,3,3,0,True,False,False,False,False,False,False,False,False,False,False,False,False,False,False,False,False,False,False,False,True,False,False,False,True,True,False,False,False,False,False,True,False,False,False,True,False,False,True,False,False,True,True,False,False,False,True,True
58.0,14054,7,0.0,2,4,2,0,0,879,879,0,1,879,984,1863,0,2,1,4,1,2,9,6,1,2006.0,0,3,660,5,5,2,100,17,0,0,219210,4,2.5,17,2742,2,0,0,1,True,False,False,False,False,False,False,False,False,False,False,False,False,False,False,False,False,False,False,False,True,False,False,False,True,True,False,False,False,False,False,True,False,False,False,True,False,False,True,False,False,True,False,True,False,True,False,False
65.0,8850,7,0.0,3,4,4,4,0,815,815,0,1,815,875,1690,0,1,0,3,1,3,7,6,1,1916.0,3,1,225,5,5,2,0,0,330,0,144000,4,1.0,330,2505,2,90,56,0,False,True,False,False,False,False,False,False,False,False,False,False,False,False,True,False,False,False,False,False,True,False,False,False,False,True,False,False,False,False,True,False,False,False,False,True,False,False,False,False,False,True,False,False,True,False,False,True
70.0,9100,7,0.0,2,4,2,4,0,1212,1212,0,1,1212,0,1212,0,2,0,3,1,2,6,6,0,2001.0,2,2,573,5,5,2,356,0,0,0,178000,0,2.0,0,2424,1,8,8,0,True,False,False,True,False,False,False,False,False,False,False,False,False,False,False,False,False,False,False,False,True,False,False,False,False,True,False,False,False,False,False,True,False,False,False,True,False,False,True,False,False,True,True,False,False,False,True,True
75.0,11235,4,51.0,3,4,4,4,547,504,1051,2,1,1382,0,1382,0,1,1,3,1,3,6,6,1,1974.0,3,2,459,5,5,2,0,82,0,0,148000,1,1.5,82,2433,1,43,27,0,True,False,False,True,False,False,False,False,False,False,False,False,False,False,False,True,False,False,False,False,True,False,False,False,False,True,False,False,False,True,False,False,False,False,True,False,False,True,False,False,False,True,True,False,False,False,True,True
71.0,9353,4,0.0,3,4,4,4,0,864,864,2,1,864,0,864,0,1,0,3,1,3,5,6,0,1972.0,3,1,280,5,5,2,0,0,0,0,116050,0,1.0,0,1728,1,36,36,0,True,False,False,True,False,False,False,False,False,False,False,True,False,False,False,False,False,False,False,False,True,False,False,False,False,True,False,False,False,False,True,False,False,False,False,True,False,True,False,False,False,True,True,False,False,False,False,False
80.0,10400,7,0.0,3,4,2,0,0,866,866,0,1,866,913,1779,0,2,1,3,1,2,6,6,0,1998.0,2,2,546,5,5,2,198,36,0,0,197900,0,2.5,36,2645,2,11,11,0,True,False,False,True,False,False,False,False,False,False,False,False,False,False,False,False,False,False,False,False,True,False,False,False,True,True,False,False,False,False,False,True,False,False,False,True,False,False,True,False,False,True,True,False,False,False,True,True
50.0,6000,5,0.0,3,4,4,4,0,884,884,0,1,884,464,1348,1,1,0,3,1,3,5,6,1,1960.0,3,1,216,5,5,0,0,0,208,0,117000,2,2.0,208,2232,2,84,12,0,False,True,False,True,False,False,False,True,False,False,False,False,False,False,False,False,False,False,False,False,True,False,False,False,False,True,False,False,False,False,False,False,True,True,False,True,False,False,False,False,False,True,False,False,True,False,True,True
75.0,9750,7,171.0,2,4,2,4,0,1630,1630,0,1,1630,0,1630,0,2,0,3,1,2,6,6,1,2000.0,3,2,451,5,5,2,74,234,0,0,213000,3,2.0,234,3260,1,9,8,0,True,False,False,True,False,False,False,False,False,False,False,False,False,False,False,False,False,False,False,False,True,False,False,False,False,True,False,False,False,False,False,True,False,False,True,False,False,False,True,False,False,True,True,False,False,False,True,True
78.0,10140,5,0.0,3,4,2,4,788,268,1056,0,1,1074,0,1074,1,1,1,3,1,3,6,6,0,1975.0,2,2,495,5,5,2,0,88,0,0,153500,0,2.5,88,2130,1,31,31,0,True,False,False,True,False,False,False,False,False,False,False,False,False,False,False,False,False,False,False,False,True,False,False,False,False,True,False,False,False,True,False,False,False,False,False,True,False,True,False,False,False,True,True,False,False,False,True,True
90.0,14684,7,234.0,2,4,2,2,485,1496,2158,2,1,2196,0,2196,0,2,0,3,1,2,7,6,1,1990.0,2,3,701,5,5,2,84,70,0,0,271900,3,2.0,70,4354,1,19,18,0,True,False,False,False,False,True,False,False,False,False,False,False,False,False,False,False,False,False,False,False,True,False,False,False,False,False,True,False,False,True,False,False,False,False,True,False,False,True,False,False,False,True,True,False,False,False,True,True
68.67665163800658,8900,4,0.0,3,4,4,4,1056,0,1056,4,1,1056,0,1056,1,1,0,2,1,3,5,6,0,1966.0,3,1,384,5,5,2,0,42,0,0,107000,0,2.0,42,2112,1,40,40,0,False,False,False,True,False,False,False,False,False,False,False,False,False,False,False,False,False,False,False,False,True,False,False,False,False,True,False,False,False,True,False,False,False,False,False,True,False,True,False,False,False,True,False,False,True,False,True,True
70.0,9135,6,120.0,2,4,2,0,340,1342,1682,0,1,1700,0,1700,1,2,0,3,1,2,7,6,0,2003.0,2,2,544,5,5,2,192,23,0,0,200000,0,3.0,23,3382,1,3,3,0,True,False,False,True,False,False,False,False,False,False,False,False,False,False,False,False,False,False,False,False,True,False,False,False,False,True,False,False,False,False,False,True,False,False,True,False,False,False,True,False,False,True,True,False,False,False,True,True
70.0,7763,5,0.0,3,2,4,4,504,319,931,4,1,1283,0,1283,1,1,0,3,1,3,6,6,0,1980.0,3,2,506,5,5,2,0,0,0,0,140000,0,2.0,0,2214,1,46,28,0,True,False,False,True,False,False,False,False,False,False,False,True,False,False,False,False,False,False,False,False,True,False,False,False,False,True,False,False,False,False,True,False,False,False,False,True,False,True,False,False,False,True,False,False,True,False,True,True
85.0,10182,8,420.0,2,4,0,2,1220,440,1660,0,1,1660,0,1660,1,2,0,3,1,2,8,6,1,2006.0,2,2,500,5,5,2,322,50,0,0,290000,4,3.0,50,3320,1,0,0,1,True,False,False,False,False,True,False,False,False,False,False,False,False,False,False,False,True,False,False,False,False,False,False,False,False,False,True,False,False,False,False,True,False,False,False,False,True,False,True,False,False,True,True,False,False,True,False,False
70.0,11218,6,0.0,2,4,2,4,0,1055,1055,0,1,1055,790,1845,0,2,1,3,1,2,8,6,1,1992.0,2,2,462,5,5,2,635,104,0,0,189000,3,2.5,104,2900,2,18,18,0,True,False,False,True,False,False,False,False,False,False,False,False,False,False,False,False,False,False,False,False,True,False,False,False,True,True,False,False,False,False,False,False,True,True,False,True,False,False,True,False,False,True,True,False,False,False,True,True
152.0,12134,8,0.0,2,4,2,0,427,132,559,2,1,1080,672,1752,0,2,0,4,1,3,8,6,0,1988.0,2,2,492,5,5,2,325,12,0,0,164000,0,2.0,12,2311,2,22,5,0,True,False,False,False,False,False,False,False,False,False,False,False,False,False,False,False,False,False,False,False,True,False,False,False,False,True,False,False,False,False,False,False,True,True,False,True,False,False,False,False,False,True,False,False,False,False,True,True
50.0,9340,4,0.0,3,4,4,4,344,328,672,4,1,672,0,672,1,1,0,2,1,3,4,6,0,1941.0,3,1,234,5,5,0,0,113,0,0,113000,0,2.0,113,1344,1,68,59,0,True,False,False,True,False,False,False,False,True,False,False,False,False,False,False,False,False,False,False,False,True,False,False,False,False,False,True,False,False,False,True,False,False,False,False,True,False,True,False,False,False,True,True,False,False,False,True,True
70.43425679772365,10246,4,0.0,3,2,4,0,648,0,648,0,1,960,0,960,1,0,0,0,1,3,3,6,0,1965.0,3,1,364,5,5,2,88,0,0,0,145000,0,1.5,0,1608,1,41,5,0,True,False,False,False,False,True,False,False,False,False,False,False,False,False,False,True,False,False,False,False,True,False,False,False,False,True,False,False,False,False,False,True,False,False,False,True,False,True,False,False,False,True,True,False,False,False,True,True
69.0,10205,5,0.0,3,4,4,0,784,141,925,4,1,999,0,999,1,1,0,3,1,3,6,6,0,1962.0,3,1,300,5,5,2,150,72,0,0,134500,0,2.0,72,1924,1,44,44,0,True,False,False,False,False,False,False,False,False,False,False,True,False,False,False,False,False,False,False,False,True,False,False,False,False,True,False,False,False,False,True,False,False,False,False,True,False,True,False,False,False,True,True,False,False,False,True,True
99.0,7094,5,0.0,3,4,4,4,180,340,894,4,1,894,0,894,0,1,0,3,1,3,5,6,0,1966.0,2,1,384,5,5,2,0,0,0,0,125000,0,1.0,0,1788,1,41,41,0,True,False,False,False,False,False,False,False,False,False,False,False,False,False,False,True,False,False,False,False,True,False,False,False,False,True,False,False,False,False,False,True,False,False,False,True,False,True,False,False,False,True,False,False,True,False,True,True
68.0,8930,6,0.0,3,4,3,3,0,0,0,4,1,1318,584,1902,0,2,0,4,2,3,8,6,0,1978.0,3,2,539,5,5,2,0,0,0,0,112000,0,2.0,0,1902,2,32,32,0,False,True,False,True,False,False,False,False,False,False,False,False,False,False,False,True,False,False,False,False,False,False,True,False,False,True,False,False,False,False,False,True,False,False,False,True,False,False,False,True,False,True,True,False,False,False,True,True
72.0,8640,8,72.0,2,4,2,2,936,364,1300,0,1,1314,0,1314,1,2,0,3,1,2,6,6,0,2009.0,2,2,552,5,5,2,135,112,0,0,229456,0,3.0,112,2614,1,0,0,1,False,False,False,True,False,False,False,False,False,False,False,False,False,False,False,False,True,False,False,False,True,False,False,False,False,True,False,False,True,False,False,False,False,False,False,False,True,False,True,False,False,True,True,False,False,True,False,False
52.0,6240,4,0.0,3,4,3,3,0,0,0,2,0,672,240,912,0,1,0,2,1,3,3,6,0,0.0,1,0,0,3,3,0,0,0,0,0,80500,0,1.0,0,912,2,59,56,0,False,True,False,True,False,False,False,True,False,False,False,False,False,False,False,False,False,False,False,False,True,False,False,False,False,True,False,False,False,False,False,False,False,False,False,True,False,False,False,True,False,True,False,False,False,False,True,True
21.0,1680,6,236.0,3,4,4,4,0,672,672,4,1,672,546,1218,0,1,1,3,1,3,7,6,0,0.0,1,0,0,3,3,0,201,0,0,0,91500,0,1.5,0,1890,2,35,35,0,False,True,False,True,False,False,True,False,False,False,False,False,False,False,False,False,False,False,False,False,True,False,False,True,True,True,False,False,True,False,False,False,False,False,True,False,False,True,False,False,False,True,False,False,False,False,True,False
66.0,7800,5,0.0,3,4,4,4,312,0,912,4,1,912,0,912,0,1,0,2,1,3,5,6,0,1964.0,3,1,288,5,5,2,0,0,0,0,115000,0,1.0,0,1824,1,42,42,0,True,False,False,False,False,False,False,False,False,False,False,True,False,False,False,False,False,False,False,False,True,False,False,False,False,True,False,False,False,False,False,False,True,True,False,True,False,True,False,False,False,True,True,False,False,False,True,False
55.0,8250,5,0.0,3,4,4,4,250,210,952,0,1,1211,0,1211,0,1,0,3,1,3,5,6,1,1968.0,3,1,322,5,5,2,0,63,0,0,134000,3,1.0,63,2163,1,40,40,0,True,False,False,True,False,False,False,False,False,False,False,False,False,False,False,True,False,False,False,True,False,False,False,False,False,False,True,False,False,True,False,False,False,False,False,True,False,True,False,False,False,True,True,False,False,False,True,True
78.0,10496,6,320.0,3,4,4,2,196,844,1040,0,1,1168,678,1846,0,2,0,3,1,3,7,6,1,1949.0,3,1,315,5,5,2,0,0,0,0,143000,4,2.0,0,2886,2,58,57,0,True,False,False,True,False,False,False,False,False,False,False,True,False,False,False,False,False,False,False,False,False,False,False,False,False,True,False,False,False,False,False,False,True,True,True,False,False,True,False,False,False,True,True,False,False,False,True,True
89.0,10680,5,44.0,3,4,4,4,756,1380,2136,4,0,2136,0,2136,0,2,0,4,1,3,7,4,0,1951.0,3,2,528,5,5,2,0,30,0,0,137900,0,2.0,30,4272,1,55,55,0,True,False,False,True,False,False,False,False,False,False,False,True,False,False,False,False,False,False,False,False,True,False,False,False,False,False,True,False,False,False,False,False,True,True,True,False,False,True,False,False,False,False,False,False,True,False,True,True
60.0,15384,7,0.0,2,4,2,0,724,64,788,0,1,788,702,1490,1,2,1,3,1,2,8,6,1,2004.0,0,2,388,5,5,2,100,75,0,0,184000,4,3.5,75,2278,2,4,3,0,True,False,False,False,False,False,False,False,False,False,False,False,False,False,False,False,False,False,False,False,False,False,False,False,True,True,False,False,False,False,False,True,False,False,False,True,False,False,True,False,False,True,True,False,False,False,True,True
65.0,10482,6,63.0,3,2,4,0,507,81,588,0,1,1138,0,1138,0,1,0,3,1,3,6,6,0,1958.0,2,1,264,5,5,2,224,0,0,0,145000,0,1.5,0,1726,1,49,49,0,True,False,False,True,False,False,False,False,False,False,False,True,False,False,False,False,False,False,False,False,True,False,False,False,False,False,True,False,False,False,False,True,False,False,True,False,False,True,False,False,False,True,True,False,False,False,True,True
86.0,14598,6,74.0,2,4,2,2,0,894,894,0,1,894,1039,1933,0,2,1,4,1,2,9,6,1,2007.0,0,3,668,5,5,2,100,18,0,0,214000,4,2.5,18,2827,2,1,1,0,True,False,False,False,False,True,False,False,False,False,False,False,False,False,False,False,True,False,False,True,False,False,False,False,True,True,False,False,False,False,False,True,False,False,False,False,True,False,True,False,False,True,False,True,False,False,True,True
72.0,8872,5,300.0,3,4,4,4,595,317,912,0,1,912,0,912,1,1,0,2,1,2,5,6,0,1992.0,3,2,576,5,5,2,0,240,0,0,147000,0,2.0,240,1824,1,43,0,0,True,False,False,True,False,False,False,False,False,False,False,True,False,False,False,False,False,False,False,False,True,False,False,False,False,True,False,False,False,False,False,True,False,False,True,False,False,True,False,False,False,True,False,False,True,False,True,True
65.0,8769,9,766.0,0,4,0,4,1540,162,1702,0,1,1702,0,1702,1,1,1,1,1,0,7,6,1,2008.0,0,3,1052,5,5,2,0,72,0,224,367294,4,2.5,296,3404,1,0,0,1,True,False,False,True,False,False,False,False,False,False,False,False,False,True,False,False,False,False,False,False,True,False,False,False,False,False,True,False,False,False,True,False,False,False,True,False,False,False,True,False,False,True,True,False,False,True,False,False
70.0,7910,5,0.0,3,4,4,4,666,409,1075,2,1,1507,0,1507,0,2,0,4,1,3,7,0,0,1960.0,3,1,404,5,5,2,0,0,0,0,127000,0,2.0,0,2582,1,48,48,0,True,False,False,True,False,False,False,False,False,False,False,True,False,False,False,False,False,False,False,False,True,False,False,False,False,False,True,False,False,False,False,False,False,False,False,True,False,True,False,False,False,True,False,False,False,False,True,True
81.72158146384132,18890,5,1.0,3,4,2,4,498,652,1361,0,1,1361,1259,2620,0,2,2,4,2,3,12,6,1,1977.0,2,2,600,5,5,0,155,24,145,0,190000,3,3.0,169,3981,2,30,30,0,True,False,False,False,False,False,False,False,False,False,False,False,False,False,False,True,False,False,False,True,False,False,True,False,False,False,False,False,False,False,False,False,False,False,False,True,False,True,False,False,False,True,False,True,False,False,True,True
70.0,7728,5,120.0,3,4,4,0,803,303,1106,4,1,1190,0,1190,1,1,0,3,1,3,6,6,0,1962.0,3,2,540,5,5,2,0,18,0,0,132500,0,2.0,18,2296,1,44,44,0,True,False,False,True,False,False,False,False,False,False,False,True,False,False,False,False,False,False,False,False,True,False,True,False,False,False,True,False,False,False,False,False,True,True,True,False,False,True,False,False,False,True,True,False,False,False,True,True
70.0,9842,4,0.0,3,4,3,3,0,0,0,4,1,1224,0,1224,0,2,0,2,2,3,6,6,0,1962.0,3,2,462,5,5,2,0,0,0,0,101800,0,2.0,0,1224,1,45,45,0,True,False,False,True,False,False,False,False,False,False,False,True,False,False,False,False,False,False,False,False,True,False,True,False,False,True,False,False,False,True,False,False,False,False,False,True,False,False,False,True,False,True,False,False,False,False,True,True
72.93355566525595,12160,5,180.0,3,4,4,4,1000,188,1188,1,1,1188,0,1188,1,1,0,3,1,3,6,6,0,1959.0,2,2,531,5,5,2,0,0,0,0,142000,0,2.0,0,2376,1,51,51,0,True,False,False,False,False,False,False,False,False,False,False,True,False,False,False,False,False,False,False,False,True,False,False,False,False,False,True,False,False,False,False,False,False,False,True,False,False,True,False,False,False,True,True,False,False,False,False,False
55.0,8525,5,0.0,3,4,4,0,0,940,940,4,0,1024,940,1964,0,1,1,4,1,3,7,6,0,0.0,1,0,0,3,3,0,0,192,0,0,130000,0,1.5,192,2904,2,97,58,0,False,False,False,True,False,False,False,False,False,False,False,False,False,False,False,False,False,False,False,False,True,False,False,False,True,True,False,False,False,False,True,False,False,False,False,True,False,False,True,False,False,False,False,False,False,False,True,False
96.0,13132,5,0.0,3,4,2,2,0,747,747,2,1,892,892,1784,0,1,1,4,1,3,9,6,0,1914.0,3,1,180,1,1,0,203,40,0,0,138887,0,1.5,40,2531,2,92,56,0,True,False,False,True,False,False,False,False,False,False,False,False,False,False,False,False,False,False,False,False,True,False,False,False,True,True,False,False,False,False,False,False,True,True,False,True,False,False,False,False,True,False,False,False,True,False,True,True
36.0,2628,7,106.0,2,4,2,4,0,764,764,0,1,764,862,1626,0,2,1,2,1,2,6,6,0,2003.0,2,2,474,5,5,2,0,27,0,0,175500,0,2.5,27,2390,2,7,7,0,True,False,False,True,False,False,False,False,False,False,False,False,False,True,False,False,False,False,False,False,True,False,False,True,True,True,False,False,False,False,False,True,False,False,False,False,True,False,True,False,False,True,False,True,False,False,True,True
41.0,12393,7,0.0,2,4,2,4,0,847,847,0,1,847,1101,1948,0,2,1,4,1,2,8,6,1,2004.0,0,2,434,5,5,2,100,48,0,0,195000,4,2.5,48,2795,2,2,1,0,True,False,True,False,False,False,False,False,False,False,False,False,False,False,False,False,False,False,False,False,True,False,False,False,True,True,False,False,False,False,False,True,False,False,False,True,False,False,True,False,False,True,False,True,False,False,True,True
63.0,13072,6,0.0,2,4,2,4,0,1141,1141,0,1,1141,0,1141,0,1,1,3,1,3,6,6,0,2005.0,3,2,484,5,5,2,0,0,0,0,142500,0,1.5,0,2282,1,1,1,0,True,False,False,True,False,False,False,False,False,False,False,False,False,False,False,False,False,False,False,False,False,False,False,False,False,True,False,False,False,False,False,True,False,False,False,True,False,False,True,False,False,True,False,False,True,False,True,False
64.0,9037,8,32.0,2,4,2,0,428,1048,1476,0,1,1484,0,1484,0,2,0,2,1,0,6,6,1,2006.0,2,2,472,5,5,2,120,33,0,0,265900,4,2.0,33,2960,1,1,1,0,True,False,False,False,True,False,False,False,False,False,False,False,False,False,False,False,False,False,True,False,True,False,False,False,False,False,True,False,False,False,False,True,False,False,True,False,False,False,True,False,False,True,True,False,False,False,True,True
65.0,8158,7,252.0,2,4,2,4,550,334,884,0,1,884,884,1768,1,2,1,3,1,2,8,6,0,2003.0,2,2,543,5,5,2,0,63,0,0,224900,0,3.5,63,2652,2,5,5,0,True,False,False,True,False,False,False,False,False,False,False,False,False,False,False,False,False,False,False,False,True,False,False,False,True,True,False,False,False,False,False,True,False,False,True,False,False,False,True,False,False,True,True,False,False,False,True,True
83.0,9849,7,0.0,2,4,2,0,0,1689,1689,0,1,1689,0,1689,0,2,0,3,1,2,7,6,0,2007.0,2,3,954,5,5,2,0,56,0,0,248328,0,2.0,56,3378,1,0,0,1,True,False,False,True,False,False,False,False,False,False,False,False,False,False,False,False,True,False,False,False,True,False,False,False,False,False,True,False,False,False,False,True,False,False,False,False,True,False,True,False,False,True,True,False,False,True,False,False
85.0,10625,7,81.0,3,4,2,1,885,0,1053,4,1,1173,0,1173,1,2,0,3,1,2,6,6,2,1974.0,2,2,528,5,5,2,0,120,0,0,170000,3,3.0,120,2226,1,36,36,0,True,False,False,True,False,False,False,False,False,False,False,False,False,False,False,False,False,False,False,False,True,False,False,False,False,True,False,False,False,False,False,False,False,False,True,False,False,True,False,False,False,True,True,False,False,False,True,False
107.0,13891,10,0.0,0,4,0,1,1386,690,2076,0,1,2076,0,2076,1,2,1,2,1,0,7,6,1,2006.0,0,3,850,5,5,2,216,229,0,0,465000,4,3.5,229,4152,1,0,0,1,True,False,False,True,False,False,False,False,False,False,False,False,False,True,False,False,False,False,False,False,True,False,False,False,False,True,False,False,False,False,False,True,False,False,False,True,False,False,True,False,False,True,True,False,False,True,False,False
71.98685154876644,11435,8,0.0,3,4,2,4,0,792,792,1,1,792,725,1517,0,1,0,3,1,2,7,6,2,1931.0,3,2,400,5,5,2,0,0,0,0,230000,4,1.0,0,2309,2,77,56,0,True,False,False,False,True,False,False,False,False,False,False,False,False,False,False,False,False,False,False,False,True,False,False,False,True,True,False,False,False,False,False,False,False,False,False,True,False,False,True,False,False,True,False,False,True,False,True,True
78.0,12090,6,74.0,3,4,2,4,0,585,585,0,1,1140,728,1868,0,3,1,3,1,3,7,6,1,1984.0,0,2,477,5,5,2,268,112,0,147,178000,3,3.5,259,2453,2,23,4,0,True,False,False,True,False,False,False,False,False,False,False,False,False,False,False,False,False,False,False,False,True,False,False,False,False,False,True,False,False,False,False,True,False,False,True,False,False,True,False,False,False,True,False,True,False,False,True,False
65.0,8125,7,0.0,2,4,2,4,0,756,756,0,1,756,797,1553,0,2,1,3,1,2,6,6,0,2005.0,2,2,615,5,5,2,0,45,0,0,186500,0,2.5,45,2309,2,1,0,0,False,False,False,True,False,False,False,False,False,False,False,False,False,False,False,False,True,False,False,False,True,False,False,False,True,True,False,False,False,False,False,True,False,False,False,True,False,False,True,False,False,True,True,False,False,True,False,False
73.15292986052523,12328,6,335.0,3,4,4,0,539,473,1012,4,1,1034,0,1034,1,1,0,3,1,3,6,6,0,1976.0,3,3,888,5,5,2,0,0,0,0,169900,0,2.0,0,2046,1,34,34,0,True,False,False,False,False,False,False,False,False,False,False,False,False,False,False,False,False,False,False,False,True,False,False,False,False,True,False,False,False,True,False,False,False,False,True,False,False,True,False,False,False,True,True,False,False,False,True,True
60.0,9600,6,0.0,3,4,2,4,319,416,735,1,0,1134,924,2058,0,1,1,3,1,3,8,6,1,1950.0,3,2,396,1,1,1,0,0,259,0,129500,4,1.5,259,2793,2,91,58,0,False,True,False,True,False,False,False,False,False,False,False,False,False,False,True,False,False,False,False,False,True,False,False,False,False,True,False,False,False,False,False,False,False,False,False,True,False,False,False,False,False,True,False,False,True,False,True,True
60.0,7200,5,0.0,3,4,4,4,534,246,876,4,1,988,0,988,0,1,0,3,1,3,6,6,0,1950.0,3,1,276,5,5,2,0,80,0,0,119000,0,1.0,80,1864,1,57,57,0,True,False,False,True,False,False,False,False,False,False,False,True,False,False,False,False,False,False,False,False,True,False,False,False,False,True,False,False,False,False,True,False,False,False,False,True,False,True,False,False,False,True,True,False,False,False,True,True
93.0,11160,7,0.0,2,4,4,4,1065,1045,2110,0,1,2110,0,2110,1,2,1,3,1,0,8,6,2,1968.0,0,2,522,5,5,2,0,0,0,0,244000,3,3.5,0,4220,1,42,42,0,True,False,False,True,False,False,False,False,False,False,False,True,False,False,False,False,False,False,False,False,True,False,False,False,False,False,True,False,False,False,False,False,False,False,False,True,False,True,False,False,False,True,True,False,False,False,True,True
61.15002746221964,3136,7,163.0,2,4,2,4,0,1405,1405,0,1,1405,0,1405,0,2,0,2,1,2,6,6,1,2003.0,2,2,478,5,5,2,148,36,0,0,171750,4,2.0,36,2810,1,3,3,0,True,False,False,False,False,False,False,False,False,False,False,False,False,True,False,False,False,False,False,False,True,False,False,False,False,True,False,False,False,False,False,True,False,False,False,False,True,False,True,False,False,True,True,False,False,False,True,True
62.0,9858,5,0.0,3,4,4,4,510,354,864,4,1,874,0,874,1,1,0,3,1,3,5,6,0,1968.0,2,1,288,5,5,2,33,0,0,0,130000,0,2.0,0,1738,1,41,41,0,True,False,False,True,False,False,False,False,False,False,False,False,False,False,False,False,False,False,False,False,True,False,False,False,False,True,False,False,False,True,False,False,False,False,False,True,False,True,False,False,False,True,True,False,False,False,True,True
79.96136470656151,17542,7,0.0,2,4,4,1,125,36,1192,4,1,1516,651,2167,1,2,1,3,1,2,9,6,2,1974.0,2,2,518,5,5,2,220,47,0,0,294000,4,3.5,47,3359,2,33,4,0,True,False,False,False,False,False,False,False,False,False,False,False,False,False,False,False,False,False,False,False,True,False,False,False,True,True,False,False,False,False,False,False,True,True,False,True,False,True,False,False,False,True,True,False,False,False,True,True
60.0,6931,7,92.0,2,4,2,4,0,746,746,0,1,760,896,1656,0,2,1,3,1,2,7,6,1,2003.0,0,2,397,5,5,2,178,128,0,0,165400,4,2.5,128,2402,2,5,4,0,True,False,False,True,False,False,False,False,True,False,False,False,False,False,False,False,False,False,False,False,True,False,False,False,True,True,False,False,False,False,False,True,False,False,False,False,True,False,True,False,False,True,False,True,False,False,True,True
52.0,6240,6,0.0,3,4,4,4,425,459,884,4,1,959,408,1367,0,1,0,3,1,3,6,6,1,1978.0,3,1,560,5,5,2,0,0,0,120,127500,4,1.0,120,2251,2,76,57,0,False,True,False,True,False,False,False,True,False,False,False,False,False,False,False,False,False,False,False,False,True,False,False,False,False,True,False,False,False,False,False,False,True,True,False,True,False,False,False,False,False,False,False,False,True,False,True,True
91.0,14303,8,554.0,2,4,2,1,1314,672,1986,0,1,1987,0,1987,1,2,0,2,1,2,7,6,1,1994.0,0,2,691,5,5,2,262,36,0,0,301500,3,3.0,36,3973,1,14,14,0,True,False,False,False,False,False,False,False,False,False,False,False,True,False,False,False,False,False,False,False,True,False,False,False,False,False,True,False,False,True,False,False,False,False,True,False,False,False,True,False,False,True,True,False,False,False,True,True
56.0,4060,5,0.0,3,4,1,4,0,864,864,0,1,864,0,864,0,1,0,2,1,3,4,6,0,0.0,1,0,0,3,3,2,0,96,0,0,99900,0,1.0,96,1728,1,87,59,0,True,False,False,True,False,False,False,False,True,False,False,False,False,False,False,False,False,False,False,True,False,False,False,False,False,True,False,False,False,False,False,False,True,True,False,True,False,False,True,False,False,True,False,False,False,False,True,True
59.0,9587,7,182.0,2,4,2,1,655,201,856,0,1,1166,0,1166,1,2,0,2,1,2,5,6,0,2005.0,0,2,400,5,5,2,212,0,0,0,190000,0,3.0,0,2022,1,3,3,0,True,False,False,False,False,False,False,False,False,False,False,False,False,False,False,False,False,False,False,False,True,False,False,False,False,True,False,False,False,False,False,True,False,False,False,False,True,False,True,False,False,True,True,False,False,False,True,True
65.0,9750,6,0.0,3,4,2,4,602,14,1054,2,1,1054,0,1054,1,1,1,3,1,3,6,6,0,1969.0,3,2,460,5,5,2,180,0,0,80,151000,0,2.5,80,2108,1,39,39,0,True,False,False,True,False,False,False,False,False,False,False,True,False,False,False,False,False,False,False,False,True,False,False,False,False,True,False,False,False,True,False,False,False,False,False,True,False,True,False,False,False,True,True,False,False,False,True,True
89.28476800550646,24682,6,0.0,3,4,2,4,0,841,841,0,1,892,783,1675,0,2,1,3,1,3,7,6,1,1999.0,0,2,502,5,5,2,0,103,0,0,181000,3,2.5,103,2516,2,10,10,0,True,False,False,False,False,True,False,False,False,False,False,False,False,False,False,False,False,False,False,False,False,False,False,False,True,True,False,False,False,False,False,True,False,False,False,True,False,False,True,False,False,True,False,True,False,False,True,True
80.0,9600,5,0.0,3,4,4,4,504,546,1050,2,1,1050,0,1050,0,1,0,2,1,3,5,6,0,1956.0,3,1,338,5,5,2,0,0,0,0,128900,0,1.0,0,2100,1,53,53,0,True,False,False,True,False,False,False,False,False,False,False,True,False,False,False,False,False,False,False,False,True,False,False,False,False,False,True,False,False,False,True,False,False,False,False,True,False,True,False,False,False,True,True,False,False,False,True,True
71.74527877421394,11250,4,0.0,3,4,4,0,0,1104,1104,0,1,1104,684,1788,1,1,0,5,1,3,8,3,2,1957.0,3,1,304,5,5,2,120,0,0,0,161500,3,2.0,0,2892,2,52,20,0,True,False,False,True,False,False,False,False,False,False,False,False,False,False,False,False,False,False,False,False,True,False,False,False,False,True,False,False,False,False,False,False,True,True,False,True,False,True,False,False,False,False,True,False,False,False,True,True
60.0,13515,6,0.0,3,4,4,4,0,764,764,0,1,1060,764,1824,0,1,0,3,1,3,8,6,1,1940.0,3,2,520,5,5,0,0,0,126,0,180500,4,1.0,126,2588,2,88,57,0,True,False,False,True,False,False,False,True,False,False,False,False,False,False,False,False,False,False,False,False,True,False,False,False,True,False,False,False,False,False,False,False,True,True,False,True,False,False,True,False,False,False,False,False,True,False,True,True
34.0,4060,6,0.0,2,4,2,4,266,1139,1405,0,1,1337,0,1337,1,2,0,2,1,2,5,6,0,1998.0,0,2,511,5,5,2,144,68,0,0,181000,0,3.0,68,2742,1,10,9,0,False,False,False,True,False,False,False,False,False,False,False,True,False,False,False,False,False,False,False,False,True,False,False,False,False,True,False,False,False,False,True,False,False,False,False,True,False,False,True,False,False,True,True,False,False,False,False,False
35.0,3735,7,218.0,2,4,2,4,450,241,691,0,1,713,739,1452,1,2,1,3,1,2,6,6,0,1999.0,3,2,506,5,5,2,0,34,0,0,183900,0,3.5,34,2143,2,7,7,0,False,False,False,True,False,False,False,False,False,False,False,False,False,False,False,False,True,False,False,False,True,False,False,False,True,False,True,False,False,False,True,False,False,False,True,False,False,False,True,False,False,True,False,False,True,False,True,True
60.0,10120,7,0.0,1,4,4,4,0,925,925,4,0,964,925,1889,0,1,1,4,2,3,9,6,1,1960.0,3,1,308,5,5,0,0,0,264,0,122000,4,1.5,264,2814,2,97,57,0,False,True,False,False,False,False,False,False,False,False,False,False,False,False,True,False,False,False,False,True,False,True,False,False,False,False,True,False,False,False,False,False,True,True,False,True,False,True,False,False,True,False,False,False,True,False,True,True
89.0,13214,9,0.0,0,4,0,1,0,2002,2002,0,1,2018,0,2018,0,2,0,3,1,0,10,6,1,2009.0,0,3,746,5,5,2,144,76,0,0,378500,4,2.0,76,4020,1,2,1,0,True,False,False,False,True,False,False,False,False,False,False,False,False,False,False,False,False,False,True,False,True,False,False,False,False,False,True,False,False,False,False,False,False,False,False,True,False,False,True,False,False,True,True,False,False,False,True,True
75.46680530110373,14100,8,632.0,3,2,4,2,192,536,728,0,1,1968,1479,3447,0,3,1,4,1,2,11,6,2,1982.0,3,3,1014,5,5,2,314,12,0,0,381000,4,3.5,12,4175,2,73,11,0,True,False,False,False,False,False,False,False,False,False,False,False,False,False,False,False,False,False,False,False,True,False,False,False,False,True,False,False,False,False,False,False,False,False,True,False,False,True,False,False,False,True,False,True,False,False,True,True
78.0,11344,5,180.0,3,4,4,4,460,414,874,4,1,874,650,1524,0,1,1,3,1,3,7,6,0,1958.0,3,1,315,5,5,2,0,0,0,0,144000,0,1.5,0,2398,2,49,49,0,True,False,False,True,False,False,False,False,False,False,False,True,False,False,False,False,False,False,False,True,False,False,False,False,False,True,False,False,False,False,True,False,False,False,True,False,False,True,False,False,False,False,True,False,False,False,True,True
87.86536473016288,23595,7,0.0,2,4,2,1,1258,74,1332,4,1,1332,192,1524,2,0,1,0,1,2,4,6,1,1979.0,0,2,586,5,5,2,268,0,0,0,260000,3,2.5,0,2856,2,31,31,0,True,False,False,True,False,False,False,False,False,False,False,False,False,False,False,False,False,False,False,False,True,False,False,False,False,False,False,False,False,False,False,False,False,False,False,True,False,False,True,False,False,True,True,False,False,False,True,True
69.01093612603597,9156,6,0.0,3,4,4,4,0,1489,1489,2,1,1489,0,1489,0,2,0,3,1,2,7,6,1,1968.0,2,2,462,5,5,2,0,0,0,0,185750,4,2.0,0,2978,1,41,41,0,True,False,False,False,False,False,False,False,False,False,False,False,False,False,False,False,False,False,False,False,False,False,False,False,False,False,True,False,False,False,False,False,False,False,False,True,False,True,False,False,False,True,True,False,False,False,True,True
74.71727680060032,13526,5,114.0,3,4,4,4,560,0,935,4,1,935,0,935,1,1,0,3,1,3,5,6,0,1965.0,3,1,288,5,5,2,180,0,0,0,137000,0,2.0,0,1870,1,41,41,0,True,False,False,False,False,True,False,False,False,False,False,False,False,False,False,True,False,False,False,False,True,False,False,False,False,False,True,False,False,True,False,False,False,False,True,False,False,True,False,False,False,True,True,False,False,False,True,True
124.0,11512,6,84.0,3,4,4,0,719,300,1019,2,1,1357,0,1357,1,1,0,2,1,0,5,6,1,1959.0,2,1,312,5,5,2,0,0,0,163,177000,4,2.0,163,2376,1,49,2,0,True,False,False,False,False,False,False,False,True,False,False,False,False,False,False,False,False,False,False,False,True,False,False,False,False,True,False,False,False,False,False,False,False,False,True,False,False,True,False,False,False,True,False,False,False,False,True,True
53.0,5362,5,0.0,3,4,4,4,0,661,661,0,1,661,589,1250,0,2,0,3,1,3,8,6,1,1985.0,3,2,552,5,5,2,242,0,81,0,139000,4,2.0,81,1911,2,97,4,0,True,False,False,True,False,False,False,False,False,False,False,False,False,False,False,False,False,False,False,False,True,False,False,False,False,True,False,False,False,False,False,False,True,False,False,True,False,False,True,False,False,True,False,False,True,False,True,True
95.0,11345,5,567.0,3,4,4,4,220,708,928,2,1,928,992,1920,0,2,0,4,2,3,10,6,0,1948.0,3,2,400,5,1,2,0,0,0,0,137000,0,2.0,0,2848,2,59,57,0,True,False,False,True,False,False,False,False,False,False,False,True,False,False,False,False,False,False,False,True,False,False,True,False,True,True,False,False,False,False,False,False,False,False,False,False,True,True,False,False,False,False,False,False,True,False,True,True
73.94685551959506,12936,6,0.0,3,4,4,4,593,130,723,4,1,735,660,1395,0,1,1,3,1,3,6,6,1,1972.0,3,2,497,5,5,2,294,116,0,0,162000,3,2.0,116,2118,2,37,37,0,True,False,False,False,False,True,False,False,False,False,False,False,False,False,False,False,False,False,False,False,True,False,False,False,True,True,False,False,False,True,False,False,False,False,False,True,False,True,False,False,False,True,True,False,False,False,True,True
80.39097250563054,17871,6,359.0,3,4,2,0,528,1152,1680,1,1,1724,0,1724,1,1,1,3,1,3,7,6,1,1967.0,2,2,480,5,5,2,0,0,0,0,197900,4,2.5,0,3404,1,42,33,0,True,False,False,False,False,True,False,False,False,False,False,False,False,False,False,False,False,False,False,False,True,False,False,False,False,True,False,False,False,True,False,False,False,False,True,False,False,True,False,False,False,True,True,False,False,False,True,True
75.0,9473,8,0.0,2,4,2,4,804,324,1128,0,1,1128,903,2031,1,2,1,3,1,2,7,6,1,2002.0,2,2,577,5,5,2,0,211,0,0,237000,4,3.5,211,3159,2,6,6,0,True,False,False,True,False,False,False,False,False,False,False,False,False,False,False,False,False,False,False,False,True,False,False,False,True,True,False,False,False,False,False,True,False,False,False,True,False,False,True,False,False,True,True,False,False,False,True,True
60.0,7500,4,0.0,3,2,4,4,0,698,698,4,1,698,430,1128,0,1,0,2,1,3,6,6,0,1980.0,2,2,528,5,5,2,30,0,164,0,68400,0,1.0,164,1826,2,90,60,0,False,False,False,True,False,False,False,False,False,True,False,False,False,False,False,False,False,False,False,False,True,False,False,False,False,True,False,False,False,False,True,False,False,False,False,True,False,True,False,False,False,False,False,False,True,False,False,False
67.0,9808,7,110.0,2,4,2,4,788,785,1573,0,1,1573,0,1573,1,2,0,3,1,2,6,6,0,2002.0,2,2,544,5,5,2,0,72,0,0,227000,0,3.0,72,3146,1,7,7,0,True,False,False,False,False,False,False,False,False,False,False,False,False,False,False,False,False,False,False,False,True,False,False,False,False,True,False,False,False,False,False,True,False,False,True,False,False,False,True,False,False,True,True,False,False,False,True,True
50.0,8049,7,54.0,3,4,2,4,1053,256,1309,4,1,1339,0,1339,1,2,0,2,1,3,6,6,1,1990.0,0,2,484,2,2,2,0,58,0,90,180000,3,3.0,148,2648,1,16,16,0,True,False,False,False,False,True,False,False,False,False,False,False,False,False,False,False,False,False,True,False,True,False,False,False,False,False,True,False,False,True,False,False,False,False,True,False,False,True,False,False,False,True,True,False,False,False,True,True
61.0,8800,5,0.0,3,4,2,2,532,364,1040,4,1,1040,0,1040,0,2,0,3,1,2,5,6,0,1977.0,3,2,484,5,5,2,0,0,0,288,150500,0,2.0,288,2080,1,32,1,0,True,False,False,False,False,False,False,False,False,False,False,False,False,False,False,False,False,False,False,False,True,False,False,False,False,True,False,False,False,True,False,False,False,False,False,True,False,True,False,False,False,True,False,False,True,False,True,True
94.0,9400,6,0.0,3,4,4,0,0,912,912,4,1,912,912,1824,0,2,2,4,2,3,8,6,0,0.0,1,0,0,3,3,2,128,0,0,0,139000,0,3.0,0,2736,2,39,39,0,True,False,False,True,False,False,False,False,False,False,False,False,False,False,False,False,False,False,False,False,True,False,True,False,True,False,False,False,False,False,True,False,False,False,False,True,False,True,False,False,False,True,False,False,False,False,True,True
50.0,9638,6,0.0,3,4,4,4,0,804,804,0,1,1699,748,2447,0,2,0,4,1,2,10,3,1,1969.0,3,1,336,5,5,2,272,0,42,116,169000,4,2.0,158,3251,2,91,20,0,True,False,False,True,False,False,False,False,False,False,False,False,False,False,False,False,False,False,False,True,False,False,False,False,False,True,False,False,False,False,False,False,True,False,False,True,False,False,True,False,False,True,False,False,True,False,True,True
50.0,6000,6,0.0,3,1,4,4,0,780,780,0,1,825,587,1412,0,1,0,4,1,3,6,6,1,1939.0,3,1,280,5,5,2,45,0,0,0,132500,4,1.0,0,2192,2,70,59,0,False,True,False,True,False,False,False,True,False,False,False,False,False,False,False,False,False,False,False,False,True,False,False,False,False,True,False,False,False,False,True,False,False,False,False,True,False,True,False,False,True,False,False,False,True,False,True,True
69.83881255342128,9790,6,451.0,3,4,4,4,569,678,1328,4,1,1328,0,1328,1,1,1,3,1,3,6,6,2,1963.0,3,2,528,5,5,2,0,26,0,0,143000,4,2.5,26,2656,1,47,47,0,True,False,False,True,False,False,False,False,False,False,False,False,False,False,False,False,False,False,False,True,False,False,False,False,False,False,True,False,False,True,False,False,False,False,True,False,False,True,False,False,False,True,True,False,False,False,True,True
104.71669800367613,36500,5,621.0,3,2,4,0,812,812,1624,1,1,1582,0,1582,0,2,0,4,1,3,7,6,0,1964.0,3,2,390,5,5,0,168,198,0,0,190000,0,2.5,198,3206,1,42,42,0,True,False,False,False,False,False,False,False,False,False,False,False,False,False,False,False,False,False,False,False,True,False,False,False,False,True,False,False,False,False,False,False,True,True,False,False,False,True,False,False,False,True,True,False,False,False,True,True
40.0,5664,8,0.0,2,4,2,4,1158,343,1501,0,1,1659,0,1659,1,2,0,2,1,0,5,6,1,2000.0,0,2,499,5,5,2,212,59,0,0,278000,5,3.0,59,3160,1,9,9,0,True,False,False,False,False,False,False,False,False,False,False,False,False,False,False,False,False,True,False,False,True,False,False,False,False,True,False,False,True,False,False,False,False,False,False,True,False,False,True,False,False,True,True,False,False,False,True,True
86.0,11065,8,788.0,2,4,2,2,0,1085,1085,0,1,1120,850,1970,0,2,1,3,1,0,8,6,1,2006.0,0,3,753,5,5,2,177,74,0,0,281000,4,2.5,74,3055,2,0,0,1,True,False,False,False,False,False,False,False,False,False,False,False,False,True,False,False,False,False,False,False,True,False,False,False,True,True,False,False,False,False,False,True,False,False,False,False,True,False,True,False,False,True,False,True,False,True,False,False
75.48247488648012,14112,5,86.0,3,4,4,0,1014,138,1152,4,1,1152,0,1152,1,1,0,3,1,3,6,6,1,1964.0,2,2,484,5,5,2,227,0,0,0,180500,4,2.0,0,2304,1,46,46,0,True,False,False,False,False,False,False,False,False,False,False,True,False,False,False,False,False,False,False,False,True,False,False,False,False,False,True,False,False,False,False,False,True,False,True,False,False,False,True,False,False,True,True,False,False,False,True,True
21.0,1680,5,268.0,3,4,4,4,231,399,630,4,1,630,672,1302,0,2,1,3,1,3,6,6,0,1972.0,3,1,264,5,5,2,185,0,0,0,119500,0,2.5,0,1932,2,37,37,0,False,True,False,True,False,False,True,False,False,False,False,False,False,False,False,False,False,False,False,False,True,False,False,True,True,True,False,False,True,False,False,False,False,False,True,False,False,True,False,False,False,True,False,False,True,False,True,True
60.0,6600,5,0.0,3,4,4,4,0,994,994,4,0,1378,994,2372,0,2,0,4,2,3,11,3,0,1985.0,2,1,432,5,5,2,0,287,0,0,107500,0,2.0,287,3366,2,117,44,0,False,True,False,True,False,False,False,False,False,False,False,False,False,False,True,False,False,False,False,False,True,False,False,False,True,True,False,False,False,False,False,False,True,True,False,True,False,False,False,False,False,True,True,False,False,False,True,True
78.0,10140,7,0.0,3,4,2,4,194,638,832,4,1,832,832,1664,0,2,1,4,1,3,8,6,1,1976.0,2,2,528,5,5,2,0,28,0,259,162900,3,2.5,287,2496,2,30,30,0,True,False,False,True,False,False,False,False,False,False,False,False,False,False,False,False,False,False,False,False,True,False,False,False,True,True,False,False,False,True,False,False,False,False,False,True,False,False,True,False,False,True,True,False,False,False,True,True
60.0,8172,5,0.0,3,4,4,4,167,697,864,4,1,864,0,864,1,1,0,2,1,3,5,6,0,1957.0,3,2,572,5,5,0,0,0,0,0,115000,0,2.0,0,1728,1,51,16,0,True,False,False,True,False,False,False,False,True,False,False,False,False,False,False,False,False,False,False,False,True,False,False,False,False,False,True,False,False,False,False,False,False,False,False,True,False,True,False,False,False,True,False,False,True,False,True,True
70.0,8400,5,168.0,3,4,4,0,1016,36,1052,2,1,1052,0,1052,1,1,1,3,1,3,5,6,0,1968.0,2,1,288,5,5,2,356,0,0,0,138500,0,2.5,0,2104,1,38,38,0,True,False,False,True,False,False,False,False,False,False,False,True,False,False,False,False,False,False,False,True,False,False,False,False,False,False,True,False,False,True,False,False,False,False,True,False,False,True,False,False,False,True,True,False,False,False,True,True
80.0,8700,5,148.0,3,2,4,2,776,344,1120,2,1,1128,0,1128,1,2,0,3,1,3,6,6,0,1963.0,2,2,525,5,5,2,192,20,123,0,155000,0,3.0,143,2248,1,45,45,0,True,False,False,True,False,False,False,False,False,False,False,True,False,False,False,False,False,False,False,False,True,False,False,False,False,False,True,False,False,False,True,False,False,False,True,False,False,True,False,False,False,True,True,False,False,False,True,True
35.0,3675,6,82.0,3,4,2,1,547,0,547,2,1,1072,0,1072,1,2,0,2,1,3,5,6,0,2005.0,0,2,525,5,5,2,0,44,0,0,140000,0,3.0,44,1619,1,1,0,0,False,True,False,True,False,False,False,False,True,False,False,False,False,False,False,False,False,False,False,False,True,False,False,False,False,True,False,False,False,False,False,True,False,False,True,False,False,False,True,False,False,True,False,False,False,True,False,False
75.0,7500,5,0.0,3,4,4,4,340,0,1246,0,1,1246,0,1246,1,1,1,3,1,2,6,6,0,1959.0,2,1,305,5,5,2,218,0,0,0,154000,0,2.5,0,2492,1,51,16,0,True,False,False,True,False,False,False,False,False,False,False,True,False,False,False,False,False,False,False,False,True,False,False,False,False,False,True,False,False,False,False,False,False,False,False,True,False,True,False,False,False,True,True,False,False,False,True,True
71.10804896890791,10762,7,344.0,2,4,2,4,694,284,978,0,1,1005,978,1983,0,2,1,3,1,2,9,6,1,1999.0,0,2,490,5,5,2,0,0,0,0,225000,3,2.5,0,2961,2,10,10,0,True,False,False,False,False,True,False,False,False,False,False,False,False,False,False,False,False,False,False,False,True,False,False,False,True,True,False,False,False,False,False,True,False,False,False,True,False,False,True,False,False,True,True,False,False,False,True,True
66.8485333440958,7500,6,0.0,3,4,4,4,547,224,771,1,1,753,741,1494,0,1,0,3,1,2,7,6,2,1942.0,3,1,213,5,5,1,0,0,0,224,177500,4,1.0,224,2265,2,67,59,0,True,False,False,False,False,False,False,False,False,False,False,False,False,False,False,False,False,False,False,False,True,False,False,False,True,True,False,False,False,False,False,False,True,True,False,True,False,True,False,False,False,True,True,False,False,False,True,True
92.0,10120,8,391.0,2,4,2,4,740,425,1165,0,1,1203,1323,2526,1,2,1,4,1,2,8,6,1,1994.0,2,3,844,5,5,2,309,78,0,0,290000,3,3.5,78,3691,2,12,12,0,True,False,False,True,False,False,False,False,False,False,False,False,True,False,False,False,False,False,False,False,True,False,False,False,True,False,True,False,False,False,False,True,False,False,True,False,False,False,True,False,False,True,True,False,False,False,True,True
73.0,8688,7,228.0,2,4,2,0,0,1616,1616,0,1,1616,0,1616,0,2,0,3,1,2,7,6,0,2005.0,2,3,834,5,5,2,208,59,0,0,232000,0,2.0,59,3232,1,1,1,0,True,False,False,True,False,False,False,False,False,False,False,False,False,False,False,False,True,False,False,False,True,False,False,False,False,True,False,False,False,False,False,True,False,False,True,False,False,False,True,False,False,True,True,False,False,False,True,True
32.0,3363,7,117.0,2,4,2,4,0,976,976,0,1,976,732,1708,0,2,0,3,1,2,7,0,0,2004.0,3,2,380,5,5,2,0,40,0,0,130000,0,2.0,40,2684,2,2,2,0,False,True,False,True,False,False,False,False,True,False,False,False,False,False,False,False,False,False,False,False,True,False,False,False,True,True,False,False,False,False,False,True,False,False,False,False,True,False,True,False,False,True,False,False,True,False,True,True
108.0,13173,9,300.0,2,4,0,4,1572,80,1652,0,1,1652,0,1652,1,2,0,2,1,0,6,6,2,2006.0,0,2,840,5,5,2,404,102,0,0,325000,5,3.0,102,3304,1,3,2,0,True,False,False,False,False,False,False,False,False,False,False,False,False,True,False,False,False,False,False,False,True,False,False,False,False,False,True,False,False,False,False,True,False,False,False,False,True,False,True,False,False,True,True,False,False,False,True,True
48.0,6955,7,94.0,2,4,2,4,0,1368,1368,0,1,1368,0,1368,0,2,0,2,1,2,6,6,1,2005.0,2,2,474,5,5,2,132,35,0,0,202500,4,2.0,35,2736,1,1,0,0,True,False,False,False,False,False,False,False,False,False,False,False,False,True,False,False,False,False,False,False,True,False,False,False,False,True,False,False,False,False,False,True,False,False,False,False,True,False,True,False,False,True,True,False,False,True,False,False
60.0,8072,5,0.0,3,2,2,4,746,244,990,0,1,990,0,990,1,1,0,3,1,3,5,6,0,2000.0,3,2,480,5,5,2,0,64,0,0,138000,0,2.0,64,1980,1,15,14,0,True,False,False,True,False,False,False,False,False,False,False,False,False,False,False,False,False,False,False,False,True,False,False,False,False,True,False,False,False,False,False,True,False,False,False,True,False,False,True,False,False,True,False,False,True,False,True,True
100.0,12000,5,0.0,3,4,4,4,144,172,924,0,1,1122,0,1122,1,1,0,2,1,2,6,6,0,1948.0,3,2,528,5,5,2,0,36,0,0,147000,0,2.0,36,2046,1,60,3,0,False,True,False,True,False,False,False,False,False,False,False,False,False,False,True,False,False,False,False,False,True,False,False,False,False,True,False,False,False,False,True,False,False,False,False,True,False,True,False,False,False,True,True,False,False,False,True,True
66.3954211669622,7153,6,88.0,3,4,2,4,1200,78,1278,2,1,1294,0,1294,1,2,0,3,1,2,6,6,0,1991.0,2,2,496,5,5,2,112,51,0,0,179200,0,3.0,51,2572,1,17,17,0,True,False,False,True,False,False,False,False,False,False,False,False,False,False,False,False,False,False,False,False,True,False,False,False,False,True,False,False,False,True,False,False,False,False,True,False,False,True,False,False,False,True,True,False,False,False,True,True
100.0,17500,7,0.0,2,2,2,0,1406,496,1902,4,1,1902,0,1902,1,2,0,3,1,0,7,6,2,1959.0,0,2,567,5,5,2,0,207,162,0,335000,3,3.0,369,3804,1,51,8,0,True,False,False,True,False,False,False,False,False,False,False,False,False,False,False,False,False,False,False,False,False,False,False,False,False,True,False,False,False,False,False,False,False,False,False,True,False,False,True,False,False,True,True,False,False,False,True,True
68.0,8814,7,80.0,2,4,2,4,925,349,1274,0,1,1274,0,1274,1,2,0,3,1,2,6,6,0,2005.0,2,2,508,5,5,2,264,98,0,0,203000,0,3.0,98,2548,1,2,0,0,True,False,False,True,False,False,False,False,False,False,False,False,False,False,False,False,False,False,False,False,True,False,False,False,False,True,False,False,False,False,False,True,False,False,True,False,False,False,True,False,False,True,True,False,False,True,False,False
69.55414841908375,9572,8,336.0,2,4,0,4,482,971,1453,0,1,1453,1357,2810,0,2,1,4,1,2,9,6,1,1990.0,2,2,750,2,2,2,500,0,0,0,302000,5,2.5,0,4263,2,17,17,0,True,False,False,False,False,False,False,False,False,False,False,False,True,False,False,False,False,False,False,False,True,False,False,False,True,True,False,False,False,False,False,False,True,True,True,False,False,False,True,False,False,True,True,False,False,False,True,True
108.0,14774,9,165.0,2,4,2,4,0,1393,1393,0,1,1422,1177,2599,0,2,1,4,1,2,10,6,1,1999.0,0,3,779,5,5,2,668,30,0,0,333168,3,2.5,30,3992,2,11,11,0,True,False,False,False,False,False,False,False,False,False,False,False,True,False,False,False,False,False,False,False,True,False,False,False,True,True,False,False,False,False,False,True,False,False,True,False,False,False,True,False,False,True,False,True,False,False,True,True
60.0,8190,4,0.0,3,4,4,4,732,216,948,0,1,948,0,948,1,1,0,3,1,3,5,6,1,1956.0,3,1,280,5,5,2,0,36,0,0,119000,3,2.0,36,1896,1,53,53,0,True,False,False,True,False,False,False,False,True,False,False,False,False,False,False,False,False,False,False,False,True,False,False,False,False,False,True,False,False,False,False,False,True,True,False,True,False,True,False,False,False,True,False,False,True,False,True,True
85.0,11075,6,0.0,3,4,1,2,500,176,952,4,1,1092,1020,2112,0,2,1,4,1,3,9,6,2,1969.0,3,2,576,5,5,2,280,0,0,0,206900,4,2.5,0,3064,2,39,39,0,True,False,False,True,False,False,False,False,False,False,False,True,False,False,False,False,False,False,False,False,True,False,False,False,True,True,False,False,False,True,False,False,False,False,False,True,False,True,False,False,False,True,True,False,False,False,True,True
61.0,10226,8,270.0,2,4,0,1,0,1622,1622,0,1,1630,0,1630,1,2,0,3,1,0,8,6,1,2008.0,2,3,860,5,5,2,172,42,0,0,295493,4,3.0,42,3252,1,1,1,0,True,False,False,False,False,False,False,False,False,False,False,False,False,False,False,False,False,False,False,False,True,False,False,False,False,True,False,False,False,False,False,True,False,False,False,False,True,False,True,False,False,True,True,False,False,False,True,True
47.0,4230,7,0.0,2,4,0,4,0,1352,1352,0,1,1352,0,1352,0,2,0,2,1,2,5,6,1,2006.0,2,2,466,5,5,2,0,241,0,0,208900,4,2.0,241,2704,1,1,0,0,False,False,False,True,False,False,False,False,False,False,False,False,False,False,False,False,True,False,False,False,True,False,False,False,False,True,False,False,False,False,False,True,False,False,False,True,False,False,True,False,False,True,True,False,False,True,False,False
76.3560542712132,14781,8,178.0,2,4,2,1,0,1753,1753,0,1,1787,0,1787,0,2,0,3,1,2,7,6,1,2001.0,2,3,748,5,5,2,198,150,0,0,275000,3,2.0,150,3540,1,5,4,0,True,False,True,False,False,True,False,False,False,False,False,False,False,False,False,False,False,False,False,False,True,False,False,False,False,False,True,False,False,False,False,True,False,False,True,False,False,False,True,False,False,True,True,False,False,False,True,True
75.0,10215,4,132.0,3,4,4,4,492,372,864,0,1,948,0,948,0,1,0,3,1,3,5,6,0,1954.0,3,1,248,5,5,2,0,0,0,0,111000,0,1.0,0,1812,1,53,53,0,True,False,False,True,False,False,False,False,True,False,False,False,False,False,False,False,False,False,False,False,True,False,False,False,False,False,True,False,False,False,False,False,True,True,True,False,False,False,True,False,False,True,True,False,False,False,True,True
70.0,8400,6,0.0,3,4,4,4,189,628,1478,2,1,1478,0,1478,1,1,1,3,1,3,6,6,2,1957.0,2,2,442,5,5,2,114,0,0,216,156500,4,2.5,216,2956,1,52,52,0,True,False,False,True,False,False,False,False,False,False,False,True,False,False,False,False,False,False,False,False,True,False,False,False,False,False,True,False,False,False,False,False,False,False,False,True,False,True,False,False,False,True,True,False,False,False,True,True
65.7085710079643,6627,3,0.0,3,4,3,3,0,0,0,4,0,720,0,720,0,1,0,2,1,3,4,6,0,1955.0,3,1,287,5,1,2,0,0,0,0,72500,0,1.0,0,720,1,59,58,0,True,False,False,False,False,False,False,True,False,False,False,False,False,False,False,False,False,False,False,True,False,False,False,False,False,False,True,False,False,False,False,True,False,False,False,True,False,True,False,False,False,True,False,False,True,False,True,True
107.0,10186,7,0.0,2,4,2,4,674,76,750,0,1,1061,862,1923,1,2,1,3,1,2,8,6,1,1992.0,2,2,564,5,5,2,240,39,0,0,190000,3,3.5,39,2673,2,18,18,0,True,False,False,False,False,False,False,False,False,False,False,False,True,False,False,False,False,False,False,False,True,False,False,False,True,True,False,False,False,True,False,False,False,False,False,True,False,False,True,False,False,True,True,False,False,False,True,True
50.0,5330,4,0.0,1,4,4,4,280,140,420,2,1,708,0,708,0,1,0,2,1,1,5,6,0,0.0,1,0,0,3,3,2,164,0,0,0,82500,0,1.0,0,1128,1,69,59,0,True,False,False,True,True,False,False,True,False,False,False,False,False,False,False,False,False,False,False,False,True,False,False,False,False,False,True,False,False,False,False,True,False,False,False,True,False,True,False,False,False,True,False,False,False,False,True,True
75.0,9986,8,428.0,2,4,0,0,0,1795,1795,0,1,1795,0,1795,0,2,0,2,1,2,7,6,1,2007.0,2,3,895,5,5,2,0,49,0,0,147000,4,2.0,49,3590,1,1,0,0,True,False,False,True,False,False,False,False,False,False,False,False,False,False,False,False,True,False,False,False,True,False,False,False,False,True,False,False,False,False,False,True,False,False,True,False,False,False,True,False,False,True,True,False,False,True,False,False
40.0,3636,4,0.0,3,4,4,4,0,796,796,1,0,796,0,796,0,1,0,2,1,3,5,6,0,0.0,1,0,0,3,3,0,0,0,100,0,55000,0,1.0,100,1592,1,86,58,0,False,True,False,True,False,False,False,False,False,True,False,False,False,False,False,False,False,False,False,False,True,False,False,False,False,True,False,False,False,False,False,False,False,False,False,True,False,False,False,False,False,True,False,False,False,False,True,True
70.0,4270,3,0.0,3,4,4,4,544,0,544,0,1,774,0,774,0,1,0,3,1,2,6,6,0,0.0,1,0,0,3,3,2,0,0,286,0,79000,0,1.0,286,1318,1,76,1,0,False,False,False,True,False,False,False,False,True,False,False,False,False,False,False,False,False,False,False,False,True,False,False,False,False,True,False,False,False,False,True,False,False,False,False,True,False,False,False,False,False,True,False,False,False,False,True,True
60.0,6600,5,0.0,2,2,4,4,641,175,816,0,1,816,0,816,0,1,0,3,1,2,5,6,1,1982.0,3,1,264,5,5,2,0,0,0,0,130500,5,1.5,0,1632,1,26,0,0,True,False,False,True,False,False,False,False,False,False,False,False,False,False,False,False,False,False,False,False,True,False,False,False,False,True,False,False,False,False,False,True,False,False,False,True,False,True,False,False,False,True,True,False,False,False,True,True
60.0,10440,6,0.0,2,2,2,4,493,1017,1510,0,1,1584,1208,2792,0,2,0,5,1,3,8,4,2,1920.0,3,2,520,1,5,2,0,547,0,480,256000,3,2.0,1027,4302,2,88,58,0,False,True,False,True,False,False,False,False,False,False,False,False,False,False,True,False,False,False,False,False,True,False,False,False,False,True,False,False,False,False,False,False,False,True,False,True,False,False,False,False,False,True,False,False,True,False,True,True
63.0,9084,7,0.0,3,4,2,4,0,935,935,2,1,955,677,1632,0,2,1,3,1,3,8,6,1,1998.0,0,2,462,5,5,2,0,28,0,0,176500,3,2.5,28,2567,2,8,8,0,True,False,False,False,False,False,False,False,False,False,False,False,False,False,False,False,False,False,False,False,True,False,False,False,True,False,True,False,False,False,False,True,False,False,False,True,False,False,True,False,False,True,True,False,False,False,True,True
85.0,10000,8,410.0,2,4,2,0,0,1588,1588,0,1,1588,0,1588,0,2,0,3,1,2,7,6,1,2006.0,2,3,825,5,5,2,144,45,0,0,227000,4,2.0,45,3176,1,1,1,0,True,False,False,True,False,False,False,False,False,False,False,False,False,False,False,False,True,False,False,False,True,False,False,False,False,False,True,False,False,False,False,True,False,False,False,False,True,False,True,False,False,True,True,False,False,False,True,True
55.0,10780,5,0.0,3,4,4,0,483,428,911,2,1,954,0,954,0,1,0,3,1,3,6,6,0,1976.0,3,2,576,5,5,2,0,0,0,0,132500,0,1.0,0,1865,1,30,30,0,True,False,False,False,False,False,False,False,False,False,False,False,False,False,False,False,False,False,False,False,True,False,False,False,False,True,False,False,False,False,True,False,False,False,False,True,False,True,False,False,False,True,False,False,True,False,True,True
67.0,8877,4,0.0,3,4,4,2,690,126,816,0,1,816,0,816,1,1,0,2,1,3,3,6,1,1958.0,3,1,288,1,1,2,0,0,0,0,100000,4,2.0,0,1632,1,71,51,0,True,False,False,True,False,False,False,False,True,False,False,False,False,False,False,False,False,False,False,False,True,False,False,False,False,True,False,False,False,False,True,False,False,False,False,True,False,True,False,False,False,True,False,False,True,False,True,True
60.0,7200,5,0.0,3,4,4,4,0,803,803,0,1,803,557,1360,0,1,1,2,1,2,6,6,0,1951.0,3,1,297,5,5,2,0,65,190,0,125500,0,1.5,255,2163,2,68,11,0,False,True,False,True,False,False,False,False,False,True,False,False,False,False,False,False,False,False,False,False,True,False,False,False,False,True,False,False,False,False,False,False,True,True,False,True,False,True,False,False,False,True,False,False,True,False,True,True
24.0,2368,5,312.0,3,4,4,4,765,0,765,4,1,765,600,1365,0,1,1,3,1,3,7,2,0,1970.0,3,2,440,5,5,2,0,36,0,0,125000,0,1.5,36,2130,2,39,39,0,False,True,False,True,False,False,True,False,False,False,False,False,False,False,False,False,False,False,False,False,True,False,False,False,True,True,False,False,False,True,False,False,False,False,False,True,False,True,False,False,False,True,True,False,False,False,True,True
80.0,9650,6,360.0,3,4,2,4,686,664,1350,4,1,1334,0,1334,0,2,0,2,1,3,6,6,1,1977.0,2,2,630,5,5,2,0,16,0,0,167900,3,2.5,16,2684,1,32,32,0,True,False,False,True,False,False,False,False,False,False,False,False,False,False,False,False,False,False,False,False,True,False,False,False,False,True,False,False,False,False,False,False,False,False,True,False,False,True,False,False,False,True,True,False,False,False,True,True
87.0,9246,5,564.0,3,4,4,4,0,1656,1656,4,1,1656,0,1656,0,2,0,4,2,3,8,6,0,1973.0,3,2,506,5,5,2,0,211,0,0,135000,0,2.0,211,3312,1,35,35,0,True,False,False,False,False,False,False,False,False,False,False,False,False,False,False,False,False,False,False,True,False,False,True,False,False,True,False,False,False,False,False,False,False,False,True,False,False,True,False,False,False,True,False,False,True,False,True,True
153.0,4118,4,0.0,3,4,4,4,0,693,693,1,0,693,0,693,0,1,0,2,1,1,4,6,0,0.0,1,0,0,3,3,0,0,20,0,0,52500,0,1.0,20,1386,1,65,56,0,False,True,False,False,False,False,False,False,False,False,False,False,False,False,True,False,False,False,False,True,False,False,False,False,False,True,False,False,False,False,False,False,True,True,False,True,False,True,False,False,False,False,False,False,False,False,True,True
95.0,13450,7,0.0,2,4,2,4,700,216,916,0,1,920,941,1861,1,2,1,3,1,2,8,6,0,2002.0,2,2,492,5,5,2,146,91,0,0,200000,0,3.5,91,2777,2,4,4,0,True,False,False,False,False,False,False,False,False,False,False,False,False,False,False,False,False,False,False,False,True,False,False,False,True,True,False,False,False,False,False,True,False,False,False,True,False,False,True,False,False,True,False,True,False,False,True,True
120.0,9560,5,0.0,3,2,4,2,360,504,864,0,1,864,0,864,0,1,0,3,1,3,5,6,0,1972.0,2,1,288,5,5,2,0,0,0,0,128500,0,1.0,0,1728,1,34,34,0,True,False,False,False,False,False,False,False,False,False,False,False,False,False,False,False,False,False,False,False,True,False,False,False,False,False,True,False,False,False,True,False,False,False,False,True,False,True,False,False,False,True,True,False,False,False,True,True
70.0,8294,4,0.0,3,4,4,4,0,858,858,4,1,872,0,872,0,1,0,3,1,3,5,6,0,1974.0,3,4,480,5,5,2,0,0,0,0,123000,0,1.0,0,1730,1,36,36,0,True,False,False,True,False,False,False,False,False,False,False,True,False,False,False,False,False,False,False,False,True,False,False,False,False,True,False,False,False,False,True,False,False,False,False,True,False,True,False,False,False,True,False,False,True,False,True,True
66.0,13695,6,0.0,3,4,2,4,814,300,1114,0,1,1114,0,1114,1,1,0,3,1,2,6,6,0,2004.0,3,2,576,5,5,2,0,78,0,0,155000,0,2.0,78,2228,1,5,4,0,True,False,False,True,False,False,False,False,False,False,False,False,False,False,False,False,False,False,False,False,False,False,False,False,False,True,False,False,False,False,False,True,False,False,False,True,False,False,True,False,False,True,False,False,True,False,True,True
69.29690605915488,9375,8,149.0,2,4,2,4,0,1284,1284,0,1,1284,885,2169,0,2,1,3,1,2,7,6,1,2002.0,2,2,647,5,5,2,192,87,0,0,228500,4,2.5,87,3453,2,5,5,0,True,False,False,True,False,False,False,False,False,False,False,False,False,False,False,False,False,False,False,False,True,False,False,False,True,True,False,False,False,False,False,True,False,False,True,False,False,False,True,False,False,True,True,False,False,False,True,True
57.0,7558,6,0.0,3,4,4,4,0,896,896,2,1,1172,741,1913,0,1,1,3,1,3,9,6,1,1929.0,3,2,342,1,1,2,0,0,0,0,177000,3,1.5,0,2809,2,81,59,0,True,False,False,True,False,False,False,False,False,False,False,False,False,False,False,False,False,False,False,False,True,False,False,False,False,True,False,False,False,False,False,False,False,False,False,True,False,False,False,False,False,True,False,False,True,False,True,True
85.0,11103,7,0.0,2,4,2,4,0,728,728,0,1,728,728,1456,0,2,1,3,1,2,8,6,1,2006.0,0,2,440,5,5,2,0,0,0,0,155835,3,2.5,0,2184,2,1,1,0,True,False,False,False,False,False,False,False,False,False,False,False,False,False,False,False,False,False,False,False,True,False,False,False,True,True,False,False,False,False,False,True,False,False,False,True,False,False,True,False,False,True,True,False,False,True,False,False
50.0,6000,4,0.0,3,4,4,4,250,710,960,2,1,960,0,960,0,1,0,2,1,1,5,6,0,1997.0,3,1,308,5,5,2,0,0,168,0,108500,0,1.0,168,1920,1,87,57,0,False,True,False,True,False,False,False,False,False,False,False,False,False,False,True,False,False,False,False,False,True,False,False,False,False,False,True,False,False,False,True,False,False,False,False,True,False,False,True,False,False,False,False,False,True,False,True,True
84.19084695940222,20781,7,0.0,3,4,4,4,297,1203,1568,4,1,2156,0,2156,0,2,0,3,1,3,9,6,1,1968.0,2,2,508,2,5,2,0,80,0,0,262500,4,2.0,370,3724,1,38,3,0,True,False,True,False,False,True,False,False,False,False,False,False,False,False,False,False,False,False,False,False,False,False,False,False,False,False,True,False,False,False,False,False,False,False,False,True,False,True,False,False,False,True,True,False,False,False,True,True
93.0,15306,8,100.0,2,4,0,1,80,1652,1732,0,1,1776,0,1776,1,2,0,3,1,2,7,6,1,2006.0,0,3,712,5,5,2,0,0,0,0,283463,4,3.0,0,3508,1,1,0,0,True,False,False,False,True,False,False,False,False,False,False,False,False,False,False,False,False,False,True,False,True,False,False,False,False,True,False,False,False,False,False,True,False,False,False,False,True,False,True,False,False,True,True,False,False,True,False,False
78.20375954684444,16196,7,0.0,2,4,2,1,1443,39,1482,0,1,1494,0,1494,1,2,0,3,1,2,5,6,1,1998.0,2,2,514,5,5,2,402,25,0,0,215000,2,3.0,25,2976,1,9,9,0,True,False,False,False,False,False,False,False,False,False,False,False,False,False,False,False,False,False,False,False,True,False,False,False,False,True,False,False,False,False,False,True,False,False,False,True,False,False,True,False,False,True,True,False,False,False,True,True
50.0,5250,8,0.0,3,2,4,4,259,425,684,1,0,938,1215,2358,0,2,0,4,1,3,8,6,0,0.0,1,0,0,3,3,2,0,54,20,0,122000,0,2.0,74,2837,2,136,21,0,False,True,False,True,False,False,False,False,False,False,False,False,False,False,True,False,False,False,False,False,True,False,False,False,True,True,False,False,False,False,True,False,False,False,False,True,False,False,False,False,False,True,False,False,False,False,True,True
91.0,11643,5,368.0,3,4,4,4,500,748,1248,4,1,1338,1296,2634,1,2,2,6,2,3,12,6,0,1969.0,3,4,968,5,5,2,0,0,0,0,200000,0,4.5,0,3882,2,40,40,0,True,False,False,True,False,False,False,False,False,False,False,True,False,False,False,False,False,False,False,False,False,False,True,False,True,True,False,False,False,False,True,False,False,False,True,False,False,True,False,False,False,True,False,False,True,False,True,True
70.0,9247,6,318.0,3,4,4,4,319,539,858,0,1,858,858,1716,0,1,1,4,1,3,8,6,1,1962.0,0,2,490,5,5,2,0,84,0,120,171000,4,1.5,204,2574,2,46,46,0,True,False,False,False,False,False,False,False,False,False,False,True,False,False,False,False,False,False,False,False,True,False,False,False,True,True,False,False,False,True,False,False,False,False,True,False,False,True,False,False,False,True,True,False,False,False,True,True
50.0,6000,6,0.0,2,4,4,4,0,698,698,4,1,786,390,1176,0,1,0,2,1,3,4,6,0,1999.0,3,2,624,5,5,0,210,0,0,0,134900,0,1.0,0,1874,2,72,9,0,False,True,False,True,False,False,False,True,False,False,False,False,False,False,False,False,False,False,False,False,True,False,False,False,False,True,False,False,False,False,True,False,False,False,False,True,False,False,False,False,False,True,False,False,True,False,True,True
56.0,14720,8,579.0,2,4,2,0,816,1217,2033,0,1,2053,1185,3238,1,2,1,4,1,2,9,6,1,1996.0,0,3,666,5,5,2,283,86,0,0,410000,5,3.5,86,5271,2,15,14,0,True,False,False,False,False,True,False,False,False,False,False,False,True,False,False,False,False,False,False,False,True,False,False,False,False,False,True,False,False,False,False,True,False,False,True,False,False,False,True,False,False,True,True,False,False,False,True,True
70.52566271241918,10316,7,0.0,2,4,2,4,735,257,992,0,1,992,873,1865,1,2,1,3,1,2,7,6,1,2000.0,2,3,839,5,5,2,0,184,0,0,235000,3,3.5,184,2857,2,8,8,0,True,False,False,False,False,False,False,False,False,False,False,False,False,False,False,False,False,False,False,False,True,False,False,False,True,True,False,False,False,False,False,True,False,False,False,True,False,False,True,False,False,True,True,False,False,False,True,True
102.0,10192,7,143.0,3,4,4,4,0,570,570,2,1,1222,698,1920,0,3,0,4,1,2,8,6,1,1968.0,2,2,487,5,5,2,0,98,0,0,170000,3,3.0,98,2490,2,38,14,0,True,False,False,False,False,False,False,False,False,False,False,False,False,False,False,False,False,False,False,False,True,False,False,False,False,True,False,False,False,False,True,False,False,False,True,False,False,True,False,False,False,True,True,False,False,False,True,True
69.43009753485408,9477,5,65.0,3,4,4,4,340,524,864,4,1,892,0,892,0,1,0,3,1,3,5,6,0,1966.0,2,1,264,5,5,2,0,0,0,0,110000,0,1.0,0,1756,1,42,42,0,True,False,False,True,False,False,False,False,False,False,False,True,False,False,False,False,False,False,False,False,True,False,False,False,False,True,False,False,False,True,False,False,False,False,True,False,False,True,False,False,False,True,True,False,False,False,True,True
73.42584180583049,12537,5,0.0,3,4,4,4,734,344,1078,0,1,1078,0,1078,1,1,1,3,1,3,6,6,1,1971.0,0,2,500,5,5,2,0,0,0,0,149900,2,2.5,0,2156,1,39,2,0,True,False,False,False,False,True,False,False,False,False,False,True,False,False,False,False,False,False,False,False,True,False,False,False,False,True,False,False,False,False,False,True,False,False,False,True,False,True,False,False,False,True,True,False,False,False,True,True
59.819418504008866,2117,6,216.0,2,4,2,4,378,378,756,0,1,769,804,1573,0,2,1,3,1,2,5,6,0,2000.0,3,2,440,5,5,2,0,32,0,0,177500,0,2.5,32,2329,2,10,10,0,False,False,False,True,False,False,False,False,False,False,False,False,False,False,False,False,True,False,False,False,True,False,False,True,True,True,False,False,False,False,True,False,False,False,True,False,False,False,True,False,False,True,False,False,True,False,True,True
129.0,16737,9,66.0,2,4,0,0,1447,533,1980,0,1,1980,0,1980,1,2,0,3,1,0,8,6,1,2004.0,0,3,770,5,5,2,194,45,0,0,315000,4,3.0,45,3960,1,2,1,0,True,False,False,True,False,False,False,False,False,False,False,False,False,True,False,False,False,False,False,False,True,False,False,False,False,False,True,False,False,False,False,True,False,False,True,False,False,False,True,False,False,True,True,False,False,False,True,True
51.0,9842,5,0.0,3,4,4,4,0,612,612,0,1,990,1611,2601,0,3,1,4,1,3,8,6,0,1998.0,2,2,621,5,5,2,183,0,301,0,189000,0,3.5,301,3213,2,87,10,0,True,False,False,True,False,False,False,False,False,False,False,False,False,False,False,False,False,False,False,True,False,False,False,False,True,True,False,False,False,False,True,False,False,True,False,True,False,False,False,False,False,True,False,True,False,False,True,True
124.0,16158,7,16.0,2,4,0,0,1274,256,1530,0,1,1530,0,1530,1,2,0,3,1,2,7,6,1,2005.0,0,2,430,5,5,2,168,36,0,0,260000,4,3.0,36,3060,1,4,4,0,True,False,False,False,False,False,False,False,False,False,False,False,False,False,False,False,False,True,False,False,True,False,False,False,False,False,True,False,False,False,False,True,False,False,False,False,True,False,True,False,False,True,True,False,False,False,True,True
73.39450263507774,12513,4,0.0,3,2,4,4,0,715,715,2,1,1281,457,1738,0,2,0,4,1,3,7,6,1,1920.0,3,1,368,5,5,2,55,0,0,0,104900,4,2.0,0,2453,2,89,2,0,True,False,False,False,False,False,False,False,False,False,False,True,False,False,False,False,False,False,False,True,False,False,False,False,False,True,False,False,False,False,False,True,False,False,False,True,False,False,False,False,False,True,True,False,False,False,True,True
73.0,8499,6,0.0,3,4,2,4,0,616,616,0,1,616,796,1412,0,2,1,3,1,2,6,6,1,2007.0,0,2,432,5,5,2,0,36,0,0,156932,4,2.5,36,2028,2,1,0,0,True,False,False,False,False,False,False,False,False,False,False,False,False,False,False,False,False,False,False,False,True,False,False,False,True,True,False,False,False,False,False,True,False,False,False,True,False,False,True,False,False,True,False,True,False,True,False,False
30.0,3180,7,0.0,2,4,2,4,0,600,600,0,1,520,600,1200,0,2,1,2,1,2,4,6,0,2005.0,2,2,480,5,5,2,0,166,0,0,144152,0,2.5,166,1720,2,1,1,0,False,False,False,True,False,False,False,False,False,False,False,False,False,False,False,False,True,False,False,False,True,False,False,False,True,True,False,False,False,False,True,False,False,False,False,True,False,False,True,False,False,True,False,False,True,False,True,False
66.8485333440958,7500,7,0.0,2,4,2,4,533,281,814,0,1,814,860,1674,1,2,1,3,1,2,7,6,0,2000.0,2,2,663,5,5,2,0,96,0,0,216000,0,3.5,96,2488,2,10,10,0,False,False,False,True,False,False,False,False,False,False,False,False,False,False,False,False,True,False,False,False,True,False,False,False,True,True,False,False,False,False,False,True,False,False,False,True,False,False,True,False,False,True,True,False,False,False,True,True
68.0,9179,7,158.0,2,4,2,4,633,240,873,0,1,882,908,1790,1,2,1,3,1,2,7,6,0,1999.0,2,2,588,5,5,2,0,88,0,0,193000,0,3.5,88,2663,2,9,9,0,True,False,False,False,False,False,False,False,False,False,False,False,False,False,False,False,False,False,False,False,True,False,False,False,True,True,False,False,False,False,False,True,False,False,True,False,False,False,True,False,False,True,True,False,False,False,True,False
41.0,2665,5,0.0,3,4,4,4,548,36,757,0,1,925,550,1475,0,2,0,4,1,3,6,6,1,1977.0,2,1,336,5,5,2,104,26,0,0,127000,3,2.0,26,2232,2,29,29,0,False,True,False,True,False,False,False,False,False,False,True,False,False,False,False,False,False,False,False,False,True,False,False,False,True,True,False,False,True,False,False,False,False,False,False,True,False,False,True,False,False,True,True,False,False,False,True,True
62.84626007921256,4435,6,170.0,2,4,2,0,685,163,848,0,1,848,0,848,1,1,0,1,1,2,4,6,0,2003.0,0,2,420,5,5,2,140,0,0,0,144000,0,2.0,0,1696,1,6,5,0,False,True,False,True,False,False,False,False,False,False,False,False,False,False,False,False,False,False,False,False,True,False,False,False,False,True,False,False,False,False,False,True,False,False,True,False,False,False,True,False,False,True,True,False,False,False,True,True
48.0,10635,8,171.0,2,4,2,0,370,315,1657,0,1,1668,0,1668,1,2,0,3,1,2,8,6,1,2003.0,0,2,502,5,5,2,0,262,0,0,232000,3,3.0,262,3325,1,7,7,0,True,False,True,False,False,False,False,False,False,False,False,False,False,False,False,False,False,False,False,False,True,False,False,False,False,False,True,False,False,False,False,True,False,False,True,False,False,False,True,False,False,True,True,False,False,False,True,True
90.0,5400,4,0.0,1,4,4,4,315,420,840,0,1,840,534,1374,0,1,0,2,1,3,6,6,0,1967.0,0,1,338,5,5,2,0,0,198,0,105000,0,1.0,198,2214,2,89,59,0,True,False,False,True,False,False,False,False,False,False,False,False,False,False,True,False,False,False,False,False,False,False,False,False,False,True,False,False,False,False,False,False,False,False,False,True,False,False,True,False,False,True,False,False,True,False,True,True
80.0,9600,6,0.0,3,4,4,0,831,161,992,2,1,1661,0,1661,1,1,0,3,1,2,8,6,1,1955.0,2,1,377,5,5,2,0,28,0,178,165500,3,2.0,206,2653,1,53,12,0,True,False,False,True,False,False,False,False,False,False,False,True,False,False,False,False,False,False,False,False,True,False,False,False,False,False,True,False,False,False,False,False,False,False,False,True,False,True,False,False,False,True,False,True,False,False,True,True
75.0,9750,7,0.0,3,4,2,0,975,133,1108,0,1,1108,989,2097,1,2,1,3,1,2,8,6,1,1998.0,2,2,583,5,5,2,253,170,0,0,274300,3,3.5,170,3205,2,8,8,0,True,False,False,True,False,False,False,False,False,False,False,False,False,False,False,False,False,False,False,False,True,False,False,False,True,True,False,False,False,False,False,True,False,False,False,True,False,False,True,False,False,True,False,False,True,False,True,True
71.94114859141867,11400,10,705.0,0,4,0,1,1282,1351,2633,0,1,2633,0,2633,1,2,1,2,1,0,8,6,2,2001.0,2,3,804,5,5,2,314,140,0,0,466500,4,3.5,140,5266,1,6,5,0,True,False,False,True,False,False,False,False,False,False,False,False,True,False,False,False,False,False,False,False,True,False,False,False,False,False,True,False,False,False,False,True,False,False,True,False,False,False,True,False,False,True,True,False,False,False,True,True
85.0,10625,7,0.0,2,4,2,4,0,1026,1026,0,1,1026,932,1958,0,2,1,3,1,2,9,6,1,2005.0,0,3,936,5,5,2,154,210,0,0,250000,4,2.5,210,2984,2,3,3,0,False,False,False,True,False,False,False,False,False,False,False,False,False,False,False,False,True,False,False,False,True,False,False,False,True,True,False,False,True,False,False,False,False,False,False,True,False,False,True,False,False,True,True,False,False,False,True,True
89.0,10991,8,80.0,2,4,2,1,0,1571,1571,0,1,1571,0,1571,0,2,0,3,1,2,7,6,1,2007.0,0,3,722,5,5,2,100,36,0,0,239000,4,2.0,36,3142,1,0,0,1,True,False,False,False,True,False,False,False,False,False,False,False,False,False,False,False,False,False,True,False,True,False,False,False,False,True,False,False,False,False,False,True,False,False,True,False,False,False,True,False,False,True,True,False,False,True,False,False
52.0,6292,6,0.0,3,4,2,2,384,384,768,4,0,790,0,790,0,1,0,2,1,3,4,6,0,1925.0,3,1,160,1,5,2,0,141,0,0,91000,0,1.0,141,1558,1,78,58,0,True,False,False,True,False,False,False,False,False,False,False,False,False,False,False,False,False,False,False,False,True,False,False,False,False,True,False,False,False,False,False,False,True,True,False,True,False,False,False,False,False,True,False,False,True,False,True,True
60.0,10998,5,0.0,3,4,4,4,408,156,984,0,1,984,620,1604,0,2,0,3,1,3,6,3,0,1977.0,3,2,660,5,5,2,0,68,0,0,117000,0,2.0,68,2588,2,68,49,0,True,False,False,True,False,False,False,False,True,False,False,False,False,False,False,False,False,False,False,False,True,False,False,False,False,True,False,False,False,False,False,False,True,True,False,True,False,True,False,False,False,True,False,False,True,False,True,True
21.0,1953,6,408.0,3,4,4,4,309,174,483,4,1,483,504,987,0,1,1,2,1,3,5,6,0,1973.0,3,1,264,5,5,2,72,0,0,0,83000,0,1.5,0,1470,2,33,33,0,False,True,False,True,False,False,True,False,False,False,False,False,False,False,False,False,False,False,False,False,True,False,False,True,True,True,False,False,False,True,False,False,False,False,True,False,False,True,False,False,False,True,False,False,True,False,True,True
73.0,9735,5,0.0,3,4,2,4,0,384,384,2,1,754,640,1394,0,2,1,3,1,2,7,6,0,2007.0,0,2,400,5,5,2,100,0,0,0,167500,0,2.5,0,1778,2,2,1,0,True,False,False,True,False,False,False,False,False,False,False,False,False,False,False,False,False,False,True,False,True,False,False,False,False,True,False,False,False,False,False,True,False,False,False,True,False,False,True,False,False,True,False,True,False,False,True,True
45.0,8212,3,0.0,3,1,4,4,203,661,864,4,0,864,0,864,1,1,0,2,1,3,5,6,0,1938.0,3,1,200,5,1,2,0,0,96,0,58500,0,2.0,96,1728,1,96,60,0,True,False,False,True,False,False,False,False,True,False,False,False,False,False,False,False,False,False,False,False,True,False,False,False,False,True,False,False,False,False,False,False,False,False,False,True,False,False,False,False,True,False,False,False,True,False,True,True
73.93249173300005,12925,6,0.0,3,4,4,2,865,340,1205,0,1,2117,0,2117,0,2,1,4,1,3,7,6,2,1970.0,0,2,550,5,5,2,0,42,0,0,237500,4,2.5,42,3322,1,38,38,0,True,False,False,False,False,False,False,False,False,False,False,True,False,False,False,False,False,False,False,False,True,False,False,False,False,True,False,False,False,False,False,False,False,False,False,True,False,True,False,False,False,True,True,False,False,False,True,True
60.0,7200,7,0.0,3,4,1,4,0,596,596,0,1,998,764,1762,1,1,1,4,1,2,8,6,0,1989.0,3,2,576,5,5,0,36,0,221,0,157000,0,2.5,221,2358,2,86,56,0,False,True,False,True,False,False,False,False,False,False,False,False,False,False,True,False,False,False,False,False,True,False,False,False,True,False,True,False,False,False,False,False,True,True,False,True,False,False,False,False,False,True,False,False,True,False,True,True
90.14267780486315,25339,5,0.0,3,2,4,4,0,816,816,0,1,1416,0,1416,0,2,0,3,1,2,7,6,0,2007.0,3,2,576,5,5,0,0,0,112,0,112000,0,2.0,112,2232,1,89,0,0,True,False,False,True,False,False,False,False,False,False,False,False,False,False,False,True,False,False,False,False,True,False,False,False,False,True,False,False,False,False,False,False,True,True,False,True,False,False,False,False,False,True,True,False,False,False,True,True
60.0,9060,6,0.0,3,4,4,2,204,356,560,4,1,698,560,1258,0,1,0,2,1,3,6,6,0,1939.0,3,1,280,5,5,1,0,0,0,0,105000,0,1.0,0,1818,2,70,59,0,True,False,False,True,False,False,False,False,True,False,False,False,False,False,False,False,False,False,False,False,True,False,False,False,False,True,False,False,False,False,False,False,False,False,False,True,False,False,False,False,False,True,False,False,True,False,True,True
40.0,5436,4,0.0,3,2,4,4,735,61,796,2,1,796,358,1154,1,1,0,3,1,2,7,6,0,1922.0,3,1,240,5,5,0,0,96,0,0,125500,0,2.0,96,1950,2,88,3,0,False,True,False,True,False,False,False,False,False,True,False,False,False,False,False,False,False,False,False,False,True,False,False,False,False,True,False,False,False,False,False,True,False,False,False,True,False,False,False,False,False,True,False,False,True,False,True,True
80.0,16692,7,184.0,3,4,2,4,790,133,1392,4,1,1392,1392,2784,1,3,1,5,1,2,12,6,2,1978.0,2,2,564,5,5,2,0,112,0,440,250000,3,4.5,552,4176,2,28,28,0,True,False,False,False,False,False,False,False,False,False,False,False,False,False,False,False,False,False,False,False,False,False,False,False,True,True,False,False,False,False,False,False,False,False,True,False,False,True,False,False,False,True,True,False,False,False,True,True
60.0,8520,6,0.0,3,2,4,4,168,0,714,4,0,1664,862,2526,0,2,0,5,1,2,10,6,1,1916.0,3,1,216,5,5,2,88,15,0,0,136000,4,2.0,15,3240,2,91,57,0,False,True,False,True,False,False,False,False,False,False,False,False,False,False,True,False,False,False,False,False,False,False,False,False,False,True,False,False,False,False,False,False,False,False,False,True,False,False,False,False,False,True,False,False,True,False,False,False
42.0,14892,9,160.0,0,4,0,1,1320,426,1746,0,1,1746,0,1746,1,2,0,3,1,0,7,6,2,2006.0,0,3,758,5,5,2,201,39,0,0,377500,4,3.0,39,3492,1,3,2,0,True,False,False,False,True,True,False,False,False,False,False,False,False,False,False,False,False,False,False,False,True,False,False,False,False,True,False,False,False,False,False,True,False,False,False,False,True,False,True,False,False,True,True,False,False,False,True,True
60.0,6000,6,0.0,3,2,4,4,375,360,735,0,1,869,349,1218,0,1,0,3,1,3,6,6,1,2003.0,3,2,440,5,5,2,0,0,0,0,131000,4,1.5,0,1953,2,66,57,0,False,True,False,True,False,False,False,True,False,False,False,False,False,False,False,False,False,False,False,False,True,False,False,False,False,True,False,False,False,False,False,False,True,True,False,True,False,False,False,False,False,True,False,False,True,False,True,True
70.0,9100,7,244.0,2,4,2,0,1400,125,1525,0,1,1525,0,1525,1,2,0,3,1,2,6,6,0,2000.0,2,2,541,5,5,2,219,36,0,0,235000,0,3.0,36,3050,1,6,6,0,True,False,False,True,False,False,False,False,False,False,False,False,False,False,False,False,False,False,False,False,True,False,False,False,False,True,False,False,False,False,False,True,False,False,True,False,False,False,True,False,False,True,True,False,False,False,True,True
65.0,8944,5,0.0,3,4,4,4,0,1584,1584,4,1,1584,0,1584,0,2,0,4,2,3,8,4,0,1967.0,3,3,792,5,5,2,0,152,0,0,124000,0,2.0,152,3168,1,42,42,0,True,False,False,True,False,False,False,False,False,False,False,True,False,False,False,False,False,False,False,False,True,False,True,False,False,True,False,False,False,False,False,False,False,False,False,True,False,True,False,False,False,True,False,False,True,False,True,True
68.0,7838,5,0.0,3,4,4,0,769,95,864,4,1,900,0,900,1,1,0,3,1,3,6,6,1,1967.0,2,1,288,5,5,2,175,144,0,0,123000,1,2.0,144,1764,1,39,39,0,True,False,False,True,False,False,False,False,False,False,False,True,False,False,False,False,False,False,False,False,True,False,False,False,False,True,False,False,False,True,False,False,False,False,False,True,False,True,False,False,False,True,True,False,False,False,True,True
60.0,10800,6,0.0,3,4,1,4,0,482,482,0,0,1221,691,1912,0,2,0,3,2,3,7,6,1,2003.0,3,2,672,2,5,2,0,25,212,0,163000,3,2.0,237,2394,2,103,8,0,False,True,False,True,False,False,False,False,False,False,False,False,False,False,True,False,False,False,False,False,True,True,False,False,False,True,False,False,False,False,False,False,True,True,False,True,False,False,False,False,False,True,False,False,True,False,True,True
53.0,4045,7,45.0,2,4,2,0,1070,286,1356,0,1,1500,0,1500,1,2,0,2,1,2,6,6,1,2006.0,0,3,648,5,5,2,161,20,0,0,246578,4,3.0,20,2856,1,0,0,1,True,False,False,True,False,False,False,False,False,False,False,False,False,False,False,False,False,False,False,False,True,False,False,False,False,False,True,False,False,False,False,True,False,False,True,False,False,False,True,False,False,True,True,False,False,True,False,False
88.0,12665,8,245.0,2,4,2,1,0,1094,1094,0,1,1133,1349,2482,0,2,1,4,1,2,9,6,1,2005.0,0,3,642,5,5,2,144,39,0,0,281213,4,2.5,39,3576,2,2,1,0,True,False,False,False,False,False,False,False,False,False,False,False,False,False,False,False,False,False,True,False,True,False,False,False,True,False,True,False,False,False,False,True,False,False,True,False,False,False,True,False,False,True,False,True,False,False,True,True
131.74673277792832,57200,5,0.0,3,4,4,0,353,60,747,4,1,1687,0,1687,1,1,0,3,1,3,7,2,2,1966.0,3,2,572,5,5,0,0,0,50,0,160000,3,2.0,50,2434,1,62,60,0,True,False,False,False,False,False,False,False,False,False,False,False,False,False,False,False,False,False,True,False,True,False,False,False,False,True,False,False,False,False,False,False,True,True,False,True,False,True,False,False,False,True,False,False,True,False,True,True
51.0,6120,5,0.0,3,4,4,2,0,939,939,0,1,939,574,1513,0,1,1,4,1,3,8,6,0,1933.0,3,1,180,1,1,0,24,0,150,0,137500,0,1.5,150,2452,2,87,3,0,False,True,False,True,False,False,False,True,False,False,False,False,False,False,False,False,False,False,False,False,True,False,False,False,True,True,False,False,False,False,True,False,False,False,False,True,False,False,False,False,False,True,False,False,True,False,True,True
60.0,7200,5,0.0,3,4,4,4,180,676,1208,2,1,1136,768,1904,1,1,1,3,1,3,7,2,0,1950.0,3,1,240,5,5,2,0,0,168,0,138000,0,2.5,168,3112,2,59,27,0,True,False,False,True,False,False,False,False,False,False,False,True,False,False,False,False,False,False,False,False,True,False,False,False,False,True,False,False,False,False,False,True,False,True,False,True,False,True,False,False,False,False,True,False,False,False,True,True
51.0,6171,6,0.0,3,4,4,4,264,712,976,0,1,1160,448,1608,0,2,1,3,1,2,7,6,1,1925.0,3,1,216,1,5,2,147,16,0,0,137450,4,2.5,16,2584,2,84,19,0,True,False,False,True,False,False,False,False,False,False,False,False,False,False,False,False,False,False,False,False,True,False,False,False,False,True,False,False,False,False,False,False,False,False,False,True,False,False,False,False,False,True,False,False,True,False,True,True
50.0,6000,6,0.0,3,4,4,4,0,862,862,4,1,950,208,1158,0,1,0,3,1,3,5,6,1,1929.0,2,1,208,5,5,2,0,0,112,0,120000,4,1.0,112,2020,2,79,58,0,False,True,False,True,False,False,False,True,False,False,False,False,False,False,False,False,False,False,False,False,True,False,False,False,False,True,False,False,False,False,False,False,False,False,False,True,False,False,False,False,False,True,False,True,False,False,True,True
62.0,7415,6,0.0,3,4,4,4,759,80,839,0,1,864,729,1593,1,2,1,3,1,3,8,6,1,2004.0,0,2,398,5,5,2,100,75,0,0,193000,3,3.5,75,2432,2,4,4,0,True,False,False,False,False,False,False,False,False,False,False,False,False,False,False,False,False,False,False,False,True,False,False,False,True,True,False,False,False,False,False,True,False,False,False,True,False,False,True,False,False,True,True,False,False,False,True,True
64.0,6762,7,0.0,2,4,2,0,0,1286,1286,0,1,1294,0,1294,0,2,0,2,1,2,6,6,1,2006.0,2,2,662,5,5,2,168,55,0,0,193879,4,2.0,55,2580,1,0,0,1,True,False,False,True,False,False,False,False,False,False,False,False,False,False,False,False,False,False,False,False,True,False,False,False,False,True,False,False,False,False,False,True,False,False,False,True,False,False,True,False,False,True,True,False,False,True,False,False
49.0,15256,8,84.0,2,4,2,1,929,556,1485,0,1,1464,0,1464,1,2,0,3,1,2,6,6,0,2007.0,3,3,754,5,5,2,168,160,0,0,282922,0,3.0,160,2949,1,0,0,1,True,False,False,False,False,True,False,False,False,False,False,False,False,False,False,False,True,False,False,False,False,False,False,False,False,True,False,False,False,False,False,True,False,False,False,False,True,False,True,False,False,True,True,False,False,False,True,True
60.0,10410,3,0.0,3,4,4,4,0,672,672,4,1,694,520,1214,0,1,0,3,1,3,6,6,0,1998.0,3,3,936,5,5,2,216,0,160,0,105000,0,1.0,160,1886,2,91,56,0,True,False,False,True,False,False,False,False,False,False,False,False,False,False,True,False,False,False,False,False,False,False,False,False,False,True,False,False,False,False,False,False,True,True,False,True,False,False,True,False,False,True,False,False,True,False,True,False
44.0,3842,8,174.0,2,4,0,1,1373,221,1594,0,1,1646,0,1646,1,2,0,2,1,2,5,6,1,2004.0,0,2,482,5,5,2,128,53,0,155,275000,4,3.5,208,3240,1,4,3,0,False,True,False,False,True,False,False,False,False,False,False,False,False,False,False,False,False,False,False,False,True,False,False,False,False,False,True,False,True,False,False,False,False,False,False,False,True,False,True,False,False,True,True,False,False,False,True,True
70.0,8445,5,0.0,3,4,2,0,656,112,768,4,1,768,0,768,1,1,0,2,1,3,5,6,0,1988.0,3,2,396,5,5,2,58,0,0,0,133000,0,2.0,0,1536,1,37,2,0,True,False,False,True,False,False,False,False,False,False,False,False,False,False,False,False,False,False,False,False,True,False,False,False,False,True,False,False,False,True,False,False,False,False,False,True,False,True,False,False,False,True,False,False,True,False,True,True
68.5199557842428,8780,5,0.0,3,4,4,4,625,208,833,0,1,833,0,833,1,1,0,3,1,3,5,6,0,0.0,1,0,0,3,3,2,0,0,0,0,112000,0,2.0,0,1666,1,24,24,0,True,False,False,False,False,False,False,False,False,False,False,False,False,False,False,False,False,False,False,False,True,False,False,False,False,True,False,False,False,True,False,False,False,False,False,True,False,True,False,False,False,True,False,False,False,False,True,True
60.0,7740,4,0.0,3,4,1,4,0,622,622,2,1,741,622,1363,0,1,0,3,1,3,6,6,0,1966.0,3,2,528,5,5,2,0,0,0,168,125500,0,1.0,168,1985,2,100,60,0,False,True,False,True,False,False,False,False,False,False,False,False,False,False,True,False,False,False,False,False,True,False,False,False,True,True,False,False,False,False,False,True,False,False,False,True,False,True,False,False,False,True,False,False,True,False,True,True
46.0,20544,7,123.0,3,2,2,4,0,791,791,2,1,1236,857,2093,0,2,1,3,1,3,7,6,1,1986.0,0,2,542,5,5,2,364,63,0,0,215000,3,2.5,63,2884,2,22,17,0,True,False,False,False,False,True,False,False,False,False,False,False,False,False,False,False,False,False,False,False,True,False,False,False,True,True,False,False,False,False,False,False,False,False,True,False,False,True,False,False,False,True,True,False,False,False,True,True
79.0,12420,7,0.0,2,4,2,4,666,278,944,0,1,944,896,1840,1,2,1,3,1,2,6,6,0,2001.0,2,2,622,5,5,2,0,45,0,0,230000,0,3.5,45,2784,2,8,8,0,True,False,False,True,False,False,False,False,False,False,False,False,False,False,False,False,False,False,False,False,True,False,False,False,True,True,False,False,False,False,False,True,False,False,False,True,False,False,True,False,False,True,True,False,False,False,True,True
80.0,9600,6,0.0,3,2,4,4,120,736,856,0,1,1112,556,1668,0,1,1,3,1,3,6,3,0,1950.0,3,1,271,5,5,2,0,0,0,0,140000,0,1.5,0,2524,2,59,4,0,True,False,False,True,False,False,False,False,False,False,False,True,False,False,False,False,False,False,False,False,True,False,False,False,False,True,False,False,False,False,False,True,False,False,False,True,False,True,False,False,False,True,True,False,False,False,True,True
60.0,7200,4,0.0,3,4,3,3,0,0,0,1,0,1040,0,1040,0,2,0,2,2,3,6,6,0,1956.0,3,2,420,5,5,2,0,0,0,0,90000,0,2.0,0,1040,1,60,59,0,True,False,False,True,False,False,False,False,False,False,False,True,False,False,False,False,False,False,False,False,True,False,True,False,False,True,False,False,False,False,False,False,False,False,False,True,False,False,False,True,True,False,False,False,True,False,True,True
88.0,10994,8,366.0,2,4,2,4,976,868,1844,0,1,1844,0,1844,1,2,0,2,1,2,7,6,1,2005.0,0,2,620,5,5,2,165,44,0,0,257000,4,3.0,44,3688,1,4,3,0,True,False,False,False,False,False,False,False,False,False,False,False,False,False,False,False,False,False,False,False,True,False,False,False,False,True,False,False,False,False,False,True,False,False,False,False,True,False,True,False,False,True,True,False,False,False,False,False
64.0,13053,6,0.0,3,4,4,4,0,833,833,2,1,1053,795,1848,0,1,1,4,1,2,8,6,1,1922.0,3,2,370,5,5,0,0,0,0,220,207000,4,1.5,220,2681,2,85,8,0,True,False,False,True,False,False,False,True,False,False,False,False,False,False,False,False,False,False,False,False,True,False,False,False,False,False,False,False,False,False,False,False,True,True,False,True,False,False,False,False,False,True,False,False,True,False,True,True
51.0,3635,7,130.0,2,4,2,4,988,398,1386,0,1,1569,0,1569,0,2,0,1,1,2,7,6,1,2007.0,2,3,660,5,5,2,143,20,0,0,175900,3,2.5,20,2955,1,2,2,0,True,False,False,True,False,False,False,False,False,False,False,False,False,False,False,False,False,False,False,False,True,False,False,False,False,False,True,False,False,False,False,True,False,False,True,False,False,False,True,False,False,True,True,False,False,False,True,True
60.0,11340,4,0.0,3,4,4,4,0,777,777,2,1,1246,1044,2290,0,2,0,4,2,3,11,6,0,1971.0,3,2,560,5,5,0,0,0,114,0,122500,0,2.0,114,3067,2,125,60,0,False,True,False,True,False,False,False,False,False,False,False,False,False,False,True,False,False,False,False,False,True,True,False,False,True,True,False,False,False,False,False,True,False,False,False,True,False,False,True,False,False,True,False,False,True,False,True,True
78.65948332154076,16545,8,731.0,2,4,2,2,781,503,1284,0,1,1310,1140,2450,1,2,1,3,1,2,7,6,1,1998.0,0,3,1069,5,5,2,0,126,0,0,340000,3,3.5,126,3734,2,11,11,0,True,False,False,False,False,False,False,False,False,False,False,False,True,False,False,False,False,False,False,False,True,False,False,False,True,True,False,False,False,False,False,True,False,False,True,False,False,False,True,False,False,True,True,False,False,False,True,True
71.0,9204,5,0.0,3,4,4,4,25,247,1144,4,1,1144,0,1144,1,1,1,3,1,3,6,6,0,1962.0,3,1,336,5,5,2,0,88,0,0,124000,0,2.5,88,2288,1,45,45,0,True,False,False,True,False,False,False,False,False,False,False,True,False,False,False,False,False,False,False,False,True,False,False,False,False,True,False,False,False,True,False,False,False,False,False,True,False,True,False,False,False,True,False,False,True,False,False,True
78.44533232139693,16381,6,312.0,2,2,4,0,1110,734,1844,2,1,1844,0,1844,1,2,0,3,1,2,7,6,1,1969.0,2,2,540,5,5,2,0,73,216,0,223000,3,3.0,289,3688,1,37,37,0,True,False,False,False,False,False,False,False,False,False,False,False,False,False,False,False,False,False,False,False,True,False,False,False,False,True,False,False,False,False,False,False,False,False,True,False,False,True,False,False,False,True,True,False,False,False,True,True
90.0,11700,6,420.0,3,4,4,4,404,304,708,2,1,708,708,1416,0,2,1,3,1,3,7,6,1,1968.0,2,2,776,5,5,2,0,169,0,119,179900,3,2.5,288,2124,2,38,38,0,True,False,False,True,False,False,False,False,False,False,False,False,False,False,False,False,False,False,False,False,True,False,False,False,True,True,False,False,False,True,False,False,False,False,True,False,False,True,False,False,False,True,True,False,False,False,True,True
53.0,4043,6,0.0,3,4,2,4,360,709,1069,4,1,1069,0,1069,0,2,0,2,1,3,4,6,1,1977.0,2,2,440,5,5,2,0,55,0,165,127500,2,2.0,220,2138,1,33,33,0,True,False,False,True,False,False,False,False,False,False,False,False,False,False,False,False,False,False,False,False,True,False,False,False,False,True,False,False,False,False,False,False,False,False,False,True,False,True,False,False,False,True,True,False,False,False,True,True
37.0,4435,6,170.0,2,4,2,0,686,162,848,0,1,848,0,848,1,1,0,1,1,2,3,6,0,2003.0,0,2,420,5,5,2,140,0,0,0,136500,0,2.0,0,1696,1,5,5,0,False,True,False,True,False,False,False,False,False,False,False,False,False,False,False,False,False,False,False,False,True,False,False,False,False,True,False,False,False,False,False,True,False,False,True,False,False,False,True,False,False,True,True,False,False,False,True,True
82.76622048893319,19690,6,0.0,2,2,2,0,0,697,697,4,1,1575,626,2201,0,2,0,4,1,2,8,6,1,1966.0,3,2,432,2,2,2,586,236,0,0,274970,4,2.0,236,2898,2,40,40,0,True,False,False,False,False,True,False,False,True,False,False,False,False,False,False,False,False,False,False,False,True,False,False,False,False,False,False,False,False,False,False,False,False,False,False,True,False,True,False,False,False,True,True,False,False,False,True,False
69.46404830316956,9503,5,0.0,3,4,4,4,457,193,1024,4,1,1344,0,1344,1,1,0,2,1,3,6,2,1,1970.0,3,1,484,5,5,2,316,28,0,0,144000,3,2.0,28,2368,1,49,24,0,True,False,False,True,False,False,False,False,False,False,False,True,False,False,False,False,False,False,False,False,True,False,False,False,False,False,True,False,False,True,False,False,False,False,False,True,False,True,False,False,False,True,False,False,True,False,True,True
80.0,10721,6,243.0,2,4,4,4,0,1252,1252,0,1,1252,0,1252,0,1,0,3,1,2,7,6,0,1960.0,3,2,528,5,5,2,0,39,0,0,142000,0,1.0,39,2504,1,49,49,0,True,False,False,False,False,False,False,False,False,False,False,True,False,False,False,False,False,False,False,False,True,False,False,False,False,False,True,False,False,True,False,False,False,False,False,False,True,True,False,False,False,True,False,False,True,False,True,True
81.0,10944,7,448.0,2,4,2,4,1000,223,1223,0,1,1223,904,2127,1,2,1,3,1,2,5,6,2,1994.0,2,2,525,5,5,2,171,132,0,0,271000,3,3.5,132,3350,2,14,14,0,True,False,False,False,False,False,False,False,False,False,False,False,True,False,False,False,False,False,False,False,True,False,False,False,True,True,False,False,False,False,False,True,False,False,True,False,False,False,True,False,False,True,True,False,False,False,True,True
60.0,10930,5,0.0,3,4,4,4,580,333,913,4,1,1048,510,1558,1,1,1,3,1,3,6,6,1,1962.0,3,1,288,5,5,2,0,0,0,0,140000,3,2.5,0,2471,2,63,58,0,True,False,False,True,False,False,False,False,False,False,False,True,False,False,False,False,False,False,False,False,False,False,False,False,False,True,False,False,False,False,True,False,False,False,False,True,False,True,False,False,False,False,True,False,False,False,True,True
60.0,7200,5,294.0,3,2,4,4,510,278,788,4,1,804,0,804,1,1,0,2,1,2,4,6,2,1940.0,3,1,240,5,5,2,0,0,154,0,119000,4,2.0,154,1592,1,70,18,0,False,True,False,True,False,False,False,False,False,False,False,False,False,False,True,False,False,False,False,False,True,False,False,False,False,True,False,False,False,False,True,False,False,False,False,False,True,True,False,False,False,True,True,False,False,False,True,False
73.43759399486278,12546,6,310.0,2,2,2,4,678,762,1440,0,1,1440,0,1440,0,2,0,3,1,2,7,6,1,1981.0,0,2,467,5,5,2,0,0,99,0,182900,3,2.0,99,2880,1,26,26,0,True,False,False,False,False,False,False,False,False,False,False,False,False,False,False,False,False,False,False,False,True,False,False,False,False,True,False,False,False,False,True,False,False,False,True,False,False,True,False,False,False,True,True,False,False,False,True,True
60.0,21930,5,0.0,2,4,2,0,0,732,732,0,1,734,1104,1838,0,2,1,4,1,3,7,6,1,2005.0,0,2,372,5,5,2,100,40,0,0,192140,4,2.5,40,2570,2,1,1,0,True,False,False,False,False,False,False,False,False,False,False,False,False,False,False,False,False,False,False,False,False,False,False,False,True,True,False,False,False,False,False,True,False,False,False,True,False,False,True,False,False,True,False,True,False,False,True,True
63.49001887842543,4928,6,0.0,3,4,2,4,958,0,958,4,1,958,0,958,0,2,0,2,1,3,5,6,0,1976.0,2,2,440,5,5,2,0,60,0,0,143750,0,2.0,60,1916,1,33,33,0,True,False,False,False,False,False,False,False,False,False,False,False,False,False,False,False,False,False,False,False,True,False,False,False,False,True,False,False,False,False,False,False,False,False,False,True,False,True,False,False,False,True,True,False,False,False,True,True
60.0,10800,4,0.0,3,4,4,4,0,656,656,4,1,968,0,968,0,2,0,4,1,3,5,6,0,1928.0,3,1,216,1,1,2,0,0,0,0,64500,0,2.0,0,1624,1,80,0,0,True,False,False,True,False,False,False,False,False,False,False,False,False,False,True,False,False,False,False,False,True,False,False,False,False,True,False,False,False,False,False,False,True,True,False,True,False,False,False,False,False,True,False,False,True,False,True,True
93.0,10261,6,318.0,3,4,2,4,0,936,936,0,1,962,830,1792,1,2,1,3,1,3,8,6,1,2000.0,0,2,451,5,5,2,0,0,0,0,186500,3,3.5,0,2728,2,8,8,0,True,False,False,False,False,False,False,False,False,False,False,False,False,False,False,False,False,False,False,False,True,False,False,False,True,True,False,False,False,False,False,True,False,False,True,False,False,False,True,False,False,True,True,False,False,False,True,True
80.0,17400,5,0.0,3,4,4,4,936,190,1126,1,1,1126,0,1126,1,2,0,3,1,3,5,6,1,1977.0,2,2,484,5,5,1,295,41,0,0,160000,4,3.0,41,2252,1,29,29,0,True,False,False,True,False,False,False,False,False,False,False,False,False,False,False,False,False,False,False,False,True,False,False,False,False,True,False,False,False,False,False,False,False,False,False,True,False,True,False,False,False,True,True,False,False,False,True,True
80.0,8400,6,237.0,2,2,4,4,0,1319,1319,4,1,1537,0,1537,1,1,1,3,1,2,7,6,1,1962.0,2,2,462,5,5,2,0,36,0,0,174000,4,2.5,36,2856,1,46,3,0,True,False,False,True,False,False,False,False,False,False,False,True,False,False,False,False,False,False,False,False,True,False,False,False,False,True,False,False,False,False,False,False,True,True,True,False,False,True,False,False,False,True,True,False,False,False,False,False
60.0,9000,4,0.0,3,4,4,4,616,248,864,4,1,864,0,864,0,1,0,3,1,3,5,6,0,1974.0,3,2,528,5,5,2,0,0,0,0,120500,0,1.0,0,1728,1,36,36,0,True,False,False,True,False,False,False,False,False,False,False,True,False,False,False,False,False,False,False,False,True,False,False,False,False,True,False,False,False,True,False,False,False,False,False,True,False,False,True,False,False,True,False,False,True,False,True,True
96.0,12444,8,426.0,0,4,0,0,1336,596,1932,0,1,1932,0,1932,1,2,0,2,1,0,7,6,1,2008.0,0,3,774,5,5,2,0,66,0,0,394617,4,3.0,370,3864,1,0,0,1,True,False,False,True,False,False,False,False,False,False,False,False,False,True,False,False,False,False,False,False,True,False,False,False,False,False,True,False,False,False,False,True,False,False,False,False,True,False,True,False,False,True,True,False,False,True,False,False
90.0,7407,6,0.0,3,4,4,4,600,312,912,4,1,1236,0,1236,1,1,0,2,1,3,6,6,0,1957.0,3,2,923,5,5,2,0,158,158,0,149700,0,2.0,316,2148,1,53,14,0,False,True,False,True,False,False,False,False,False,False,False,False,False,False,True,False,False,False,False,False,False,False,False,False,False,True,False,False,False,False,True,False,False,False,False,True,False,True,False,False,False,False,True,False,False,False,True,True
80.0,11584,7,96.0,3,4,4,4,315,114,539,4,1,1040,685,1725,0,2,1,3,1,3,6,6,1,1979.0,2,2,550,5,5,2,0,88,216,0,197000,3,2.5,304,2264,2,28,28,0,True,False,False,True,False,False,False,False,False,False,False,False,False,False,False,False,False,False,False,False,True,False,False,False,False,False,True,False,False,True,False,False,False,False,True,False,False,True,False,False,False,True,True,False,False,False,True,True
79.0,11526,6,0.0,3,4,0,4,0,588,588,1,1,1423,748,2555,0,2,0,3,1,3,11,2,1,1993.0,0,2,672,5,5,2,431,0,0,0,191000,4,2.0,0,2759,2,86,14,0,True,False,False,False,False,False,False,False,False,False,False,False,False,False,False,False,False,False,False,False,True,False,False,False,False,True,False,False,False,False,True,False,False,False,False,True,False,False,False,False,False,True,False,False,True,False,True,True
62.834507890180284,4426,6,147.0,2,4,2,0,697,151,848,0,1,848,0,848,1,1,0,1,1,2,3,6,1,2004.0,2,2,420,5,5,2,149,0,0,0,149300,3,2.0,0,1696,1,4,4,0,False,True,False,True,False,False,False,False,False,False,False,False,False,False,False,False,False,False,False,False,True,False,False,False,False,True,False,False,False,False,False,True,False,False,True,False,False,False,True,False,False,True,True,False,False,False,True,True
85.0,11003,10,160.0,0,4,0,0,765,252,1017,0,1,1026,981,2007,1,2,1,3,1,0,10,6,1,2008.0,0,3,812,5,5,2,168,52,0,0,310000,5,3.5,52,3024,2,1,1,0,False,False,False,True,False,False,False,False,False,False,False,False,False,False,False,False,True,False,False,False,True,False,False,False,True,True,False,False,False,False,False,True,False,False,False,False,True,False,True,False,False,True,True,False,False,False,True,True
68.61658489406379,8854,6,0.0,3,4,4,4,0,952,952,1,0,952,0,952,0,1,0,2,1,1,4,6,1,1916.0,3,1,192,1,4,1,0,98,0,40,121000,4,1.0,138,1904,1,93,59,0,True,False,False,True,False,False,False,True,False,False,False,False,False,False,False,False,False,False,False,False,True,False,False,False,False,True,False,False,False,False,False,False,True,True,False,True,False,False,False,False,True,False,False,False,True,False,True,True
63.0,8500,7,106.0,2,4,2,0,0,1422,1422,0,1,1422,0,1422,0,2,0,3,1,2,7,6,0,2004.0,2,2,626,5,5,2,192,60,0,0,179600,0,2.0,60,2844,1,3,3,0,True,False,False,True,False,False,False,False,False,False,False,False,False,False,False,False,False,False,False,False,True,False,False,False,False,True,False,False,False,False,False,True,False,False,True,False,False,False,True,False,False,True,True,False,False,False,True,True
70.0,8400,6,0.0,3,4,4,1,187,0,814,2,1,913,0,913,1,1,0,3,1,3,6,6,0,1990.0,3,1,240,5,5,2,0,0,252,0,129000,0,2.0,252,1727,1,41,41,0,True,False,False,True,False,False,False,False,False,False,False,False,False,False,False,True,False,False,False,False,True,False,False,False,False,True,False,False,False,False,False,True,False,False,False,True,False,True,False,False,False,True,False,False,True,False,True,True
91.19123422629913,26142,5,189.0,3,4,4,4,593,595,1188,4,1,1188,0,1188,0,1,0,3,1,3,6,6,0,1962.0,3,1,312,5,5,1,261,39,0,0,157900,0,1.0,39,2376,1,48,48,0,True,False,False,False,False,True,False,False,False,False,False,False,False,False,False,False,False,False,False,False,True,False,False,False,False,True,False,False,False,True,False,False,False,False,True,False,False,True,False,False,False,True,True,False,False,False,True,True
80.0,10000,8,438.0,2,4,2,4,1079,141,1220,0,1,1220,870,2090,1,2,1,3,1,2,8,6,1,1995.0,2,2,556,5,5,2,0,65,0,0,240000,3,3.5,65,3310,2,12,11,0,True,False,False,True,False,False,False,False,False,False,False,False,False,False,False,False,False,False,False,False,True,False,False,False,True,True,False,False,False,False,False,True,False,False,True,False,False,False,True,False,False,True,True,False,False,False,True,True
70.0,11767,4,0.0,3,4,1,4,0,560,560,2,0,796,550,1346,0,1,1,2,1,3,6,3,0,1950.0,3,1,384,1,5,2,168,24,0,0,112000,0,1.5,24,1906,2,97,7,0,True,False,False,True,False,False,False,False,True,False,False,False,False,False,False,False,False,False,False,False,True,False,False,False,True,True,False,False,False,False,True,False,False,False,False,True,False,True,False,False,False,True,False,False,True,False,True,True
21.0,1533,5,0.0,3,4,2,0,553,77,630,0,1,630,0,630,1,1,0,1,1,0,3,6,0,0.0,1,0,0,3,3,2,0,0,0,0,92000,0,2.0,0,1260,1,36,36,0,False,True,False,True,False,False,False,False,False,False,True,False,False,False,False,False,False,False,False,False,True,False,False,True,False,True,False,False,True,False,False,False,False,False,False,True,False,True,False,False,False,True,False,False,False,False,True,False
60.0,9000,5,0.0,3,4,2,4,0,896,896,4,1,896,896,1792,0,2,2,4,2,3,8,6,0,0.0,1,0,0,3,3,2,32,45,0,0,136000,0,3.0,45,2688,2,35,35,0,True,False,False,True,False,False,False,False,False,False,False,True,False,False,False,False,False,False,False,False,True,False,True,False,True,True,False,False,False,False,False,True,False,False,False,True,False,True,False,False,False,True,False,False,False,False,True,True
78.0,9262,8,194.0,2,4,2,4,0,1573,1573,0,1,1578,0,1578,0,2,0,3,1,0,7,6,1,2008.0,0,3,840,5,5,2,0,36,0,0,287090,4,2.0,36,3151,1,1,0,0,True,False,False,True,False,False,False,False,False,False,False,False,False,False,False,False,True,False,False,False,True,False,False,False,False,True,False,False,True,False,False,False,False,False,False,False,True,False,True,False,False,True,True,False,False,True,False,False
35.0,3675,5,80.0,3,4,2,1,547,0,547,2,1,1072,0,1072,1,1,0,2,1,3,5,6,0,2005.0,0,2,525,5,5,2,0,28,0,0,145000,0,2.0,28,1619,1,1,1,0,False,True,False,True,False,False,False,False,True,False,False,False,False,False,False,False,False,False,False,False,True,False,False,False,False,True,False,False,False,False,False,True,False,False,True,False,False,False,True,False,False,True,False,False,False,False,True,True
90.0,17217,5,0.0,3,4,2,4,0,1140,1140,0,1,1140,0,1140,0,1,0,3,1,3,6,6,0,0.0,1,0,0,3,3,2,36,56,0,0,84500,0,1.0,56,2280,1,0,0,1,True,False,False,True,False,False,False,False,False,False,False,False,False,False,False,False,False,False,False,False,True,False,False,False,False,True,False,False,False,False,False,True,False,False,False,True,False,False,True,False,False,True,False,False,False,False,True,False
62.0,7500,7,0.0,2,4,2,4,410,811,1221,0,1,1221,0,1221,1,2,0,2,1,2,6,6,0,2004.0,2,2,400,5,5,2,0,113,0,0,185000,0,3.0,113,2442,1,5,4,0,False,False,False,True,False,False,False,False,False,False,False,False,False,False,False,False,True,False,False,False,True,False,False,False,False,True,False,False,False,False,False,True,False,False,False,True,False,False,True,False,False,True,True,False,False,False,True,True
62.0,7917,6,0.0,3,4,2,4,0,953,953,0,1,953,694,1647,0,2,1,3,1,3,7,6,1,1999.0,2,2,460,5,5,2,0,40,0,0,175000,3,2.5,40,2600,2,8,7,0,True,False,False,True,False,False,False,False,False,False,False,False,False,False,False,False,False,False,False,False,True,False,False,False,True,True,False,False,False,False,False,True,False,False,False,True,False,False,True,False,False,True,True,False,False,False,True,True
85.0,13175,6,119.0,3,4,2,4,790,589,1542,4,1,2073,0,2073,1,2,0,3,1,3,7,2,2,1978.0,3,2,500,5,5,2,349,0,0,0,210000,3,3.0,0,3615,1,32,22,0,True,False,False,True,False,False,False,False,False,False,False,False,False,False,False,False,False,False,False,False,True,False,False,False,False,True,False,False,False,False,False,False,False,False,False,False,True,True,False,False,False,True,True,False,False,False,True,True
66.0,9042,7,0.0,0,2,4,4,275,877,1152,0,1,1188,1152,2340,0,2,0,4,1,2,9,6,2,1941.0,2,1,252,5,5,2,0,60,0,0,266500,4,2.0,60,3492,2,69,4,0,True,False,False,True,False,False,False,False,False,False,False,False,False,False,False,False,False,False,False,False,True,False,False,False,True,True,False,False,True,False,False,False,False,False,False,True,False,False,False,False,False,True,True,False,False,False,True,True
68.0,9717,5,0.0,3,4,4,2,49,0,1078,2,1,1078,0,1078,1,1,0,2,1,2,5,6,0,1950.0,3,1,240,5,5,2,366,0,112,0,142125,0,2.0,112,2156,1,60,14,0,True,False,False,True,False,False,False,False,False,False,False,True,False,False,False,False,False,False,False,False,True,False,False,False,False,False,True,False,False,False,True,False,False,False,False,True,False,True,False,False,False,False,True,False,False,False,True,True
75.0,9937,5,0.0,2,4,4,4,830,136,1256,2,1,1256,0,1256,1,1,1,3,1,3,6,6,0,1965.0,0,1,276,5,5,2,736,68,0,0,147500,0,2.5,68,2512,1,43,43,0,True,False,False,True,False,False,False,False,True,False,False,False,False,False,False,False,False,False,False,False,True,False,False,False,False,True,False,False,False,True,False,False,False,False,False,True,False,True,False,False,False,True,True,False,False,False,True,True
